id_cliente,nombre,genero,fecha_registro,gasto_q,ciudad,categoria,gasto_imputado
540080,Ana Mejia,Masculino,2026-01-24,232.41,Villa Nueva,Retail,False
579164,Jorge Castillo,Femenino,2026-02-19,251.9,Quetzaltenango,Retail,True
529560,Monica Lopez,Femenino,2026-02-27,358.82,Antigua,Education,False
518822,Rene Soto,Masculino,2026-01-13,249.89,Quetzaltenango,Retail,False
550874,Diego Ramirez,Femenino,2026-01-12,105.8,Amatitlan,Education,False
537664,Lucia Perez,Masculino,2026-02-28,153.21,Amatitlan,Retail,False
505663,Ana Mejia,Masculino,2026-03-14,397.6,Guatemala,Food,False
588546,Diego Ramirez,Masculino,2026-01-21,392.56,Mixco,Services,False
541476,Rene Soto,Masculino,2026-02-07,257.38,Quetzaltenango,Retail,False
527755,Ana Diaz,No Especificado,2026-01-28,76.86,Antigua,Food,False
532967,Carlos Mendez,Masculino,2026-03-12,142.65,Guatemala,Retail,False
523232,Maria Paz,Femenino,2026-01-20,70.66,Escuintla,Retail,False
566186,Monica Lopez,Femenino,2026-02-06,140.58,Antigua,Retail,False
506187,Luis Garcia,Masculino,2026-03-17,91.3,Mixco,Food,False
505322,Mario Lopez,No Especificado,2026-02-23,37.22,Villa Nueva,Food,False
549769,Pablo Perez,Masculino,2026-02-23,171.38,Antigua,Retail,False
509309,Pablo Perez,Masculino,2026-02-25,158.99,Villa Nueva,Food,False
510578,Rene Soto,Masculino,2026-03-08,280.1,Antigua,Education,False
524765,Jorge Castillo,Masculino,2026-02-08,205.15,Villa Nueva,Retail,False
587637,Oscar Rojas,Masculino,2026-01-02,444.06,Mixco,Education,False
505500,Pedro Herrera,Masculino,2026-03-06,242.89,Escuintla,Food,False
584212,Pablo Perez,Masculino,2026-01-11,254.87,Villa Nueva,Food,False
541231,Monica Lopez,Femenino,2026-01-28,180.75,Mixco,Retail,False
506163,Patricia Soto,Femenino,2026-03-26,221.9,Amatitlan,Education,True
562950,Oscar Rojas,Masculino,2026-01-26,392.33,Guatemala,Retail,False
541296,Pedro Herrera,Masculino,2026-03-11,423.29,Guatemala,Food,False
588286,Pablo Perez,Masculino,2026-01-07,103.06,Quetzaltenango,Services,False
548924,Ana Diaz,Femenino,2026-02-06,358.02,Villa Nueva,Services,False
547098,Monica Lopez,Femenino,2026-02-18,132.21,Antigua,Food,False
581521,Patricia Soto,Femenino,2026-03-11,412.97,Amatitlan,Food,False
580106,Monica Lopez,Femenino,2026-02-14,36.54,Quetzaltenango,Education,False
556298,Mario Lopez,Masculino,2026-02-12,406.17,Antigua,Retail,False
550999,Diego Ramirez,Masculino,2026-02-26,325.17,Mixco,Education,False
538398,Mario Lopez,Masculino,2026-03-26,95.01,Villa Nueva,Education,False
566613,Maria Paz,Femenino,2026-03-09,48.09,Villa Nueva,Education,False
506476,Mario Lopez,Masculino,2026-01-24,419.86,Quetzaltenango,Education,False
593568,Ana Mejia,No Especificado,2026-03-13,229.97,Mixco,Education,False
516453,Oscar Rojas,Masculino,2026-03-01,158.53,Villa Nueva,Education,False
571348,Paola Herrera,Femenino,2026-02-08,334.33,Escuintla,Food,False
516591,Isabel Ramirez,Femenino,2026-02-24,135.52,Guatemala,Food,False
541870,Paola Morales,Femenino,2026-01-13,448.34,Mixco,Education,False
559101,Rene Soto,Masculino,2026-01-24,159.55,Mixco,Food,False
582641,Luis Garcia,Femenino,2026-02-23,221.9,Antigua,Education,True
524962,Pablo Perez,Masculino,2026-03-17,355.02,Amatitlan,Food,False
521624,Monica Lopez,Masculino,2026-01-19,195.95,Mixco,Food,False
597729,Jorge Castillo,Masculino,2026-01-10,183.15,Villa Nueva,Food,False
543227,Pedro Herrera,Masculino,2026-02-22,95.13,Mixco,Services,False
512602,Pedro Herrera,Femenino,2026-03-22,379.33,Mixco,Services,False
501430,Diego Ramirez,Masculino,2026-03-15,272.28,Escuintla,Retail,False
583787,Ana Mejia,Masculino,2026-03-21,372.18,Amatitlan,Retail,False
518581,Monica Lopez,Masculino,2026-02-25,72.07,Escuintla,Retail,False
583758,Paola Morales,Femenino,2026-02-24,346.13,Escuintla,Services,False
512789,Oscar Rojas,Masculino,2026-03-26,273.15,Villa Nueva,Food,False
518739,Jorge Castillo,Masculino,2026-02-16,83.59,Villa Nueva,Services,False
579203,Mario Lopez,No Especificado,2026-01-13,36.86,Quetzaltenango,Food,False
587911,Pablo Perez,Masculino,2026-01-23,397.5,Villa Nueva,Education,False
521279,Jorge Castillo,Masculino,2026-03-18,419.71,Quetzaltenango,Services,False
543194,Oscar Rojas,Masculino,2026-01-05,116.16,Guatemala,Food,False
500174,Diego Ramirez,Masculino,2026-02-19,135.73,Villa Nueva,Education,False
540106,Ana Mejia,Femenino,2026-02-17,4342.9,Quetzaltenango,Services,False
544470,Paola Morales,Femenino,2026-02-28,221.9,Amatitlan,Education,True
580530,Paola Herrera,Femenino,2026-02-20,322.38,Mixco,Food,False
566873,Diego Ramirez,Masculino,2026-03-08,341.7,Guatemala,Food,False
525980,Jorge Castillo,Masculino,2026-03-08,165.52,Amatitlan,Food,False
532366,Pablo Perez,Femenino,2026-02-08,79.93,Amatitlan,Education,False
573118,Pedro Herrera,Masculino,2026-01-04,384.92,Quetzaltenango,Services,False
527689,Paola Morales,Masculino,2026-01-02,73.69,Quetzaltenango,Retail,False
573540,Paola Herrera,Femenino,2026-03-10,131.32,Mixco,Education,False
542359,Mario Lopez,Masculino,2026-01-21,95.63,Quetzaltenango,Education,False
558411,Paola Morales,Masculino,2026-01-12,293.67,Guatemala,Retail,False
590503,Pablo Perez,Femenino,2026-03-26,308.59,Mixco,Services,False
512489,Pedro Herrera,Femenino,2026-02-06,29.36,Villa Nueva,Services,False
590530,Julio Morales,Masculino,2026-01-17,129.18,Quetzaltenango,Retail,False
598281,Maria Paz,Femenino,2026-03-27,37.49,Mixco,Retail,False
518608,Julio Morales,Masculino,2026-02-19,244.26,Mixco,Food,True
502338,Pedro Herrera,Masculino,2026-03-01,355.66,Escuintla,Services,False
580682,Carlos Mendez,Masculino,2026-02-17,406.33,Villa Nueva,Services,False
570976,Rene Soto,Masculino,2026-01-01,129.27,Guatemala,Services,False
563571,Pedro Herrera,Femenino,2026-01-21,398.55,Amatitlan,Education,False
585750,Isabel Ramirez,Femenino,2026-01-18,106.71,Mixco,Food,False
531264,Diego Ramirez,Masculino,2026-03-08,194.35,Escuintla,Education,False
504953,Paola Herrera,Femenino,2026-03-20,35.14,Guatemala,Education,False
524216,Ana Diaz,Femenino,2026-02-25,222.25,Guatemala,Retail,False
528538,Julio Morales,Masculino,2026-02-15,80.26,Amatitlan,Retail,False
568602,Ana Soto,Masculino,2026-01-01,272.95,Villa Nueva,Food,False
545690,Mario Lopez,Masculino,2026-01-20,27.4,Quetzaltenango,Retail,False
549701,Ana Soto,Femenino,2026-01-07,251.9,Mixco,Retail,False
539586,Luis Garcia,Femenino,2026-03-16,425.58,Quetzaltenango,Services,False
551152,Paola Herrera,Femenino,2026-01-03,209.12,Guatemala,Services,False
597637,Julio Morales,Masculino,2026-03-01,335.47,Antigua,Services,False
592429,Ana Soto,Femenino,2026-03-11,166.72,Amatitlan,Services,False
522108,Jorge Castillo,Masculino,2026-02-26,89.3,Guatemala,Food,False
573579,Oscar Rojas,Masculino,2026-01-27,164.14,Guatemala,Food,False
581605,Carlos Mendez,Femenino,2026-03-03,381.1,Mixco,Services,False
571985,Maria Paz,Femenino,2026-01-18,27.69,Mixco,Food,False
576252,Ana Diaz,Femenino,2026-03-27,170.65,Quetzaltenango,Services,False
545160,Pablo Perez,Femenino,2026-03-06,376.67,Escuintla,Retail,False
528611,Mario Lopez,Masculino,2026-02-06,135.05,Villa Nueva,Food,False
530964,Patricia Soto,Femenino,2026-02-22,307.56,Guatemala,Education,False
504840,Oscar Rojas,Masculino,2026-03-01,303.7,Mixco,Education,False
536721,Monica Lopez,Femenino,2026-03-09,286.56,Guatemala,Services,False
540124,Paola Morales,Femenino,2026-02-22,274.85,Quetzaltenango,Education,False
552827,Jorge Castillo,Masculino,2026-01-11,242.04,Quetzaltenango,Education,False
500127,Julio Morales,Masculino,2026-01-23,448.92,Escuintla,Food,False
550561,Pablo Perez,Femenino,2026-02-15,295.89,Mixco,Education,False
563047,Pedro Herrera,Masculino,2026-02-19,322.73,Escuintla,Services,False
566006,Pedro Herrera,Femenino,2026-02-21,287.65,Villa Nueva,Education,False
588126,Paola Herrera,Femenino,2026-01-17,235.94,Escuintla,Services,False
531240,Julio Morales,Masculino,2026-03-13,94.57,Quetzaltenango,Retail,False
514273,Monica Lopez,Femenino,2026-01-18,406.57,Antigua,Education,False
513963,Oscar Rojas,Masculino,2026-03-27,345.48,Mixco,Education,False
538096,Oscar Rojas,Femenino,2026-02-23,244.26,Escuintla,Food,True
588670,Maria Paz,Masculino,2026-01-28,135.12,Antigua,Retail,False
590677,Luis Garcia,Masculino,2026-02-17,396.07,Amatitlan,Education,False
576379,Luis Garcia,Femenino,2026-03-15,30.84,Quetzaltenango,Retail,False
535426,Jorge Castillo,Masculino,2026-01-21,429.68,Escuintla,Services,False
567800,Diego Ramirez,Masculino,2026-01-13,169.71,Mixco,Education,False
549971,Julio Morales,Masculino,2026-01-24,187.6,Antigua,Food,False
568724,Paola Herrera,Masculino,2026-03-27,35.59,Escuintla,Services,False
506347,Paola Morales,Femenino,2026-03-19,383.12,Guatemala,Retail,False
533739,Oscar Rojas,Masculino,2026-01-27,81.4,Amatitlan,Retail,False
559575,Pablo Perez,No Especificado,2026-02-19,369.17,Antigua,Education,False
523571,Luis Garcia,Femenino,2026-03-15,301.97,Villa Nueva,Retail,False
575516,Maria Paz,Femenino,2026-02-21,379.26,Villa Nueva,Services,False
553118,Maria Paz,Femenino,2026-01-22,386.58,Amatitlan,Education,False
535751,Carlos Mendez,Femenino,2026-02-16,105.56,Quetzaltenango,Services,False
550977,Monica Lopez,Femenino,2026-02-23,384.97,Guatemala,Retail,False
526493,Oscar Rojas,Femenino,2026-02-09,178.37,Guatemala,Education,False
568002,Mario Lopez,Masculino,2026-01-02,322.01,Villa Nueva,Food,False
531504,Mario Lopez,No Especificado,2026-01-01,239.85,Mixco,Services,False
522706,Ana Soto,Femenino,2026-02-22,384.44,Guatemala,Food,False
575671,Julio Morales,Masculino,2026-03-19,235.6,Guatemala,Retail,False
558146,Ana Soto,Femenino,2026-01-05,430.11,Guatemala,Education,False
552395,Ana Mejia,Femenino,2026-02-26,169.75,Antigua,Food,False
542867,Monica Lopez,Femenino,2026-03-03,206.18,Quetzaltenango,Food,False
517284,Ana Soto,Masculino,2026-02-22,47.78,Antigua,Retail,False
534713,Ana Soto,Femenino,2026-01-18,394.94,Antigua,Food,False
554846,Monica Lopez,Femenino,2026-02-08,375.93,Villa Nueva,Education,False
520607,Carlos Mendez,Masculino,2026-03-20,323.71,Escuintla,Food,False
506068,Ana Soto,Femenino,2026-03-14,251.9,Amatitlan,Retail,True
570059,Isabel Ramirez,Femenino,2026-03-09,321.34,Antigua,Food,False
555749,Pedro Herrera,Masculino,2026-01-25,118.25,Quetzaltenango,Retail,False
543752,Monica Lopez,Femenino,2026-03-24,286.3,Mixco,Retail,False
544063,Mario Lopez,Masculino,2026-03-01,154.89,Amatitlan,Education,False
511854,Ana Mejia,Femenino,2026-01-15,244.26,Guatemala,Food,True
573686,Jorge Castillo,Masculino,2026-03-06,212.05,Guatemala,Food,False
555887,Carlos Mendez,Masculino,2026-03-11,265.83,Mixco,Education,False
560943,Maria Paz,Femenino,2026-01-12,4031.22,Guatemala,Services,False
547018,Pablo Perez,Femenino,2026-03-16,221.9,Quetzaltenango,Education,True
513663,Patricia Soto,Femenino,2026-02-06,100.42,Villa Nueva,Food,False
597619,Patricia Soto,Masculino,2026-02-27,427.9,Mixco,Education,False
539613,Jorge Castillo,Masculino,2026-03-04,20.33,Villa Nueva,Education,False
500924,Carlos Mendez,Masculino,2026-01-01,387.18,Escuintla,Food,False
567286,Lucia Perez,Masculino,2026-01-18,36.16,Antigua,Retail,False
549805,Ana Diaz,Femenino,2026-01-11,142.62,Amatitlan,Education,False
508152,Luis Garcia,Masculino,2026-03-08,199.09,Antigua,Education,False
568782,Lucia Perez,Femenino,2026-03-19,298.1,Guatemala,Education,False
590351,Ana Mejia,Femenino,2026-02-05,251.9,Guatemala,Retail,True
552204,Patricia Soto,Masculino,2026-03-01,308.98,Villa Nueva,Retail,False
586090,Pedro Herrera,Masculino,2026-03-06,213.24,Villa Nueva,Retail,False
542982,Carlos Mendez,Masculino,2026-01-26,267.66,Guatemala,Services,False
522964,Luis Garcia,Masculino,2026-03-28,159.31,Antigua,Education,False
567803,Monica Lopez,Femenino,2026-02-15,36.08,Quetzaltenango,Education,False
513031,Lucia Perez,Femenino,2026-02-24,244.32,Mixco,Food,False
550992,Ana Soto,Femenino,2026-02-08,85.84,Amatitlan,Food,False
572828,Mario Lopez,Masculino,2026-02-07,416.4,Quetzaltenango,Education,False
523896,Mario Lopez,Femenino,2026-03-04,67.61,Villa Nueva,Food,False
576181,Luis Garcia,Masculino,2026-01-02,422.39,Villa Nueva,Retail,False
544326,Pedro Herrera,Masculino,2026-03-20,361.45,Amatitlan,Retail,False
594405,Oscar Rojas,Masculino,2026-01-02,191.87,Villa Nueva,Services,False
563739,Monica Lopez,Masculino,2026-02-13,359.77,Amatitlan,Education,False
563629,Paola Morales,Femenino,2026-03-26,77.97,Guatemala,Food,False
583605,Paola Morales,Femenino,2026-02-05,167.84,Antigua,Education,False
511098,Luis Garcia,Femenino,2026-03-19,271.7,Mixco,Retail,False
503442,Oscar Rojas,Femenino,2026-01-10,175.75,Quetzaltenango,Retail,False
514802,Jorge Castillo,Masculino,2026-03-08,34.17,Escuintla,Education,False
581341,Maria Paz,Masculino,2026-02-18,122.5,Escuintla,Education,False
568889,Ana Mejia,Femenino,2026-02-01,147.08,Guatemala,Services,False
578014,Pedro Herrera,Masculino,2026-02-05,373.98,Quetzaltenango,Education,False
502151,Paola Herrera,Femenino,2026-03-09,251.9,Guatemala,Retail,True
517233,Lucia Perez,Femenino,2026-01-07,95.72,Villa Nueva,Education,False
504910,Ana Mejia,Femenino,2026-01-26,78.96,Antigua,Food,False
545091,Ana Diaz,Masculino,2026-01-07,244.26,Guatemala,Food,True
575079,Diego Ramirez,Masculino,2026-02-18,4224.04,Antigua,Food,False
544388,Oscar Rojas,Masculino,2026-02-11,289.72,Amatitlan,Retail,False
560238,Rene Soto,Masculino,2026-03-20,237.96,Mixco,Education,False
554864,Maria Paz,Femenino,2026-01-03,437.61,Antigua,No Especificado,False
540597,Isabel Ramirez,Femenino,2026-01-17,336.98,Mixco,Retail,False
582606,Patricia Soto,Femenino,2026-02-04,206.68,Villa Nueva,Food,False
534643,Maria Paz,Femenino,2026-02-14,240.08,Escuintla,Retail,False
525850,Ana Soto,Femenino,2026-02-09,148.9,Amatitlan,Retail,False
549592,Lucia Perez,Masculino,2026-01-21,93.35,Villa Nueva,Services,False
539955,Lucia Perez,Masculino,2026-01-23,373.48,Mixco,Education,False
506537,Oscar Rojas,Masculino,2026-03-11,225.35,Antigua,Food,False
577386,Paola Herrera,Femenino,2026-01-02,150.62,Mixco,Food,False
535033,Isabel Ramirez,Femenino,2026-01-05,303.71,Escuintla,Food,False
599296,Paola Herrera,Femenino,2026-03-01,390.73,Mixco,Services,False
518461,Ana Diaz,Femenino,2026-02-02,221.9,Guatemala,Education,True
556565,Pedro Herrera,Femenino,2026-01-02,370.24,Quetzaltenango,Food,False
514579,Isabel Ramirez,Femenino,2026-03-18,377.03,Villa Nueva,Education,False
563936,Patricia Soto,Femenino,2026-03-13,448.49,Quetzaltenango,Food,False
505712,Diego Ramirez,Masculino,2026-01-09,39.42,Escuintla,Services,False
506633,Oscar Rojas,Masculino,2026-02-20,244.26,Quetzaltenango,Food,True
579986,Lucia Perez,Femenino,2026-02-03,245.8,Amatitlan,Services,False
529166,Ana Mejia,Masculino,2026-03-01,130.63,Mixco,Retail,False
573463,Carlos Mendez,Femenino,2026-02-25,315.31,Escuintla,Education,False
520653,Paola Morales,Femenino,2026-02-22,331.41,Mixco,Retail,False
563042,Maria Paz,Femenino,2026-02-27,358.69,Amatitlan,Education,False
515323,Julio Morales,Masculino,2026-01-28,152.64,Antigua,Retail,False
544964,Pablo Perez,Femenino,2026-02-25,312.03,Amatitlan,Services,False
598574,Ana Diaz,Femenino,2026-03-18,279.32,Mixco,Services,False
520381,Lucia Perez,Femenino,2026-01-24,133.04,Escuintla,Food,False
545343,Mario Lopez,Masculino,2026-02-03,144.19,Antigua,Food,False
511589,Patricia Soto,Femenino,2026-01-18,114.9,Antigua,Food,False
563300,Lucia Perez,Masculino,2026-03-07,113.69,Amatitlan,Food,False
533192,Oscar Rojas,Femenino,2026-02-07,105.21,Amatitlan,Education,False
502729,Rene Soto,Femenino,2026-03-02,372.73,Amatitlan,Food,False
512816,Ana Diaz,Femenino,2026-01-01,74.99,Mixco,Retail,False
536042,Jorge Castillo,Masculino,2026-03-06,6693.04,Escuintla,Retail,False
536777,Patricia Soto,Masculino,2026-02-23,223.66,Escuintla,Food,False
563932,Ana Mejia,Femenino,2026-03-17,445.83,Quetzaltenango,Services,False
538854,Maria Paz,Femenino,2026-01-14,315.77,Antigua,Services,False
563648,Pablo Perez,Masculino,2026-03-25,251.9,Escuintla,Retail,True
521994,Ana Soto,Femenino,2026-03-19,76.89,Guatemala,Education,False
534377,Oscar Rojas,Masculino,2026-03-18,40.87,Quetzaltenango,Retail,False
593632,Ana Diaz,Femenino,2026-02-15,421.73,Quetzaltenango,Retail,False
548375,Jorge Castillo,Femenino,2026-01-27,142.3,Antigua,Retail,False
549897,Jorge Castillo,Masculino,2026-03-01,231.07,Antigua,Services,False
507327,Pedro Herrera,Masculino,2026-03-19,424.51,Mixco,Retail,False
547964,Oscar Rojas,Masculino,2026-01-03,182.09,Amatitlan,Retail,False
568201,Lucia Perez,Femenino,2026-02-04,442.69,Quetzaltenango,Services,False
570196,Pablo Perez,Masculino,2026-01-01,305.77,Amatitlan,Education,False
507902,Jorge Castillo,Femenino,2026-02-16,175.47,Guatemala,Food,False
584345,Lucia Perez,Femenino,2026-02-01,257.3,Villa Nueva,Education,False
537111,Luis Garcia,No Especificado,2026-02-08,228.2,Mixco,Food,False
530756,Julio Morales,Masculino,2026-03-19,412.94,Mixco,Education,False
506229,Maria Paz,No Especificado,2026-02-25,47.59,Villa Nueva,Retail,False
594036,Pedro Herrera,Masculino,2026-02-20,189.01,Escuintla,Retail,False
540023,Lucia Perez,Femenino,2026-02-12,243.85,Mixco,Food,False
509549,Rene Soto,Masculino,2026-03-05,261.12,Guatemala,Services,False
583842,Rene Soto,Masculino,2026-01-16,177.32,Mixco,Education,False
568790,Maria Paz,Femenino,2026-03-06,358.25,Amatitlan,Services,False
518006,Ana Mejia,Femenino,2026-03-22,55.13,Villa Nueva,Food,False
523025,Maria Paz,Masculino,2026-02-18,8322.62,Antigua,Retail,False
544950,Ana Diaz,Masculino,2026-03-28,415.47,Mixco,Retail,False
505108,Ana Soto,Femenino,2026-02-20,270.84,Antigua,Food,False
599748,Ana Mejia,Femenino,2026-02-21,443.59,Escuintla,Education,False
586731,Jorge Castillo,Femenino,2026-02-23,152.86,Escuintla,Retail,False
599853,Julio Morales,Masculino,2026-01-05,221.9,Mixco,Education,False
505994,Luis Garcia,Masculino,2026-02-28,194.24,Guatemala,Services,False
565666,Paola Herrera,Femenino,2026-01-23,213.69,Amatitlan,Food,False
515270,Rene Soto,Masculino,2026-02-08,312.5,Antigua,Education,False
598384,Carlos Mendez,Masculino,2026-03-24,169.08,Mixco,Food,False
508321,Ana Soto,Femenino,2026-02-13,184.03,Mixco,Food,False
529250,Pedro Herrera,Masculino,2026-03-16,229.02,Villa Nueva,Retail,False
566213,Pablo Perez,Femenino,2026-03-15,156.85,Villa Nueva,Education,False
541537,Ana Diaz,Femenino,2026-01-21,166.29,Amatitlan,Retail,False
581878,Maria Paz,Femenino,2026-02-14,173.3,Amatitlan,Food,False
564919,Ana Diaz,Femenino,2026-02-24,315.21,Quetzaltenango,Education,False
561087,Carlos Mendez,Femenino,2026-02-24,379.54,Mixco,Food,False
561293,Isabel Ramirez,Femenino,2026-02-13,5601.06,Villa Nueva,Education,False
580350,Julio Morales,Masculino,2026-02-14,392.01,Escuintla,Services,False
512017,Paola Morales,Masculino,2026-01-18,221.9,Escuintla,Education,True
582840,Oscar Rojas,Masculino,2026-03-20,353.4,Amatitlan,Services,False
580659,Ana Diaz,Masculino,2026-03-24,27.2,Quetzaltenango,Services,False
513043,Jorge Castillo,Masculino,2026-02-27,246.3,Amatitlan,Services,False
519660,Rene Soto,Masculino,2026-01-15,43.76,Antigua,Food,False
567419,Ana Diaz,Femenino,2026-03-02,35.35,Escuintla,Services,False
557352,Rene Soto,Masculino,2026-02-08,161.88,Amatitlan,Services,False
535611,Rene Soto,Masculino,2026-03-23,446.9,Quetzaltenango,Food,False
596721,Paola Herrera,Femenino,2026-01-10,440.16,Antigua,Food,False
585510,Julio Morales,Masculino,2026-03-26,144.59,Guatemala,Food,False
562606,Monica Lopez,Femenino,2026-01-16,426.54,Antigua,Education,False
596107,Maria Paz,Femenino,2026-03-06,27.61,Quetzaltenango,Food,False
555241,Pablo Perez,Masculino,2026-03-01,189.25,Mixco,Food,False
509347,Mario Lopez,Femenino,2026-01-22,408.24,Mixco,Education,False
542983,Ana Diaz,Femenino,2026-02-12,112.47,Quetzaltenango,Services,False
527129,Pablo Perez,Masculino,2026-02-23,434.46,Quetzaltenango,Education,False
573961,Diego Ramirez,Masculino,2026-02-18,93.65,Antigua,Retail,False
543156,Oscar Rojas,Masculino,2026-01-06,28.16,Villa Nueva,Education,False
548303,Rene Soto,Masculino,2026-01-09,211.12,Amatitlan,Services,False
590039,Jorge Castillo,Masculino,2026-01-16,244.52,Escuintla,Education,False
596809,Monica Lopez,Femenino,2026-02-08,71.38,Antigua,Retail,False
545688,Luis Garcia,Masculino,2026-01-21,219.47,Guatemala,Food,False
543113,Luis Garcia,Masculino,2026-01-27,305.67,Quetzaltenango,Services,False
538850,Pablo Perez,Masculino,2026-03-16,256.9,Amatitlan,Education,False
508661,Rene Soto,Masculino,2026-01-25,213.23,Mixco,Retail,False
571112,Pablo Perez,Femenino,2026-02-15,397.41,Escuintla,Retail,False
569283,Carlos Mendez,Masculino,2026-03-18,314.02,Escuintla,Retail,False
532812,Ana Diaz,Femenino,2026-02-19,7924.81,Escuintla,Food,False
534561,Monica Lopez,Femenino,2026-01-11,176.47,Mixco,Services,False
583818,Isabel Ramirez,Femenino,2026-03-17,292.54,Amatitlan,Education,False
535276,Ana Mejia,Femenino,2026-01-08,348.33,Guatemala,Food,False
533162,Isabel Ramirez,Femenino,2026-03-11,127.97,Antigua,Retail,False
540075,Isabel Ramirez,Femenino,2026-01-24,418.85,Antigua,Retail,False
592138,Julio Morales,Masculino,2026-01-23,212.58,Mixco,Education,False
561496,Isabel Ramirez,Femenino,2026-03-20,221.9,Villa Nueva,Education,True
553248,Patricia Soto,Femenino,2026-01-08,427.91,Mixco,Food,False
588723,Luis Garcia,Masculino,2026-01-01,108.09,Antigua,Food,False
568565,Julio Morales,Femenino,2026-01-21,129.7,Mixco,Food,False
500555,Monica Lopez,Femenino,2026-03-17,380.03,Quetzaltenango,Services,False
531218,Paola Morales,Masculino,2026-02-15,375.71,Mixco,Food,False
520632,Rene Soto,Masculino,2026-01-15,299.44,Villa Nueva,Food,False
519749,Oscar Rojas,Masculino,2026-01-18,30.26,Amatitlan,Food,False
573364,Jorge Castillo,Masculino,2026-03-12,395.09,Guatemala,Education,False
500161,Paola Herrera,Femenino,2026-02-09,434.43,Quetzaltenango,Services,False
537379,Julio Morales,Femenino,2026-01-15,439.64,Guatemala,Food,False
568611,Rene Soto,Masculino,2026-01-06,259.75,Amatitlan,Retail,False
597233,Carlos Mendez,No Especificado,2026-01-17,156.03,Antigua,Education,False
515053,Oscar Rojas,Masculino,2026-03-15,140.31,Amatitlan,Food,False
579536,Oscar Rojas,Masculino,2026-01-02,238.46,Amatitlan,Food,False
577378,Pedro Herrera,Femenino,2026-03-09,374.69,Escuintla,Education,False
596750,Oscar Rojas,No Especificado,2026-01-10,395.27,Guatemala,Food,False
553438,Ana Mejia,Femenino,2026-02-11,173.19,Villa Nueva,Retail,False
558827,Paola Morales,Femenino,2026-02-14,428.17,Quetzaltenango,Food,False
573948,Ana Diaz,Femenino,2026-03-07,20.98,Quetzaltenango,Education,False
501389,Patricia Soto,Femenino,2026-02-25,108.82,Escuintla,Education,False
573324,Ana Diaz,Femenino,2026-01-07,63.24,Amatitlan,Education,False
551646,Patricia Soto,Masculino,2026-02-20,373.61,Escuintla,Retail,False
577558,Ana Diaz,Femenino,2026-02-19,79.03,Escuintla,Food,False
501332,Oscar Rojas,Masculino,2026-01-03,400.29,Guatemala,Services,False
580766,Carlos Mendez,Masculino,2026-01-20,333.62,Mixco,Services,False
574585,Isabel Ramirez,Femenino,2026-02-22,306.84,Antigua,Retail,False
570781,Mario Lopez,Masculino,2026-03-19,267.76,Quetzaltenango,Education,False
554921,Julio Morales,Masculino,2026-01-12,144.77,Amatitlan,Education,False
542002,Lucia Perez,Femenino,2026-03-24,244.26,Villa Nueva,Food,True
534094,Oscar Rojas,Masculino,2026-03-26,425.94,Villa Nueva,Food,False
521319,Ana Diaz,Femenino,2026-03-05,384.68,Quetzaltenango,Services,False
577654,Diego Ramirez,Femenino,2026-03-04,244.26,Escuintla,Food,True
508529,Lucia Perez,Femenino,2026-02-11,224.49,Villa Nueva,Retail,False
531652,Jorge Castillo,Masculino,2026-03-14,399.19,Amatitlan,Education,False
521226,Ana Diaz,Femenino,2026-03-04,371.57,Amatitlan,Services,False
515056,Diego Ramirez,Femenino,2026-03-23,188.5,Escuintla,Food,False
577167,Pablo Perez,Masculino,2026-01-16,68.4,Escuintla,Services,False
509478,Paola Morales,Femenino,2026-03-15,240.7,Antigua,Retail,False
538344,Paola Morales,Masculino,2026-03-01,70.2,Amatitlan,Food,False
539590,Ana Diaz,Masculino,2026-01-17,120.45,Villa Nueva,Retail,False
536389,Patricia Soto,Femenino,2026-03-18,139.73,Quetzaltenango,Food,False
532699,Jorge Castillo,Masculino,2026-03-10,108.83,Amatitlan,Food,False
586605,Pablo Perez,Masculino,2026-02-09,20.73,Amatitlan,Food,False
511074,Patricia Soto,Femenino,2026-02-15,193.32,Antigua,Food,False
501047,Maria Paz,Femenino,2026-03-19,434.97,Escuintla,Food,False
514349,Ana Soto,Femenino,2026-03-26,43.11,Antigua,Food,False
556170,Pablo Perez,No Especificado,2026-03-08,173.56,Mixco,Retail,False
582064,Paola Morales,Masculino,2026-02-28,47.02,Antigua,Education,False
512814,Carlos Mendez,Masculino,2026-01-17,132.98,Amatitlan,Education,False
585115,Mario Lopez,Masculino,2026-02-04,368.8,Mixco,Education,False
585370,Mario Lopez,Masculino,2026-01-11,377.7,Antigua,Education,False
578475,Oscar Rojas,Masculino,2026-01-18,399.85,Guatemala,Retail,False
592521,Diego Ramirez,Masculino,2026-02-11,418.75,Villa Nueva,Education,False
573289,Ana Diaz,Femenino,2026-01-21,313.85,Mixco,Retail,False
587139,Paola Morales,Femenino,2026-03-05,448.86,Amatitlan,Retail,False
594421,Pablo Perez,Masculino,2026-01-28,251.9,Antigua,Retail,True
525666,Luis Garcia,Masculino,2026-01-08,374.23,Guatemala,Services,False
563257,Luis Garcia,Masculino,2026-03-04,249.47,Villa Nueva,Food,False
577219,Mario Lopez,Femenino,2026-02-18,137.47,Antigua,Services,False
599687,Diego Ramirez,No Especificado,2026-03-09,37.64,Quetzaltenango,Education,False
506964,Ana Diaz,Femenino,2026-02-08,110.77,Guatemala,Retail,False
575296,Patricia Soto,Femenino,2026-01-25,306.54,Guatemala,Services,False
554295,Oscar Rojas,Femenino,2026-02-15,67.67,Quetzaltenango,Retail,False
561144,Julio Morales,Femenino,2026-01-04,376.52,Guatemala,Services,False
514702,Ana Mejia,Femenino,2026-01-10,181.75,Antigua,Retail,False
518532,Luis Garcia,Masculino,2026-01-06,287.61,Mixco,Food,False
516166,Ana Diaz,Femenino,2026-02-24,31.38,Escuintla,Education,False
559461,Ana Diaz,Femenino,2026-02-23,263.72,Villa Nueva,Services,False
560897,Oscar Rojas,Masculino,2026-01-13,212.17,Quetzaltenango,Retail,False
562572,Patricia Soto,Femenino,2026-02-01,356.79,Quetzaltenango,Retail,False
573344,Rene Soto,Masculino,2026-03-25,113.76,Antigua,Food,False
524055,Pablo Perez,Femenino,2026-01-10,300.11,Amatitlan,Services,False
581826,Rene Soto,Femenino,2026-02-18,125.09,Guatemala,Education,False
528729,Ana Soto,Femenino,2026-03-13,141.89,Antigua,Retail,False
566164,Maria Paz,Femenino,2026-03-02,341.38,Guatemala,Retail,False
506968,Paola Morales,Masculino,2026-01-05,59.26,Mixco,Retail,False
528148,Luis Garcia,Masculino,2026-03-05,387.98,Villa Nueva,Education,False
509777,Monica Lopez,Femenino,2026-01-04,95.96,Guatemala,Food,False
570637,Paola Herrera,Femenino,2026-03-27,100.67,Mixco,Education,False
511677,Ana Soto,Femenino,2026-03-08,358.77,Quetzaltenango,Food,False
548952,Diego Ramirez,Masculino,2026-03-11,76.26,Amatitlan,Education,False
538191,Ana Mejia,Femenino,2026-03-23,349.9,Escuintla,Food,False
509790,Maria Paz,Masculino,2026-03-23,215.98,Amatitlan,Food,False
565264,Maria Paz,Femenino,2026-02-08,389.13,Quetzaltenango,Education,False
581946,Julio Morales,Masculino,2026-01-26,198.78,Mixco,Services,False
529618,Rene Soto,Masculino,2026-01-20,175.86,Mixco,Retail,False
546621,Lucia Perez,Masculino,2026-01-24,346.44,Escuintla,Services,False
529513,Lucia Perez,Femenino,2026-01-07,81.69,Antigua,Retail,False
530932,Maria Paz,Femenino,2026-01-02,20.62,Villa Nueva,Retail,False
520732,Isabel Ramirez,Masculino,2026-03-25,94.0,Antigua,Education,False
503991,Luis Garcia,Masculino,2026-01-12,248.53,Quetzaltenango,Retail,False
587143,Oscar Rojas,Masculino,2026-02-12,341.35,Guatemala,Services,False
585095,Diego Ramirez,Masculino,2026-02-24,261.44,Amatitlan,Retail,False
519062,Mario Lopez,Masculino,2026-01-16,39.61,Mixco,Education,False
566394,Monica Lopez,Femenino,2026-01-16,189.94,Mixco,Retail,False
511733,Luis Garcia,Masculino,2026-01-16,74.67,Amatitlan,Education,False
547134,Carlos Mendez,Masculino,2026-01-26,401.57,Antigua,Education,False
547791,Oscar Rojas,Masculino,2026-02-02,33.8,Mixco,Education,False
507188,Monica Lopez,Femenino,2026-01-18,67.57,Quetzaltenango,Education,False
567114,Ana Soto,Femenino,2026-03-23,184.68,Quetzaltenango,Food,False
507851,Carlos Mendez,Femenino,2026-03-11,266.45,Escuintla,Services,False
533154,Julio Morales,Masculino,2026-03-28,364.37,Guatemala,Services,False
540554,Ana Diaz,Masculino,2026-02-13,103.75,Guatemala,Retail,False
570705,Rene Soto,Femenino,2026-01-28,374.61,Amatitlan,Retail,False
518224,Paola Morales,Femenino,2026-02-20,364.21,Guatemala,Retail,False
560264,Isabel Ramirez,Femenino,2026-03-26,57.37,Villa Nueva,Food,False
538376,Oscar Rojas,Femenino,2026-03-11,316.01,Guatemala,Retail,False
518088,Lucia Perez,Femenino,2026-02-08,383.48,No Especificado,Food,False
512774,Paola Morales,Femenino,2026-03-12,221.9,Escuintla,Education,True
518105,Diego Ramirez,Masculino,2026-02-12,349.79,Escuintla,Retail,False
597115,Jorge Castillo,Femenino,2026-03-22,8698.02,Guatemala,Retail,False
533900,Carlos Mendez,Masculino,2026-02-25,419.86,Mixco,Retail,False
551242,Ana Mejia,Femenino,2026-01-09,77.91,Mixco,Education,False
596307,Luis Garcia,Masculino,2026-03-23,172.18,Villa Nueva,Services,False
503030,Patricia Soto,Femenino,2026-01-22,400.17,Villa Nueva,Retail,False
525275,Jorge Castillo,Masculino,2026-03-02,250.22,Mixco,Services,True
564061,Julio Morales,No Especificado,2026-01-25,256.96,Escuintla,Services,False
535693,Carlos Mendez,Masculino,2026-02-13,258.26,Antigua,Education,False
523509,Pedro Herrera,Masculino,2026-02-27,387.59,Guatemala,Education,False
502674,Lucia Perez,Femenino,2026-01-11,38.05,Villa Nueva,Education,False
503443,Pablo Perez,Masculino,2026-01-27,28.61,Quetzaltenango,Services,False
531966,Rene Soto,Masculino,2026-03-21,347.01,Amatitlan,Education,False
579845,Julio Morales,Masculino,2026-01-28,150.48,Escuintla,Education,False
561124,Rene Soto,Masculino,2026-01-22,177.68,Antigua,Services,False
579777,Paola Morales,Femenino,2026-02-22,190.52,No Especificado,Education,False
512394,Jorge Castillo,Masculino,2026-03-27,287.45,Mixco,Food,False
506973,Paola Herrera,Femenino,2026-02-11,344.0,Escuintla,Services,False
599453,Monica Lopez,Masculino,2026-01-28,243.09,Guatemala,Retail,False
588181,Maria Paz,Masculino,2026-01-19,171.03,Guatemala,Services,False
532410,Jorge Castillo,Masculino,2026-02-09,388.6,Quetzaltenango,Education,False
528513,Monica Lopez,Femenino,2026-03-26,244.26,Escuintla,Food,True
570544,Pedro Herrera,Masculino,2026-02-16,209.55,Quetzaltenango,Services,False
554642,Ana Soto,Masculino,2026-03-02,434.78,Amatitlan,Education,False
523814,Isabel Ramirez,Femenino,2026-01-01,240.43,Amatitlan,Education,False
525084,Oscar Rojas,Masculino,2026-01-27,303.93,Mixco,Services,False
527569,Lucia Perez,Masculino,2026-02-09,4628.55,Quetzaltenango,Food,False
581104,Paola Herrera,Masculino,2026-02-22,281.12,Guatemala,Services,False
547436,Pablo Perez,Femenino,2026-01-20,68.33,Villa Nueva,Education,False
531635,Rene Soto,Masculino,2026-03-05,251.9,Escuintla,Retail,True
598253,Pedro Herrera,Masculino,2026-01-12,438.91,Mixco,Food,False
536702,Ana Mejia,Femenino,2026-01-15,323.09,Villa Nueva,Education,False
574518,Diego Ramirez,Masculino,2026-01-24,124.07,Amatitlan,Education,False
554198,Ana Soto,Femenino,2026-02-01,221.9,Mixco,Education,True
572383,Jorge Castillo,Masculino,2026-02-24,215.84,Guatemala,Education,False
578213,Lucia Perez,Femenino,2026-02-07,302.14,Amatitlan,Food,False
526643,Paola Herrera,Femenino,2026-01-07,399.81,Mixco,Food,False
555995,Paola Morales,Masculino,2026-01-06,167.73,Guatemala,Food,False
568827,Lucia Perez,Femenino,2026-01-21,292.0,Mixco,Education,False
551455,Patricia Soto,Masculino,2026-02-07,268.53,Escuintla,Food,False
592928,Lucia Perez,No Especificado,2026-01-18,421.17,Villa Nueva,Retail,False
517827,Luis Garcia,Masculino,2026-02-09,178.52,Escuintla,Food,False
587539,Oscar Rojas,Masculino,2026-03-24,253.26,Villa Nueva,Retail,False
513396,Paola Herrera,Femenino,2026-03-22,83.73,Villa Nueva,Services,False
521686,Paola Morales,Femenino,2026-01-05,400.38,Villa Nueva,Retail,False
563095,Maria Paz,Femenino,2026-02-23,404.53,Guatemala,Education,False
502542,Luis Garcia,Femenino,2026-01-27,222.77,Amatitlan,Services,False
555488,Pablo Perez,Masculino,2026-02-12,434.97,Amatitlan,Education,False
555548,Lucia Perez,Femenino,2026-02-03,408.94,Quetzaltenango,Education,False
562808,Monica Lopez,Masculino,2026-02-18,426.4,Quetzaltenango,Retail,False
514382,Julio Morales,Masculino,2026-03-13,280.89,Antigua,Services,False
548018,Paola Morales,Femenino,2026-03-02,250.22,Villa Nueva,Services,True
511866,Diego Ramirez,Masculino,2026-02-01,141.83,Guatemala,Services,False
550982,Diego Ramirez,Femenino,2026-02-10,68.68,Villa Nueva,Retail,False
528565,Paola Herrera,Femenino,2026-01-07,295.72,Quetzaltenango,Services,False
514925,Mario Lopez,Masculino,2026-03-08,324.42,Villa Nueva,Retail,False
545104,Jorge Castillo,Femenino,2026-03-19,368.75,Villa Nueva,Services,False
586885,Lucia Perez,Femenino,2026-02-24,203.65,Mixco,Education,False
532789,Maria Paz,Femenino,2026-02-12,324.93,Escuintla,Retail,False
527127,Jorge Castillo,Masculino,2026-03-18,325.11,Amatitlan,Education,False
540638,Ana Mejia,Femenino,2026-03-01,224.16,Quetzaltenango,Education,False
508502,Mario Lopez,Masculino,2026-02-25,118.27,Antigua,Services,False
590410,Isabel Ramirez,Femenino,2026-03-17,68.03,Guatemala,Education,False
598695,Diego Ramirez,Masculino,2026-02-04,155.99,Amatitlan,Education,False
595827,Monica Lopez,Femenino,2026-02-19,365.79,Villa Nueva,Retail,False
533798,Jorge Castillo,Masculino,2026-02-13,398.06,Guatemala,Services,False
559140,Carlos Mendez,Femenino,2026-01-24,332.83,Villa Nueva,Food,False
524382,Ana Soto,Femenino,2026-01-28,140.49,Villa Nueva,Food,False
588246,Julio Morales,Masculino,2026-01-28,314.55,Amatitlan,Education,False
563618,Maria Paz,Femenino,2026-03-22,221.9,Mixco,Education,True
539138,Oscar Rojas,Masculino,2026-02-14,318.0,Guatemala,Food,False
519192,Julio Morales,Femenino,2026-01-27,244.26,Amatitlan,Food,True
587118,Julio Morales,Masculino,2026-03-07,60.64,Antigua,Food,False
576964,Pablo Perez,Masculino,2026-03-15,199.03,Guatemala,Education,False
539276,Mario Lopez,Femenino,2026-02-11,131.22,Villa Nueva,Education,False
569106,Paola Morales,Femenino,2026-01-20,45.03,Amatitlan,Services,False
558701,Ana Mejia,Femenino,2026-03-23,307.81,Escuintla,Food,False
577220,Pablo Perez,Masculino,2026-03-04,205.77,Guatemala,Retail,False
527159,Paola Herrera,Femenino,2026-02-27,281.91,Amatitlan,Retail,False
563665,Monica Lopez,Femenino,2026-02-04,145.02,Antigua,Education,False
509289,Patricia Soto,Femenino,2026-03-18,426.27,Guatemala,Services,False
507720,Isabel Ramirez,Femenino,2026-01-25,251.9,Mixco,Retail,True
510925,Paola Morales,Masculino,2026-02-09,409.15,Guatemala,Education,False
576456,Rene Soto,Masculino,2026-02-01,47.01,Amatitlan,Education,False
592410,Paola Herrera,No Especificado,2026-01-07,418.42,Escuintla,Services,False
593877,Ana Mejia,Femenino,2026-01-14,29.07,Escuintla,Services,False
510846,Oscar Rojas,Masculino,2026-03-22,370.96,Villa Nueva,Retail,False
584715,Diego Ramirez,Femenino,2026-03-15,167.92,Quetzaltenango,Retail,False
565887,Pablo Perez,Masculino,2026-03-13,411.98,Quetzaltenango,Services,False
591025,Monica Lopez,Femenino,2026-03-13,173.57,Guatemala,Retail,False
517397,Ana Soto,Masculino,2026-01-17,414.11,Villa Nueva,Retail,False
513539,Patricia Soto,Masculino,2026-02-23,34.53,Villa Nueva,Services,False
587936,Carlos Mendez,Masculino,2026-02-03,273.22,Escuintla,Services,False
521068,Paola Herrera,Femenino,2026-03-01,143.33,Mixco,Education,False
521618,Paola Herrera,Femenino,2026-03-04,403.57,Mixco,Retail,False
551789,Jorge Castillo,Masculino,2026-02-22,39.79,Amatitlan,Education,False
563024,Julio Morales,Masculino,2026-03-27,218.62,Villa Nueva,Food,False
547762,Luis Garcia,Masculino,2026-01-12,248.37,Escuintla,Education,False
597537,Paola Herrera,Femenino,2026-02-23,67.67,Mixco,Education,False
542272,Carlos Mendez,Masculino,2026-03-13,156.06,Guatemala,Retail,False
563432,Maria Paz,Femenino,2026-01-10,359.86,Antigua,Retail,False
547865,Lucia Perez,No Especificado,2026-02-14,220.68,Villa Nueva,Retail,False
570710,Lucia Perez,Femenino,2026-02-20,294.63,Villa Nueva,Services,False
571768,Maria Paz,Femenino,2026-03-08,346.83,Quetzaltenango,Food,False
583223,Lucia Perez,Masculino,2026-01-27,238.53,Mixco,Food,False
501026,Paola Morales,Femenino,2026-02-26,369.59,Amatitlan,Retail,False
544552,Patricia Soto,Masculino,2026-02-15,218.9,Escuintla,Education,False
521336,Pedro Herrera,Masculino,2026-02-03,202.95,Villa Nueva,Education,False
580647,Pedro Herrera,Masculino,2026-02-27,346.96,Escuintla,Services,False
580494,Carlos Mendez,Masculino,2026-01-20,263.76,Antigua,Services,False
529691,Pedro Herrera,Femenino,2026-02-24,205.81,Antigua,Food,False
519329,Maria Paz,Femenino,2026-02-16,381.71,Escuintla,Food,False
557005,Monica Lopez,Femenino,2026-02-12,356.42,Mixco,Education,False
581939,Julio Morales,Masculino,2026-01-16,337.64,Guatemala,Services,False
519399,Monica Lopez,Femenino,2026-03-08,48.36,Villa Nueva,Retail,False
552138,Ana Diaz,Femenino,2026-03-03,370.6,Quetzaltenango,Education,False
588146,Pedro Herrera,Masculino,2026-03-22,127.92,Mixco,Retail,False
580785,Ana Mejia,Femenino,2026-02-18,78.88,Antigua,Services,False
529598,Mario Lopez,Masculino,2026-02-23,215.48,Guatemala,Services,False
535916,Maria Paz,Femenino,2026-02-07,288.93,Mixco,Food,False
530484,Luis Garcia,Femenino,2026-03-04,328.04,Amatitlan,Education,False
581570,Rene Soto,Femenino,2026-03-17,264.41,Escuintla,Food,False
560541,Luis Garcia,Masculino,2026-01-16,244.26,Amatitlan,Food,True
596191,Mario Lopez,No Especificado,2026-03-10,396.22,Villa Nueva,Services,False
542460,Pedro Herrera,Femenino,2026-01-16,263.1,Escuintla,Retail,False
556356,Oscar Rojas,Masculino,2026-02-05,423.37,Quetzaltenango,Services,False
564807,Ana Diaz,Femenino,2026-01-09,434.23,Mixco,Food,False
544352,Lucia Perez,Masculino,2026-01-08,167.73,Escuintla,Education,False
579716,Paola Morales,Femenino,2026-03-22,35.88,Amatitlan,Food,False
565224,Carlos Mendez,Masculino,2026-03-05,57.35,Antigua,Food,False
546634,Monica Lopez,Femenino,2026-03-21,36.33,Mixco,Food,False
512569,Mario Lopez,Femenino,2026-03-27,49.77,Villa Nueva,Retail,False
541693,Pedro Herrera,Masculino,2026-01-26,32.19,Amatitlan,Education,False
519069,Rene Soto,Masculino,2026-01-05,45.41,Mixco,Retail,False
576819,Ana Mejia,Femenino,2026-01-25,442.18,Quetzaltenango,Education,False
530817,Maria Paz,Femenino,2026-02-28,296.36,Villa Nueva,Services,False
554151,Diego Ramirez,Masculino,2026-01-04,131.61,Mixco,Services,False
546510,Rene Soto,Femenino,2026-01-18,145.31,Escuintla,Food,False
504715,Rene Soto,Masculino,2026-03-09,56.86,Amatitlan,Education,False
512299,Rene Soto,Masculino,2026-01-13,127.5,Amatitlan,Food,False
538024,Ana Diaz,Femenino,2026-01-06,165.73,Mixco,Retail,False
595998,Diego Ramirez,Masculino,2026-01-19,7292.65,Quetzaltenango,Services,False
590958,Diego Ramirez,Masculino,2026-02-09,334.32,Antigua,Retail,False
524845,Paola Morales,Femenino,2026-02-06,30.64,Antigua,Food,False
508327,Pablo Perez,Masculino,2026-01-23,309.61,Mixco,Education,False
516650,Oscar Rojas,Masculino,2026-02-12,368.79,Antigua,Retail,False
513908,Lucia Perez,Femenino,2026-02-21,195.59,Amatitlan,Education,False
528271,Paola Morales,Femenino,2026-02-26,154.91,Escuintla,Retail,False
590565,Patricia Soto,Femenino,2026-02-17,175.29,Quetzaltenango,Retail,False
589360,Oscar Rojas,Masculino,2026-02-17,299.29,Escuintla,Education,False
554689,Oscar Rojas,Masculino,2026-01-16,8713.39,Escuintla,Education,False
598210,Diego Ramirez,Masculino,2026-03-07,134.28,Villa Nueva,Education,False
562415,Carlos Mendez,Masculino,2026-02-19,418.16,Escuintla,Services,False
556659,Pablo Perez,Femenino,2026-02-01,154.81,Guatemala,Retail,False
599113,Oscar Rojas,Femenino,2026-03-15,138.02,Mixco,Education,False
511107,Carlos Mendez,Femenino,2026-02-14,364.14,No Especificado,Food,False
551982,Lucia Perez,Femenino,2026-03-25,250.22,Escuintla,Services,True
582348,Julio Morales,Masculino,2026-02-28,102.27,Guatemala,Food,False
568341,Maria Paz,Femenino,2026-02-26,315.3,Antigua,Services,False
500539,Ana Diaz,Femenino,2026-02-13,295.25,Villa Nueva,Services,False
554690,Jorge Castillo,Masculino,2026-02-14,330.06,Guatemala,Retail,False
514313,Mario Lopez,Masculino,2026-01-10,195.95,Quetzaltenango,Services,False
511621,Luis Garcia,Femenino,2026-01-17,6661.18,Amatitlan,Education,False
511065,Mario Lopez,Masculino,2026-03-26,42.94,Antigua,Food,False
547398,Pedro Herrera,Masculino,2026-01-22,153.01,Amatitlan,Food,False
597228,Diego Ramirez,Masculino,2026-01-16,237.11,Quetzaltenango,Services,False
513404,Isabel Ramirez,Femenino,2026-02-09,25.77,Amatitlan,Services,False
578958,Luis Garcia,Masculino,2026-02-14,433.4,Amatitlan,Food,False
575290,Diego Ramirez,Masculino,2026-02-28,308.83,Quetzaltenango,Retail,False
505792,Ana Soto,Femenino,2026-02-07,367.88,Villa Nueva,Retail,False
515575,Paola Morales,Femenino,2026-02-25,250.22,Amatitlan,Services,True
544920,Isabel Ramirez,Femenino,2026-01-25,440.2,Antigua,Services,False
595659,Paola Morales,Femenino,2026-01-26,305.84,Quetzaltenango,Services,False
543143,Ana Soto,Femenino,2026-02-15,367.27,Guatemala,Retail,False
599909,Diego Ramirez,Femenino,2026-02-02,115.85,Mixco,Retail,False
505721,Diego Ramirez,Masculino,2026-02-25,371.29,Mixco,Education,False
580730,Ana Mejia,No Especificado,2026-03-14,48.22,Antigua,Services,False
534105,Paola Herrera,Femenino,2026-01-11,424.9,Villa Nueva,Food,False
534051,Ana Soto,Femenino,2026-03-01,102.51,Antigua,Services,False
589218,Ana Mejia,Femenino,2026-01-18,249.57,Antigua,Food,False
598076,Paola Morales,Femenino,2026-01-28,61.98,Amatitlan,Services,False
531589,Oscar Rojas,Masculino,2026-01-24,237.22,Amatitlan,Food,False
524202,Pablo Perez,Masculino,2026-03-13,293.72,Guatemala,Retail,False
510716,Paola Herrera,Femenino,2026-02-22,22.68,Mixco,Education,False
589184,Carlos Mendez,Masculino,2026-02-22,181.65,Guatemala,Services,False
597490,Julio Morales,Masculino,2026-03-13,164.82,Mixco,Services,False
586485,Ana Diaz,Femenino,2026-03-05,399.51,Villa Nueva,Services,False
581227,Paola Herrera,No Especificado,2026-03-17,351.32,Quetzaltenango,Education,False
526265,Carlos Mendez,Masculino,2026-01-08,4555.15,Antigua,Retail,False
582172,Ana Mejia,Femenino,2026-03-07,31.95,Mixco,Food,False
514496,Ana Soto,Femenino,2026-01-04,28.12,Quetzaltenango,Education,False
528679,Pedro Herrera,Femenino,2026-03-15,439.91,Villa Nueva,Services,False
548163,Patricia Soto,Femenino,2026-02-15,163.89,Amatitlan,Education,False
562146,Pedro Herrera,Femenino,2026-03-23,356.64,Guatemala,Retail,False
538793,Rene Soto,Femenino,2026-02-24,344.31,Villa Nueva,Retail,False
522861,Julio Morales,Masculino,2026-02-12,240.91,Quetzaltenango,Education,False
563983,Jorge Castillo,Masculino,2026-02-24,353.46,Escuintla,Retail,False
535320,Mario Lopez,Femenino,2026-02-24,217.9,Escuintla,Education,False
531212,Mario Lopez,Femenino,2026-01-13,190.36,Villa Nueva,Services,False
520879,Ana Mejia,Femenino,2026-02-07,159.37,Guatemala,Services,False
566342,Lucia Perez,Masculino,2026-02-01,38.72,Villa Nueva,Food,False
558294,Lucia Perez,Masculino,2026-02-11,394.64,Quetzaltenango,Food,False
549521,Diego Ramirez,Masculino,2026-02-13,242.19,Mixco,Education,False
564656,Patricia Soto,Femenino,2026-02-03,153.58,Amatitlan,Retail,False
565583,Ana Mejia,Femenino,2026-01-24,107.73,Guatemala,Food,False
567705,Pedro Herrera,Femenino,2026-03-11,278.65,Quetzaltenango,Services,False
579768,Patricia Soto,Femenino,2026-03-23,57.69,Antigua,Education,False
579002,Paola Herrera,Masculino,2026-03-17,8233.76,Amatitlan,Food,False
507922,Maria Paz,Femenino,2026-03-19,197.2,Escuintla,Services,False
545127,Maria Paz,Femenino,2026-02-02,76.24,Amatitlan,Education,False
538940,Paola Herrera,Femenino,2026-02-21,116.06,Mixco,Services,False
584086,Paola Morales,Femenino,2026-01-26,361.78,Mixco,Services,False
588369,Ana Diaz,Femenino,2026-01-12,71.97,Antigua,Food,False
559718,Diego Ramirez,Masculino,2026-01-27,406.46,No Especificado,Retail,False
553579,Diego Ramirez,Femenino,2026-01-26,27.25,Escuintla,Services,False
531548,Patricia Soto,Femenino,2026-01-28,191.72,Quetzaltenango,Food,False
565538,Maria Paz,Femenino,2026-02-06,51.16,Quetzaltenango,Retail,False
510472,Patricia Soto,Femenino,2026-03-22,41.31,Escuintla,Education,False
570430,Isabel Ramirez,Femenino,2026-01-08,321.63,Escuintla,Food,False
580700,Lucia Perez,Masculino,2026-02-15,4853.93,Guatemala,Food,False
516293,Patricia Soto,Masculino,2026-01-11,251.58,Guatemala,Retail,False
540486,Oscar Rojas,Masculino,2026-02-04,72.3,Mixco,Education,False
528251,Pablo Perez,Masculino,2026-02-27,310.56,Villa Nueva,Education,False
565801,Pedro Herrera,Masculino,2026-02-09,78.4,Antigua,Services,False
589313,Oscar Rojas,Femenino,2026-01-23,160.4,Antigua,Services,False
546458,Diego Ramirez,Masculino,2026-03-13,250.22,Guatemala,Services,True
574569,Julio Morales,Masculino,2026-03-21,371.31,Villa Nueva,Services,False
579024,Paola Herrera,Masculino,2026-03-27,213.23,Mixco,Retail,False
558614,Ana Diaz,Femenino,2026-01-04,267.24,Mixco,Services,False
594921,Carlos Mendez,Masculino,2026-02-08,310.83,Villa Nueva,Education,False
513974,Rene Soto,Masculino,2026-03-19,347.22,Guatemala,Education,False
510824,Ana Diaz,Masculino,2026-02-07,138.79,Amatitlan,Education,False
520573,Isabel Ramirez,Femenino,2026-01-08,205.88,Mixco,Education,False
559062,Ana Diaz,No Especificado,2026-03-13,409.79,Amatitlan,Education,False
519739,Monica Lopez,Femenino,2026-02-23,399.2,Quetzaltenango,Services,False
500197,Ana Soto,Femenino,2026-01-22,73.19,Mixco,Food,False
581837,Isabel Ramirez,Femenino,2026-01-09,332.18,Antigua,Education,False
510210,Oscar Rojas,Masculino,2026-01-09,67.76,Quetzaltenango,Education,False
526805,Patricia Soto,Femenino,2026-03-27,304.62,Mixco,Retail,False
595093,Rene Soto,Masculino,2026-01-04,323.53,Amatitlan,Services,False
551602,Oscar Rojas,Masculino,2026-02-06,195.98,Quetzaltenango,Education,False
580390,Julio Morales,Masculino,2026-03-06,333.13,Mixco,Retail,False
510844,Oscar Rojas,Masculino,2026-01-02,373.33,Villa Nueva,Retail,False
594756,Julio Morales,Masculino,2026-03-22,280.31,Quetzaltenango,Services,False
555042,Maria Paz,Femenino,2026-02-26,60.43,Amatitlan,Services,False
586846,Maria Paz,Femenino,2026-01-26,250.22,Escuintla,Services,True
575767,Ana Soto,Femenino,2026-01-22,72.99,Villa Nueva,Food,False
507875,Ana Mejia,Femenino,2026-02-06,251.9,Antigua,Retail,True
569352,Pablo Perez,Femenino,2026-01-14,434.52,Mixco,Services,False
590289,Pedro Herrera,Masculino,2026-03-22,294.82,Mixco,Food,False
553207,Patricia Soto,Femenino,2026-02-05,431.52,Escuintla,Food,False
541316,Carlos Mendez,Masculino,2026-02-10,428.67,Mixco,Services,False
501823,Pedro Herrera,Masculino,2026-02-28,334.93,Guatemala,Food,False
582151,Lucia Perez,Femenino,2026-03-03,314.14,Mixco,Retail,False
548902,Jorge Castillo,Masculino,2026-03-19,398.55,Antigua,Services,False
587536,Luis Garcia,Femenino,2026-02-17,5208.42,Guatemala,Retail,False
517446,Mario Lopez,Masculino,2026-01-04,127.54,Mixco,Education,False
542263,Luis Garcia,Masculino,2026-01-12,288.37,Quetzaltenango,Education,False
598733,Oscar Rojas,Masculino,2026-03-05,198.31,Mixco,Retail,False
501891,Maria Paz,No Especificado,2026-01-26,336.95,Mixco,Services,False
503907,Lucia Perez,Masculino,2026-01-22,273.33,Mixco,Retail,False
593630,Pablo Perez,Masculino,2026-02-04,198.05,Guatemala,Services,False
505751,Maria Paz,Femenino,2026-01-01,334.16,Villa Nueva,Food,False
598634,Paola Herrera,Femenino,2026-03-15,351.41,Villa Nueva,Retail,False
582032,Oscar Rojas,Masculino,2026-03-14,411.7,Antigua,Education,False
514433,Luis Garcia,Femenino,2026-02-15,448.83,Antigua,Services,False
538919,Diego Ramirez,Masculino,2026-03-22,152.61,Mixco,Food,False
535107,Rene Soto,Femenino,2026-03-01,414.25,Quetzaltenango,Retail,False
586350,Oscar Rojas,Femenino,2026-03-26,339.14,Villa Nueva,Food,False
501086,Carlos Mendez,Femenino,2026-02-12,335.72,Quetzaltenango,Food,False
528522,Pablo Perez,Masculino,2026-03-01,259.55,Antigua,Education,False
539341,Ana Soto,Femenino,2026-02-26,31.61,Amatitlan,Education,False
585976,Diego Ramirez,Masculino,2026-02-21,209.45,Guatemala,Education,False
557964,Carlos Mendez,Masculino,2026-02-07,61.11,Escuintla,Food,False
590850,Ana Diaz,Masculino,2026-03-16,344.34,Guatemala,Services,False
543526,Maria Paz,Masculino,2026-03-15,206.59,Quetzaltenango,Retail,False
538406,Mario Lopez,No Especificado,2026-03-01,350.79,Antigua,Services,False
529430,Luis Garcia,Femenino,2026-01-20,221.9,Guatemala,Education,True
521269,Ana Diaz,Femenino,2026-02-05,223.43,Quetzaltenango,Services,False
518373,Paola Herrera,Masculino,2026-01-12,321.15,Mixco,Retail,False
598468,Monica Lopez,Masculino,2026-03-25,6415.49,Mixco,Retail,False
538565,Mario Lopez,Masculino,2026-02-20,221.9,Guatemala,Education,True
552963,Ana Soto,Masculino,2026-01-14,39.5,Amatitlan,Retail,False
579232,Maria Paz,Femenino,2026-01-18,31.66,Guatemala,Retail,False
552203,Pablo Perez,Masculino,2026-03-08,134.26,Quetzaltenango,Education,False
566556,Rene Soto,Masculino,2026-03-09,395.12,Mixco,Retail,False
500894,Oscar Rojas,Masculino,2026-01-24,216.38,Guatemala,Education,False
577813,Maria Paz,Masculino,2026-01-12,6064.96,Quetzaltenango,Food,False
531889,Mario Lopez,Masculino,2026-01-13,163.13,Escuintla,Food,False
598654,Pablo Perez,Masculino,2026-02-13,63.9,Villa Nueva,Education,False
550659,Ana Soto,No Especificado,2026-02-13,428.46,Mixco,Food,False
523271,Mario Lopez,Masculino,2026-02-15,59.66,Quetzaltenango,Services,False
529374,Maria Paz,Femenino,2026-01-12,4025.0,Mixco,Retail,False
543455,Carlos Mendez,Femenino,2026-02-20,37.67,Antigua,Retail,False
581992,Isabel Ramirez,Femenino,2026-03-17,180.73,Villa Nueva,Food,False
578362,Maria Paz,Femenino,2026-03-24,353.92,Amatitlan,Services,False
507053,Pablo Perez,Masculino,2026-02-22,392.3,Villa Nueva,Services,False
564766,Jorge Castillo,Masculino,2026-03-18,101.82,Guatemala,Food,False
548578,Patricia Soto,Masculino,2026-01-12,137.81,Guatemala,Retail,False
515190,Maria Paz,Femenino,2026-03-21,206.33,Antigua,Food,False
501562,Ana Soto,Femenino,2026-01-06,155.38,Escuintla,Services,False
580919,Pedro Herrera,Masculino,2026-02-26,250.52,Amatitlan,Retail,False
508238,Ana Diaz,Femenino,2026-01-09,176.01,Quetzaltenango,Education,False
537435,Pedro Herrera,Masculino,2026-02-04,448.98,Escuintla,Services,False
561750,Patricia Soto,Masculino,2026-03-11,373.9,Mixco,Retail,False
538311,Ana Mejia,Femenino,2026-03-13,388.33,Amatitlan,Food,False
524982,Pedro Herrera,Femenino,2026-02-22,282.46,Escuintla,Retail,False
529931,Carlos Mendez,Femenino,2026-02-09,139.55,Mixco,Food,False
587149,Isabel Ramirez,Femenino,2026-03-10,399.82,Mixco,Services,False
514459,Monica Lopez,Femenino,2026-01-26,193.35,Escuintla,Services,False
516048,Isabel Ramirez,Femenino,2026-03-08,341.75,Villa Nueva,Education,False
560257,Ana Soto,Femenino,2026-02-17,443.35,Escuintla,Retail,False
503263,Ana Soto,Femenino,2026-02-12,71.81,Escuintla,Education,False
568848,Jorge Castillo,Masculino,2026-01-24,94.28,Mixco,Food,False
580331,Maria Paz,Femenino,2026-01-11,70.72,Quetzaltenango,Services,False
530949,Patricia Soto,Masculino,2026-02-27,417.7,Mixco,Food,False
576685,Paola Herrera,Femenino,2026-01-08,299.89,Mixco,Food,False
506191,Diego Ramirez,Masculino,2026-02-02,91.88,Amatitlan,Services,False
509051,Mario Lopez,No Especificado,2026-02-23,201.77,Villa Nueva,Food,False
572578,Oscar Rojas,Masculino,2026-03-16,317.36,Quetzaltenango,Retail,False
501003,Isabel Ramirez,Femenino,2026-01-19,416.41,Quetzaltenango,Education,False
522769,Ana Mejia,Femenino,2026-02-09,206.77,Quetzaltenango,Services,False
599496,Pedro Herrera,Masculino,2026-03-04,70.45,Amatitlan,Retail,False
557945,Jorge Castillo,Masculino,2026-03-06,60.64,Escuintla,Retail,False
585141,Pedro Herrera,Masculino,2026-01-03,306.22,Amatitlan,Education,False
588104,Patricia Soto,Femenino,2026-02-06,241.02,Quetzaltenango,Retail,False
535941,Diego Ramirez,Masculino,2026-01-18,153.67,Antigua,Retail,False
599553,Luis Garcia,Masculino,2026-03-20,68.66,Antigua,Education,False
599472,Oscar Rojas,Masculino,2026-01-28,316.99,Escuintla,Retail,False
573550,Pablo Perez,Masculino,2026-01-18,283.14,Amatitlan,Retail,False
519172,Ana Soto,Masculino,2026-01-10,386.16,Antigua,Food,False
597544,Paola Morales,No Especificado,2026-03-03,22.29,Escuintla,Retail,False
518514,Mario Lopez,Femenino,2026-03-10,131.93,Escuintla,Food,False
531096,Jorge Castillo,Masculino,2026-01-11,71.66,Villa Nueva,Food,False
557397,Maria Paz,Femenino,2026-01-14,373.23,Guatemala,Food,False
572942,Oscar Rojas,Masculino,2026-03-21,250.22,Villa Nueva,Services,True
549806,Ana Mejia,Femenino,2026-02-04,85.39,Quetzaltenango,Food,False
539581,Pedro Herrera,Femenino,2026-01-13,255.95,Antigua,Food,False
539554,Monica Lopez,Femenino,2026-01-17,403.34,Villa Nueva,Services,False
515982,Oscar Rojas,Masculino,2026-01-08,192.93,Villa Nueva,Education,False
519126,Oscar Rojas,Masculino,2026-03-04,163.96,Guatemala,Services,False
522404,Pablo Perez,Masculino,2026-03-23,194.49,Villa Nueva,Education,False
524305,Julio Morales,Femenino,2026-02-01,280.96,Quetzaltenango,Education,False
524368,Paola Morales,Femenino,2026-02-07,102.35,Amatitlan,Services,False
566988,Mario Lopez,Masculino,2026-02-18,329.4,Villa Nueva,Retail,False
576030,Ana Mejia,Masculino,2026-01-27,388.01,Guatemala,Education,False
518773,Patricia Soto,Masculino,2026-02-12,257.52,Guatemala,Food,False
523594,Lucia Perez,Femenino,2026-03-19,225.89,Amatitlan,Retail,False
537717,Paola Herrera,Masculino,2026-03-10,273.29,Amatitlan,Services,False
593059,Diego Ramirez,Femenino,2026-01-07,321.68,Antigua,Services,False
570197,Paola Morales,Masculino,2026-03-14,147.65,Antigua,Food,False
588031,Ana Diaz,Femenino,2026-01-23,250.22,Villa Nueva,Services,True
574003,Patricia Soto,Femenino,2026-01-17,43.14,Escuintla,Food,False
535040,Pedro Herrera,Masculino,2026-03-09,198.85,Escuintla,Retail,False
598663,Jorge Castillo,Femenino,2026-02-25,191.17,Escuintla,Education,False
513409,Isabel Ramirez,Femenino,2026-01-23,449.0,Antigua,Services,False
580536,Diego Ramirez,Masculino,2026-03-01,418.16,Escuintla,Food,False
577889,Oscar Rojas,Femenino,2026-02-25,277.72,No Especificado,Food,False
592626,Jorge Castillo,Femenino,2026-03-12,62.3,Escuintla,Food,False
503168,Ana Soto,Femenino,2026-03-15,388.89,Antigua,Retail,False
553621,Paola Morales,Femenino,2026-03-11,200.48,Quetzaltenango,Education,False
539452,Maria Paz,Femenino,2026-02-24,229.13,Antigua,Education,False
536022,Isabel Ramirez,Femenino,2026-03-25,385.75,Antigua,Retail,False
588659,Ana Mejia,Masculino,2026-03-20,288.97,Villa Nueva,Services,False
503335,Patricia Soto,Masculino,2026-03-17,183.05,Mixco,Education,False
586964,Monica Lopez,Femenino,2026-03-09,92.88,Guatemala,Services,False
535877,Rene Soto,Masculino,2026-02-17,54.27,Escuintla,Food,False
532187,Pedro Herrera,Masculino,2026-03-15,168.75,Guatemala,Retail,False
507907,Jorge Castillo,Masculino,2026-01-07,416.26,Amatitlan,Retail,False
584717,Lucia Perez,Femenino,2026-01-12,236.02,Quetzaltenango,Education,False
508039,Carlos Mendez,Masculino,2026-02-16,233.27,Antigua,Services,False
576697,Pedro Herrera,Masculino,2026-01-13,350.81,Villa Nueva,Retail,False
597495,Isabel Ramirez,Masculino,2026-01-12,439.73,Mixco,Education,False
553113,Rene Soto,Masculino,2026-01-18,114.96,Villa Nueva,Education,False
550836,Paola Herrera,Masculino,2026-03-15,406.09,Amatitlan,Food,False
578132,Ana Soto,Masculino,2026-03-21,306.07,Amatitlan,Education,False
544488,Jorge Castillo,Masculino,2026-03-21,250.03,Amatitlan,Food,False
531144,Ana Diaz,No Especificado,2026-02-26,395.18,Mixco,Education,False
525665,Jorge Castillo,Femenino,2026-01-23,310.03,Amatitlan,Services,False
543533,Mario Lopez,Masculino,2026-01-13,194.94,Mixco,Services,False
570312,Ana Mejia,Femenino,2026-02-17,215.64,Guatemala,Education,False
559834,Jorge Castillo,Masculino,2026-02-21,422.84,Mixco,Services,False
530009,Isabel Ramirez,No Especificado,2026-02-11,244.26,Guatemala,Food,True
545493,Paola Herrera,Femenino,2026-02-01,262.56,Escuintla,Retail,False
538093,Lucia Perez,Femenino,2026-01-02,137.88,Escuintla,Retail,False
557619,Lucia Perez,Femenino,2026-02-10,196.03,Antigua,Education,False
551157,Isabel Ramirez,Femenino,2026-01-02,374.85,Guatemala,Retail,False
580460,Carlos Mendez,Masculino,2026-01-04,264.62,Villa Nueva,Services,False
550454,Carlos Mendez,Masculino,2026-02-25,170.01,Amatitlan,Retail,False
532807,Oscar Rojas,No Especificado,2026-03-28,251.9,Amatitlan,Retail,True
559063,Rene Soto,Masculino,2026-01-06,154.45,Amatitlan,Food,False
522622,Isabel Ramirez,Femenino,2026-02-20,260.42,Quetzaltenango,Services,False
560004,Rene Soto,Masculino,2026-02-25,227.29,Escuintla,Education,False
593917,Oscar Rojas,Masculino,2026-01-10,164.84,Amatitlan,Services,False
550274,Paola Morales,Femenino,2026-03-16,312.06,Amatitlan,Services,False
569523,Monica Lopez,Femenino,2026-03-08,38.49,Escuintla,Services,False
574044,Diego Ramirez,Masculino,2026-01-20,59.89,Quetzaltenango,Education,False
527608,Maria Paz,Femenino,2026-01-09,299.2,Amatitlan,Services,False
560582,Oscar Rojas,Masculino,2026-01-04,244.26,Amatitlan,Food,True
561390,Patricia Soto,Femenino,2026-01-09,393.88,Guatemala,Retail,False
521795,Mario Lopez,Masculino,2026-03-14,62.27,Villa Nueva,Education,False
534493,Patricia Soto,Femenino,2026-03-21,415.5,Quetzaltenango,Retail,False
581385,Lucia Perez,Femenino,2026-02-02,123.35,Quetzaltenango,Food,False
513358,Lucia Perez,Masculino,2026-01-04,151.59,Villa Nueva,Retail,False
586049,Carlos Mendez,Masculino,2026-03-21,252.23,Amatitlan,Retail,False
506404,Maria Paz,Masculino,2026-02-17,8669.53,Guatemala,Food,False
579206,Paola Herrera,Masculino,2026-03-07,63.74,Mixco,Retail,False
558768,Ana Mejia,Femenino,2026-02-15,256.35,Antigua,Services,False
557905,Lucia Perez,Femenino,2026-02-22,27.39,Escuintla,Education,False
524472,Carlos Mendez,Masculino,2026-01-11,123.13,Quetzaltenango,Food,False
584277,Maria Paz,Femenino,2026-02-24,28.8,Amatitlan,Services,False
537039,Carlos Mendez,Masculino,2026-01-28,395.61,Escuintla,Services,False
589248,Isabel Ramirez,Femenino,2026-03-04,179.74,Quetzaltenango,Education,False
596125,Luis Garcia,Masculino,2026-01-13,389.84,Mixco,Services,False
581999,Carlos Mendez,Masculino,2026-03-06,362.36,Amatitlan,Food,False
542541,Paola Herrera,Femenino,2026-01-04,317.09,Villa Nueva,Retail,False
532629,Pablo Perez,No Especificado,2026-01-11,417.28,Antigua,Services,False
599704,Ana Soto,Femenino,2026-03-19,403.29,Mixco,Services,False
568261,Jorge Castillo,Masculino,2026-02-22,310.26,Amatitlan,Services,False
540497,Patricia Soto,Femenino,2026-03-01,23.12,Amatitlan,Education,False
510306,Ana Soto,Masculino,2026-02-10,396.88,Villa Nueva,Retail,False
590765,Paola Herrera,Femenino,2026-01-11,160.22,Quetzaltenango,Food,False
587573,Diego Ramirez,Masculino,2026-03-12,219.9,Amatitlan,Education,False
520351,Mario Lopez,Masculino,2026-01-15,212.83,Escuintla,Retail,False
517296,Carlos Mendez,Femenino,2026-03-22,130.63,Quetzaltenango,Education,False
577536,Julio Morales,Masculino,2026-01-05,263.76,Amatitlan,Food,False
533522,Ana Mejia,Femenino,2026-03-15,270.72,Mixco,Retail,False
580626,Paola Herrera,Masculino,2026-03-25,322.69,Amatitlan,Education,False
582205,Julio Morales,Femenino,2026-01-28,203.67,Mixco,Food,False
550406,Lucia Perez,Femenino,2026-02-13,34.84,Guatemala,Food,False
516149,Pedro Herrera,Masculino,2026-03-10,364.17,Villa Nueva,Education,False
576285,Pedro Herrera,Masculino,2026-01-23,441.39,Amatitlan,Services,False
560957,Jorge Castillo,Masculino,2026-03-22,225.3,Villa Nueva,Services,False
509414,Pedro Herrera,Masculino,2026-02-25,118.95,Amatitlan,Services,False
513065,Rene Soto,Masculino,2026-03-15,33.84,Villa Nueva,Services,False
580661,Paola Herrera,Masculino,2026-03-25,297.47,Villa Nueva,Food,False
552998,Carlos Mendez,Masculino,2026-02-25,375.48,Guatemala,Food,False
528203,Jorge Castillo,Masculino,2026-02-22,85.76,Villa Nueva,Services,False
575135,Pedro Herrera,Masculino,2026-01-14,198.47,Amatitlan,Education,False
518982,Ana Soto,Femenino,2026-02-07,445.11,Antigua,Food,False
582862,Paola Herrera,Masculino,2026-01-12,89.09,Quetzaltenango,Education,False
521273,Patricia Soto,Femenino,2026-01-02,424.0,Villa Nueva,Services,False
543202,Maria Paz,Masculino,2026-01-03,256.94,Escuintla,Food,False
571340,Diego Ramirez,Masculino,2026-01-28,148.92,Escuintla,Retail,False
582646,Rene Soto,Masculino,2026-03-18,236.52,Amatitlan,Retail,False
516737,Ana Diaz,Femenino,2026-02-07,398.76,Villa Nueva,Retail,False
577160,Luis Garcia,Femenino,2026-03-02,378.11,Escuintla,Education,False
503732,Luis Garcia,Masculino,2026-02-01,394.44,Escuintla,Retail,False
548453,Julio Morales,Masculino,2026-03-17,189.22,Antigua,Education,False
576145,Ana Mejia,Femenino,2026-02-19,398.81,Guatemala,Food,False
580077,Ana Soto,Masculino,2026-01-04,68.24,Amatitlan,Food,False
510151,Lucia Perez,Femenino,2026-02-08,225.14,Mixco,Food,False
562932,Carlos Mendez,Masculino,2026-01-20,76.25,Mixco,Food,False
534470,Oscar Rojas,Masculino,2026-02-10,5941.56,Escuintla,Services,False
541562,Jorge Castillo,Masculino,2026-03-08,418.23,Mixco,Services,False
582256,Ana Soto,Masculino,2026-01-15,113.76,Amatitlan,Services,False
549076,Lucia Perez,Femenino,2026-02-06,156.58,Amatitlan,Food,False
500134,Diego Ramirez,Masculino,2026-03-10,405.16,Guatemala,Services,False
545002,Ana Soto,Femenino,2026-02-07,108.94,Amatitlan,Services,False
584531,Rene Soto,Masculino,2026-01-16,244.47,Mixco,Retail,False
527806,Isabel Ramirez,Femenino,2026-01-22,103.79,Amatitlan,Education,False
564307,Luis Garcia,Masculino,2026-02-24,236.21,Amatitlan,Education,False
591461,Ana Mejia,Masculino,2026-01-15,37.92,Quetzaltenango,Services,False
541434,Pedro Herrera,Femenino,2026-02-01,263.24,Quetzaltenango,Education,False
587865,Monica Lopez,Masculino,2026-03-04,43.97,Amatitlan,Services,False
577125,Maria Paz,Femenino,2026-03-25,368.69,Escuintla,Retail,False
528917,Carlos Mendez,Masculino,2026-01-15,48.82,Escuintla,Retail,False
504285,Julio Morales,Masculino,2026-01-21,211.22,Mixco,Education,False
586103,Rene Soto,Masculino,2026-02-10,106.8,Mixco,Education,False
548374,Luis Garcia,Masculino,2026-03-20,162.57,Guatemala,Services,False
564588,Monica Lopez,Femenino,2026-03-18,227.1,Antigua,Retail,False
506483,Monica Lopez,Femenino,2026-03-18,292.3,Quetzaltenango,Services,False
510738,Carlos Mendez,Masculino,2026-01-21,193.29,Escuintla,Retail,False
547985,Ana Mejia,Masculino,2026-01-24,36.39,Guatemala,Services,False
531353,Diego Ramirez,Masculino,2026-02-28,108.77,Antigua,Food,False
572093,Jorge Castillo,Femenino,2026-03-09,162.31,Escuintla,Food,False
521868,Ana Soto,Femenino,2026-03-07,251.9,Antigua,Retail,True
527246,Paola Morales,Femenino,2026-01-10,320.79,Amatitlan,Food,False
594119,Paola Herrera,Femenino,2026-01-05,221.9,Villa Nueva,Education,True
533787,Paola Morales,Femenino,2026-01-26,221.1,Villa Nueva,Food,False
565884,Monica Lopez,Femenino,2026-02-18,135.04,Mixco,Retail,False
528814,Diego Ramirez,Masculino,2026-03-22,244.26,Antigua,Food,True
525647,Oscar Rojas,Masculino,2026-01-13,83.97,Villa Nueva,Services,False
567656,Mario Lopez,Femenino,2026-01-03,125.4,Escuintla,Food,False
550262,Ana Mejia,No Especificado,2026-03-10,250.22,Antigua,Services,True
546646,Patricia Soto,Femenino,2026-02-11,176.71,Amatitlan,Services,False
585105,Jorge Castillo,Masculino,2026-03-16,412.56,Antigua,Education,False
502646,Patricia Soto,Femenino,2026-03-10,349.37,Escuintla,Food,False
581042,Ana Mejia,Femenino,2026-03-27,30.59,Antigua,Education,False
570215,Diego Ramirez,Masculino,2026-03-19,132.4,Villa Nueva,Education,False
573481,Lucia Perez,Femenino,2026-03-10,32.77,Mixco,Retail,False
524355,Ana Soto,Femenino,2026-01-03,420.79,Mixco,Retail,False
521123,Monica Lopez,Femenino,2026-03-07,113.27,Villa Nueva,Retail,False
510211,Diego Ramirez,Femenino,2026-03-17,117.81,Escuintla,Retail,False
562655,Rene Soto,Masculino,2026-01-19,229.12,Quetzaltenango,Services,False
535318,Pablo Perez,Masculino,2026-03-27,407.16,Antigua,Services,False
522678,Lucia Perez,Femenino,2026-02-18,5218.24,Villa Nueva,Retail,False
598299,Oscar Rojas,Masculino,2026-03-21,364.79,Guatemala,Food,False
525851,Pedro Herrera,Masculino,2026-03-11,313.57,No Especificado,Services,False
533748,Ana Soto,Masculino,2026-01-03,278.74,Villa Nueva,Food,False
515975,Jorge Castillo,Masculino,2026-03-11,162.05,Villa Nueva,Food,False
541910,Ana Diaz,Femenino,2026-03-03,33.6,Escuintla,Food,False
564499,Rene Soto,Masculino,2026-03-20,393.34,Guatemala,Education,False
519999,Monica Lopez,Femenino,2026-03-09,142.67,Antigua,Education,False
596790,Oscar Rojas,Masculino,2026-02-08,409.04,Guatemala,Retail,False
560905,Maria Paz,Femenino,2026-02-28,83.28,Mixco,Food,False
530767,Carlos Mendez,Masculino,2026-02-07,296.36,Villa Nueva,Retail,False
500876,Mario Lopez,Masculino,2026-01-27,79.02,Guatemala,Retail,False
511800,Jorge Castillo,Masculino,2026-01-28,211.54,Villa Nueva,Services,False
564892,Isabel Ramirez,Femenino,2026-01-28,352.21,Amatitlan,Retail,False
565316,Paola Herrera,Femenino,2026-03-25,339.21,Quetzaltenango,Services,False
591944,Paola Herrera,Femenino,2026-03-28,261.86,Quetzaltenango,Food,False
529734,Pablo Perez,Masculino,2026-01-28,33.67,Antigua,Retail,False
518958,Mario Lopez,Masculino,2026-02-01,75.21,Escuintla,Services,False
554984,Jorge Castillo,Masculino,2026-02-25,291.77,Quetzaltenango,Food,False
542807,Rene Soto,Masculino,2026-02-18,37.8,Antigua,Food,False
561234,Pablo Perez,Femenino,2026-02-11,386.87,Antigua,Services,False
517929,Paola Herrera,Femenino,2026-02-20,165.91,Villa Nueva,Services,False
531807,Julio Morales,Masculino,2026-01-18,221.9,Mixco,Education,True
522116,Paola Herrera,Femenino,2026-03-09,294.24,Antigua,Education,False
543213,Maria Paz,Femenino,2026-01-08,86.51,Amatitlan,Education,False
592084,Monica Lopez,Masculino,2026-02-23,27.48,Guatemala,Services,False
553351,Ana Soto,Femenino,2026-01-27,23.46,Mixco,Education,False
576887,Ana Mejia,Femenino,2026-01-10,233.19,Escuintla,Services,False
534811,Paola Herrera,Femenino,2026-03-10,282.93,Escuintla,Food,False
573063,Oscar Rojas,Femenino,2026-03-23,250.22,Villa Nueva,Services,True
507388,Paola Herrera,Masculino,2026-02-11,439.68,Antigua,No Especificado,False
551011,Isabel Ramirez,Masculino,2026-01-02,184.09,Escuintla,Education,False
552738,Paola Herrera,Masculino,2026-02-14,157.36,Guatemala,Retail,False
597715,Maria Paz,Masculino,2026-01-26,449.8,Antigua,Education,False
571407,Rene Soto,Masculino,2026-03-15,102.72,Amatitlan,Education,False
572941,Ana Mejia,Masculino,2026-02-09,160.03,Antigua,Retail,False
554882,Mario Lopez,Masculino,2026-01-18,77.71,Villa Nueva,Education,False
594328,Julio Morales,Masculino,2026-02-01,259.94,Amatitlan,No Especificado,False
559226,Ana Mejia,Femenino,2026-03-25,243.52,Amatitlan,Services,False
555247,Rene Soto,Masculino,2026-03-28,128.93,Antigua,Education,False
502015,Rene Soto,Masculino,2026-03-02,352.7,Quetzaltenango,Education,False
599001,Julio Morales,No Especificado,2026-02-11,235.47,Escuintla,Food,False
509148,Mario Lopez,Masculino,2026-01-12,380.55,Escuintla,Services,False
523756,Patricia Soto,Femenino,2026-02-04,123.83,Guatemala,Retail,False
595554,Paola Morales,Femenino,2026-03-15,244.26,Guatemala,Food,True
585449,Paola Herrera,Femenino,2026-01-19,141.44,Quetzaltenango,Retail,False
579916,Isabel Ramirez,Femenino,2026-01-13,244.26,Antigua,Food,True
584265,Rene Soto,Femenino,2026-01-10,280.7,Mixco,Services,False
524737,Monica Lopez,Masculino,2026-02-11,315.55,Amatitlan,Services,False
500766,Luis Garcia,Masculino,2026-02-18,8406.4,Guatemala,Food,False
567820,Pedro Herrera,Masculino,2026-01-16,276.15,Mixco,Education,False
596440,Isabel Ramirez,Femenino,2026-02-11,390.46,Antigua,Retail,False
581515,Isabel Ramirez,Femenino,2026-02-25,444.71,Guatemala,Retail,False
579779,Ana Diaz,Femenino,2026-01-01,145.24,Villa Nueva,Food,False
539795,Ana Diaz,Femenino,2026-03-05,321.97,Villa Nueva,Retail,False
540059,Pedro Herrera,No Especificado,2026-02-22,363.94,Quetzaltenango,Food,False
550912,Ana Mejia,Femenino,2026-03-17,301.74,Guatemala,Services,False
566349,Maria Paz,Masculino,2026-01-15,20.12,Amatitlan,Services,False
572729,Rene Soto,Masculino,2026-03-05,254.2,Escuintla,Services,False
573190,Paola Herrera,Femenino,2026-03-14,4926.28,Guatemala,Services,False
549977,Jorge Castillo,Masculino,2026-01-19,258.34,Amatitlan,Food,False
528374,Paola Herrera,Femenino,2026-01-21,265.8,Escuintla,Services,False
552377,Carlos Mendez,Masculino,2026-02-01,240.33,Escuintla,Retail,False
536498,Monica Lopez,Masculino,2026-03-16,20.94,Amatitlan,Education,False
542295,Monica Lopez,Femenino,2026-03-28,249.23,Antigua,Retail,False
511584,Mario Lopez,Masculino,2026-02-05,161.46,Escuintla,Food,False
524207,Lucia Perez,Femenino,2026-02-13,422.2,Guatemala,Food,False
506324,Paola Herrera,Masculino,2026-01-17,352.12,Guatemala,Retail,False
591804,Pablo Perez,Masculino,2026-03-16,211.0,Quetzaltenango,Education,False
587744,Carlos Mendez,Masculino,2026-01-15,97.27,Mixco,Retail,False
523729,Diego Ramirez,Masculino,2026-01-12,184.69,Amatitlan,Services,False
582509,Carlos Mendez,Masculino,2026-03-05,112.41,Amatitlan,Retail,False
592158,Luis Garcia,Masculino,2026-01-20,331.79,Escuintla,Education,False
557066,Julio Morales,Masculino,2026-03-24,346.17,Guatemala,Education,False
541304,Pedro Herrera,Femenino,2026-01-23,94.76,Guatemala,Education,False
517473,Diego Ramirez,Femenino,2026-01-16,81.68,Quetzaltenango,Education,False
586169,Ana Diaz,Femenino,2026-03-03,195.01,Guatemala,Food,False
521609,Lucia Perez,Femenino,2026-01-10,22.16,Mixco,Food,False
587591,Maria Paz,Femenino,2026-01-20,152.52,Villa Nueva,Retail,False
507411,Rene Soto,Masculino,2026-03-01,367.02,Amatitlan,Retail,False
567729,Oscar Rojas,Masculino,2026-01-13,82.23,Mixco,Food,False
599375,Mario Lopez,Masculino,2026-02-25,251.9,Amatitlan,Retail,True
506313,Pedro Herrera,Masculino,2026-03-14,350.7,Mixco,Food,False
519087,Pablo Perez,Masculino,2026-03-20,242.31,Guatemala,Education,False
570969,Diego Ramirez,Masculino,2026-03-01,299.93,Antigua,Retail,False
597943,Carlos Mendez,No Especificado,2026-03-11,138.48,Antigua,Education,False
533570,Isabel Ramirez,Femenino,2026-01-06,89.45,Amatitlan,Retail,False
586949,Isabel Ramirez,Femenino,2026-03-16,102.56,Villa Nueva,Food,False
530988,Ana Diaz,Masculino,2026-01-08,395.56,Escuintla,Services,False
500171,Luis Garcia,Masculino,2026-03-26,340.21,Guatemala,Education,False
584543,Pablo Perez,Masculino,2026-03-13,271.45,Antigua,Food,False
575902,Ana Mejia,Femenino,2026-03-11,203.61,Amatitlan,Education,False
554228,Ana Diaz,Femenino,2026-02-27,300.42,Antigua,Food,False
564507,Lucia Perez,Femenino,2026-02-26,142.77,Guatemala,Education,False
547309,Rene Soto,Femenino,2026-02-06,262.75,Villa Nueva,Services,False
599876,Oscar Rojas,Masculino,2026-02-11,336.66,Mixco,Food,False
565686,Paola Herrera,Femenino,2026-01-08,251.29,Amatitlan,Retail,False
503812,Isabel Ramirez,Masculino,2026-01-07,20.27,Quetzaltenango,Food,False
555654,Lucia Perez,Masculino,2026-01-17,48.95,Villa Nueva,Retail,False
525440,Isabel Ramirez,Femenino,2026-02-19,296.94,Guatemala,Services,False
584798,Maria Paz,Femenino,2026-03-01,347.65,Villa Nueva,Services,False
536322,Jorge Castillo,Masculino,2026-01-19,422.39,Guatemala,Retail,False
553903,Paola Herrera,Femenino,2026-03-10,365.3,Antigua,Education,False
512760,Maria Paz,Masculino,2026-01-01,92.58,Antigua,Food,False
528550,Isabel Ramirez,Masculino,2026-03-05,251.9,Quetzaltenango,Retail,True
516380,Oscar Rojas,Masculino,2026-03-21,439.24,Antigua,Food,False
515470,Pedro Herrera,Masculino,2026-01-04,53.61,Quetzaltenango,Services,False
545786,Ana Mejia,Femenino,2026-02-15,250.22,Mixco,Services,True
557849,Oscar Rojas,Masculino,2026-03-20,56.65,Villa Nueva,Education,False
574147,Isabel Ramirez,Femenino,2026-03-08,193.5,Mixco,Education,False
570898,Ana Soto,Masculino,2026-02-17,290.0,Quetzaltenango,Food,False
530425,Patricia Soto,Masculino,2026-02-18,90.83,Antigua,Education,False
579515,Paola Herrera,Masculino,2026-02-09,255.79,Escuintla,Retail,False
523013,Jorge Castillo,Masculino,2026-01-03,232.02,Escuintla,Services,False
526891,Luis Garcia,Masculino,2026-01-05,245.04,Amatitlan,Retail,False
530542,Pedro Herrera,Masculino,2026-01-07,245.76,Mixco,Retail,False
504747,Mario Lopez,Masculino,2026-02-07,49.29,No Especificado,Retail,False
570456,Paola Herrera,Masculino,2026-03-12,382.9,Amatitlan,Retail,False
514622,Ana Soto,Femenino,2026-01-19,179.7,Amatitlan,Education,False
571844,Julio Morales,Masculino,2026-03-01,329.53,Guatemala,Education,False
575951,Pablo Perez,Masculino,2026-02-25,61.7,Guatemala,Education,False
514875,Ana Mejia,Femenino,2026-03-12,358.85,Guatemala,Services,False
557504,Julio Morales,Masculino,2026-02-28,284.04,Mixco,Food,False
530040,Ana Mejia,Femenino,2026-01-28,20.59,Antigua,Food,False
591751,Ana Mejia,Femenino,2026-01-17,37.72,Villa Nueva,Retail,False
592568,Patricia Soto,Masculino,2026-02-05,333.36,Mixco,Education,False
556672,Luis Garcia,Masculino,2026-01-19,247.48,Mixco,Education,False
542465,Carlos Mendez,Masculino,2026-02-12,99.73,Villa Nueva,Food,False
549290,Maria Paz,Femenino,2026-02-05,88.34,Escuintla,Retail,False
586692,Luis Garcia,Masculino,2026-02-19,56.25,Mixco,Education,False
506310,Diego Ramirez,Masculino,2026-01-02,165.2,Amatitlan,Food,False
568021,Paola Morales,Femenino,2026-02-03,68.05,Escuintla,Education,False
578625,Oscar Rojas,Masculino,2026-01-15,245.82,Amatitlan,Food,False
575956,Pedro Herrera,Masculino,2026-03-21,250.22,Mixco,Services,True
516402,Rene Soto,Masculino,2026-01-24,263.57,Quetzaltenango,Services,False
518890,Jorge Castillo,Masculino,2026-03-14,386.41,Quetzaltenango,Retail,False
571849,Diego Ramirez,Femenino,2026-02-25,35.1,Escuintla,Services,False
592694,Jorge Castillo,Masculino,2026-01-17,327.68,Antigua,Education,False
583653,Lucia Perez,Femenino,2026-03-16,107.26,Antigua,Retail,False
543854,Monica Lopez,Femenino,2026-02-10,39.58,Villa Nueva,Food,False
500804,Paola Morales,Femenino,2026-02-24,210.31,Antigua,Food,False
590165,Paola Morales,Femenino,2026-02-27,187.54,Guatemala,Retail,False
525486,Rene Soto,Masculino,2026-02-15,365.68,Guatemala,Retail,False
589630,Mario Lopez,Masculino,2026-02-25,399.17,Amatitlan,Education,False
575050,Paola Herrera,Femenino,2026-02-18,402.25,Villa Nueva,Food,False
518689,Oscar Rojas,Masculino,2026-01-14,326.76,Escuintla,Retail,False
559943,Patricia Soto,Femenino,2026-02-28,192.46,Amatitlan,Food,False
573562,Pedro Herrera,Masculino,2026-01-21,322.93,Guatemala,Services,False
503196,Lucia Perez,Femenino,2026-03-22,436.24,Amatitlan,Services,False
567958,Oscar Rojas,Femenino,2026-01-14,211.15,Amatitlan,Education,False
564056,Ana Mejia,Femenino,2026-01-23,217.34,Guatemala,Retail,False
588288,Luis Garcia,Masculino,2026-03-10,378.21,Mixco,Services,False
513795,Patricia Soto,Femenino,2026-01-12,270.26,Quetzaltenango,Services,False
501965,Luis Garcia,Masculino,2026-01-12,250.22,Guatemala,Services,True
559545,Ana Soto,Femenino,2026-01-16,45.37,Quetzaltenango,Food,False
522219,Isabel Ramirez,Femenino,2026-03-07,207.01,Villa Nueva,Food,False
520790,Patricia Soto,Femenino,2026-01-21,373.2,Amatitlan,Retail,False
566611,Oscar Rojas,Masculino,2026-02-21,157.86,Escuintla,Services,False
596508,Isabel Ramirez,Masculino,2026-03-01,307.03,Quetzaltenango,Services,False
528605,Pedro Herrera,Femenino,2026-02-09,251.55,Escuintla,Retail,False
570169,Patricia Soto,No Especificado,2026-03-25,249.31,Villa Nueva,Services,False
528961,Mario Lopez,Masculino,2026-03-01,428.02,Guatemala,Education,False
547470,Paola Herrera,Masculino,2026-01-07,437.81,Villa Nueva,Services,False
522865,Luis Garcia,Masculino,2026-01-18,410.76,Quetzaltenango,Retail,False
533773,Monica Lopez,Femenino,2026-03-27,407.29,Quetzaltenango,Education,False
532894,Rene Soto,Masculino,2026-02-01,380.05,Escuintla,Retail,False
531879,Diego Ramirez,Masculino,2026-03-26,254.1,Guatemala,Education,False
592711,Paola Herrera,No Especificado,2026-02-20,39.53,Amatitlan,Education,False
559966,Mario Lopez,Masculino,2026-03-11,131.55,Quetzaltenango,Retail,False
501717,Oscar Rojas,Masculino,2026-02-22,87.7,Escuintla,Retail,False
501002,Luis Garcia,Masculino,2026-02-20,244.26,Mixco,Food,True
552117,Ana Diaz,Femenino,2026-01-04,61.55,Antigua,Education,False
567188,Ana Soto,Femenino,2026-01-10,169.96,Villa Nueva,Retail,False
531151,Isabel Ramirez,Femenino,2026-01-09,228.99,Mixco,Services,False
586161,Ana Mejia,Femenino,2026-03-13,345.61,Amatitlan,Services,False
552864,Mario Lopez,Masculino,2026-01-05,366.06,Guatemala,Services,False
524211,Monica Lopez,Femenino,2026-02-17,247.49,Amatitlan,Education,False
569404,Ana Mejia,Masculino,2026-03-20,118.35,Escuintla,Education,False
576006,Pablo Perez,Masculino,2026-03-23,21.64,Guatemala,Services,False
556281,Jorge Castillo,Masculino,2026-01-02,230.25,Guatemala,Food,False
569850,Paola Morales,Femenino,2026-03-10,353.99,Antigua,Retail,False
588387,Julio Morales,Femenino,2026-03-17,271.34,Villa Nueva,Food,False
558221,Pablo Perez,Masculino,2026-03-28,120.45,Guatemala,Education,False
548044,Julio Morales,Masculino,2026-03-14,290.26,Guatemala,Education,False
538151,Luis Garcia,Masculino,2026-01-12,128.98,Amatitlan,Education,False
530329,Mario Lopez,Femenino,2026-03-19,274.57,Quetzaltenango,Food,False
540432,Luis Garcia,No Especificado,2026-03-10,6138.45,Escuintla,Food,False
570599,Paola Herrera,Femenino,2026-01-02,360.86,Antigua,Services,False
563982,Paola Morales,Masculino,2026-03-09,78.43,Quetzaltenango,Food,False
513150,Isabel Ramirez,Femenino,2026-02-25,430.46,Antigua,Services,False
505036,Luis Garcia,Masculino,2026-01-03,48.46,Mixco,Food,False
594843,Pedro Herrera,Masculino,2026-01-06,119.82,Villa Nueva,Food,False
549843,Maria Paz,Masculino,2026-02-07,134.08,Amatitlan,Retail,False
564682,Ana Diaz,Femenino,2026-02-17,208.62,Antigua,Education,False
512663,Rene Soto,Masculino,2026-03-16,445.03,Quetzaltenango,Food,False
518064,Patricia Soto,Femenino,2026-02-08,379.04,Mixco,Food,False
500676,Maria Paz,Femenino,2026-02-06,107.9,Mixco,Education,False
597564,Patricia Soto,Femenino,2026-01-19,27.67,Villa Nueva,Services,False
519867,Diego Ramirez,Masculino,2026-02-05,157.97,Antigua,Services,False
504720,Patricia Soto,Femenino,2026-01-16,171.51,Amatitlan,Education,False
543929,Paola Morales,Femenino,2026-01-26,38.36,Antigua,Education,False
501520,Pedro Herrera,Masculino,2026-01-21,447.84,Antigua,Services,False
507791,Lucia Perez,Masculino,2026-01-26,179.76,Quetzaltenango,Services,False
544672,Diego Ramirez,Masculino,2026-03-13,60.86,Quetzaltenango,Retail,False
593154,Rene Soto,Masculino,2026-01-19,151.27,Quetzaltenango,Education,False
594007,Ana Diaz,Femenino,2026-02-01,232.14,Quetzaltenango,Food,False
502224,Luis Garcia,Femenino,2026-01-25,438.81,Villa Nueva,Education,False
551192,Luis Garcia,Masculino,2026-01-27,114.08,Mixco,Services,False
588609,Luis Garcia,Masculino,2026-03-16,434.24,Guatemala,Retail,False
569775,Diego Ramirez,Masculino,2026-02-16,98.69,Guatemala,Food,False
573163,Ana Diaz,Femenino,2026-03-25,124.22,Escuintla,Services,False
533270,Paola Herrera,Masculino,2026-02-14,50.62,Villa Nueva,Food,False
542799,Mario Lopez,Masculino,2026-03-25,87.91,Quetzaltenango,Services,False
567389,Patricia Soto,Femenino,2026-03-27,86.95,Villa Nueva,Retail,False
545887,Paola Morales,Femenino,2026-01-20,369.22,Amatitlan,Retail,False
573303,Carlos Mendez,Masculino,2026-02-01,139.84,Antigua,Retail,False
505422,Paola Morales,Masculino,2026-03-14,164.53,Quetzaltenango,Food,False
504432,Mario Lopez,Masculino,2026-01-28,388.86,Antigua,Retail,False
513855,Ana Diaz,Femenino,2026-02-18,369.44,Quetzaltenango,Food,False
569140,Pedro Herrera,Femenino,2026-01-22,23.9,Villa Nueva,Retail,False
552849,Paola Herrera,Femenino,2026-01-16,244.26,Quetzaltenango,Food,True
570200,Ana Diaz,Femenino,2026-02-11,324.83,Villa Nueva,Food,False
532124,Diego Ramirez,Masculino,2026-01-07,249.45,Villa Nueva,Services,False
546781,Diego Ramirez,Masculino,2026-03-07,298.62,Antigua,Food,False
540188,Mario Lopez,Masculino,2026-03-22,99.66,Escuintla,Retail,False
538701,Carlos Mendez,Masculino,2026-03-03,141.31,Escuintla,Education,False
525679,Ana Mejia,Femenino,2026-02-09,357.6,Antigua,Retail,False
543609,Isabel Ramirez,Masculino,2026-01-03,250.22,Villa Nueva,Services,True
510755,Ana Diaz,Femenino,2026-01-28,407.22,Quetzaltenango,Food,False
510748,Patricia Soto,Femenino,2026-03-26,252.48,Mixco,Services,False
538224,Rene Soto,Masculino,2026-01-02,259.96,Escuintla,Services,False
566093,Ana Diaz,Masculino,2026-03-09,416.6,Guatemala,Food,False
530618,Carlos Mendez,Masculino,2026-02-11,104.24,Guatemala,Retail,False
514504,Jorge Castillo,Masculino,2026-03-02,305.37,Escuintla,Education,False
522430,Ana Diaz,Femenino,2026-01-14,38.44,Amatitlan,Education,False
512527,Isabel Ramirez,No Especificado,2026-03-01,201.64,Antigua,Food,False
580621,Oscar Rojas,Masculino,2026-01-19,193.04,Villa Nueva,Food,False
536132,Ana Mejia,Femenino,2026-02-12,365.54,Escuintla,Services,False
513423,Pablo Perez,Masculino,2026-02-15,147.83,Escuintla,Education,False
567824,Carlos Mendez,Masculino,2026-03-15,322.99,Amatitlan,Education,False
552336,Monica Lopez,Masculino,2026-03-16,124.92,Escuintla,Food,False
580624,Ana Diaz,Femenino,2026-01-20,54.15,Quetzaltenango,Education,False
527152,Julio Morales,Masculino,2026-03-18,131.63,Antigua,Services,False
593579,Mario Lopez,Masculino,2026-02-08,348.77,Quetzaltenango,Services,False
593354,Rene Soto,Masculino,2026-02-02,449.16,Antigua,Services,False
569419,Diego Ramirez,Masculino,2026-02-26,360.19,Quetzaltenango,Education,False
530738,Carlos Mendez,Masculino,2026-01-18,39.48,Quetzaltenango,Food,False
539229,Paola Morales,Masculino,2026-02-17,213.48,Escuintla,Education,False
545003,Ana Soto,Femenino,2026-03-22,250.22,Escuintla,Services,True
567570,Mario Lopez,Masculino,2026-03-12,33.21,Guatemala,Food,False
518659,Mario Lopez,No Especificado,2026-01-13,299.19,Villa Nueva,Food,False
526514,Oscar Rojas,Femenino,2026-02-04,26.55,Quetzaltenango,Education,False
509674,Julio Morales,Masculino,2026-02-17,403.6,Villa Nueva,Retail,False
517678,Ana Soto,Femenino,2026-02-21,300.14,Antigua,Services,False
558604,Monica Lopez,Femenino,2026-02-19,190.85,Escuintla,Retail,False
522967,Pedro Herrera,Masculino,2026-01-02,140.38,Antigua,Retail,False
511960,Isabel Ramirez,Masculino,2026-03-09,434.82,Antigua,Retail,False
517902,Paola Herrera,Femenino,2026-02-06,48.92,Villa Nueva,Education,False
578148,Ana Soto,Masculino,2026-02-07,322.64,Mixco,Food,False
517196,Maria Paz,Masculino,2026-03-01,244.26,Antigua,Food,True
591323,Diego Ramirez,Masculino,2026-01-05,195.86,Quetzaltenango,Retail,False
509409,Luis Garcia,Femenino,2026-03-27,377.59,Escuintla,Education,False
580888,Ana Mejia,Femenino,2026-01-04,86.46,Antigua,Retail,False
562273,Diego Ramirez,Masculino,2026-03-10,190.95,Amatitlan,Retail,False
593774,Carlos Mendez,Masculino,2026-01-26,248.49,Guatemala,Services,False
514627,Paola Herrera,Masculino,2026-01-09,199.33,Amatitlan,Education,False
596167,Julio Morales,Masculino,2026-01-13,280.94,Mixco,Retail,False
519005,Lucia Perez,Femenino,2026-01-26,255.92,Mixco,Services,False
588488,Ana Diaz,Femenino,2026-02-07,430.56,Antigua,Services,False
584622,Carlos Mendez,Masculino,2026-02-19,83.57,Guatemala,Retail,False
598630,Julio Morales,Masculino,2026-01-21,193.79,Guatemala,Services,False
593742,Jorge Castillo,Masculino,2026-01-05,262.84,Antigua,Services,False
513410,Lucia Perez,Femenino,2026-02-04,221.9,Antigua,Education,True
566141,Lucia Perez,Femenino,2026-02-26,227.21,Amatitlan,Education,False
554354,Pedro Herrera,Masculino,2026-02-07,5817.26,Villa Nueva,Services,False
561035,Paola Morales,Femenino,2026-02-06,426.73,Antigua,Food,False
585233,Ana Diaz,Femenino,2026-03-14,64.87,Amatitlan,Retail,False
538287,Patricia Soto,Femenino,2026-03-07,257.1,Quetzaltenango,Food,False
536337,Paola Morales,Femenino,2026-03-10,154.14,Guatemala,Food,False
578725,Isabel Ramirez,Femenino,2026-02-18,145.32,Guatemala,Retail,False
561091,Diego Ramirez,Masculino,2026-02-06,7158.79,Mixco,Services,False
575896,Oscar Rojas,Masculino,2026-03-02,162.45,Escuintla,Services,False
548357,Lucia Perez,Femenino,2026-03-09,207.63,Quetzaltenango,Retail,False
556467,Ana Diaz,Femenino,2026-02-26,347.13,Quetzaltenango,Education,False
599818,Oscar Rojas,Masculino,2026-01-15,419.97,Villa Nueva,Services,False
588179,Pedro Herrera,Femenino,2026-01-18,130.64,Escuintla,Retail,False
505566,Rene Soto,Masculino,2026-03-08,396.83,Guatemala,Food,False
566783,Paola Herrera,Femenino,2026-02-17,261.69,Mixco,Retail,False
532555,Carlos Mendez,Masculino,2026-03-20,70.2,Villa Nueva,Food,False
574013,Diego Ramirez,Femenino,2026-01-14,251.9,Quetzaltenango,Retail,True
557277,Maria Paz,Femenino,2026-03-15,48.64,Quetzaltenango,Services,False
517656,Maria Paz,Femenino,2026-01-20,373.36,Villa Nueva,Services,False
549679,Luis Garcia,Masculino,2026-01-10,166.41,Quetzaltenango,Retail,False
559748,Maria Paz,Femenino,2026-02-21,418.19,Villa Nueva,Services,False
539976,Lucia Perez,No Especificado,2026-02-17,122.3,Amatitlan,Retail,False
597989,Oscar Rojas,Femenino,2026-01-03,20.47,Mixco,Services,False
525235,Julio Morales,Masculino,2026-01-13,20.04,Guatemala,Services,False
523263,Mario Lopez,Femenino,2026-01-10,403.18,Guatemala,Retail,False
542353,Diego Ramirez,Masculino,2026-01-15,172.96,Amatitlan,Education,False
534422,Patricia Soto,Femenino,2026-01-26,339.98,Mixco,Education,False
515400,Luis Garcia,Masculino,2026-02-17,122.43,Villa Nueva,Services,False
541031,Pablo Perez,Masculino,2026-03-17,5068.56,Escuintla,Food,False
532777,Ana Mejia,Masculino,2026-03-12,184.38,Escuintla,Services,False
530123,Carlos Mendez,Masculino,2026-03-16,375.48,Mixco,Retail,False
521914,Isabel Ramirez,Femenino,2026-03-23,138.64,Guatemala,Education,False
501533,Luis Garcia,Femenino,2026-03-17,58.45,Villa Nueva,Food,False
545801,Ana Diaz,Femenino,2026-01-26,449.91,Villa Nueva,Services,False
599241,Patricia Soto,Femenino,2026-03-21,375.97,Guatemala,Education,False
554196,Rene Soto,Femenino,2026-03-10,448.04,Quetzaltenango,Education,False
571159,Rene Soto,Masculino,2026-03-27,369.0,Guatemala,Education,False
530718,Luis Garcia,Femenino,2026-03-10,205.24,Amatitlan,Education,False
577307,Mario Lopez,Masculino,2026-02-18,144.01,Quetzaltenango,Education,False
597670,Luis Garcia,Masculino,2026-02-15,400.36,Amatitlan,Food,False
526763,Pedro Herrera,Masculino,2026-03-22,106.04,Mixco,Education,False
548227,Pedro Herrera,Masculino,2026-03-04,369.59,Antigua,Retail,False
589314,Carlos Mendez,Femenino,2026-03-10,309.62,Guatemala,Retail,False
586395,Isabel Ramirez,Femenino,2026-03-10,139.84,Antigua,Services,False
562696,Paola Herrera,Femenino,2026-02-05,393.86,Mixco,Food,False
521203,Julio Morales,Masculino,2026-03-18,436.48,Antigua,Food,False
573316,Ana Diaz,Femenino,2026-01-25,449.96,Quetzaltenango,Food,False
598295,Maria Paz,Masculino,2026-02-20,273.03,Guatemala,Food,False
554010,Oscar Rojas,Masculino,2026-03-07,148.83,Escuintla,Education,False
549853,Ana Soto,Femenino,2026-03-16,437.5,Guatemala,Education,False
531798,Rene Soto,Masculino,2026-03-26,324.15,Guatemala,Retail,False
542824,Pedro Herrera,Masculino,2026-03-15,366.85,Villa Nueva,Retail,False
535062,Diego Ramirez,Masculino,2026-03-26,386.87,Mixco,Retail,False
579742,Pablo Perez,Masculino,2026-02-25,252.47,Mixco,Food,False
567418,Rene Soto,Femenino,2026-01-27,291.66,Amatitlan,Education,False
510360,Paola Morales,Femenino,2026-03-11,160.67,Escuintla,Services,False
519803,Patricia Soto,Femenino,2026-01-23,238.78,Mixco,Food,False
577134,Diego Ramirez,Masculino,2026-01-16,274.78,Guatemala,Food,False
599589,Carlos Mendez,Masculino,2026-02-07,109.26,Escuintla,Retail,False
511506,Ana Soto,Femenino,2026-02-21,383.88,Villa Nueva,Services,False
550870,Ana Soto,Femenino,2026-01-26,267.61,Amatitlan,Food,False
531532,Patricia Soto,No Especificado,2026-03-02,4989.35,Escuintla,Services,False
523688,Rene Soto,Masculino,2026-01-04,310.07,Amatitlan,Food,False
598729,Pedro Herrera,Masculino,2026-02-20,315.23,Mixco,Education,False
569562,Luis Garcia,Masculino,2026-03-20,431.45,Mixco,Retail,False
537690,Pablo Perez,Masculino,2026-01-09,99.2,Antigua,Retail,False
556781,Diego Ramirez,Masculino,2026-02-03,50.39,Guatemala,Food,False
553162,Isabel Ramirez,Femenino,2026-01-07,7157.17,Mixco,Education,False
511808,Ana Mejia,Femenino,2026-03-20,446.87,Quetzaltenango,Retail,False
558170,Luis Garcia,Masculino,2026-01-09,265.21,Mixco,Retail,False
579422,Diego Ramirez,Femenino,2026-03-08,203.56,Escuintla,Food,False
552451,Pablo Perez,No Especificado,2026-01-07,202.95,Mixco,Services,False
542631,Paola Morales,Femenino,2026-01-16,171.16,Antigua,Food,False
511919,Monica Lopez,Femenino,2026-01-27,79.12,Mixco,Food,False
558541,Julio Morales,Masculino,2026-02-22,412.03,Mixco,Services,False
574520,Rene Soto,Femenino,2026-03-16,230.41,Guatemala,Retail,False
556076,Pedro Herrera,Masculino,2026-02-11,323.61,Antigua,Services,False
516776,Ana Diaz,Femenino,2026-02-28,418.52,Amatitlan,Retail,False
580759,Jorge Castillo,Femenino,2026-01-17,146.66,Escuintla,Retail,False
501306,Pedro Herrera,No Especificado,2026-01-18,213.74,Quetzaltenango,Services,False
528875,Isabel Ramirez,Femenino,2026-01-20,305.66,Escuintla,Education,False
591118,Monica Lopez,Masculino,2026-03-10,200.61,Quetzaltenango,Retail,False
567603,Mario Lopez,Femenino,2026-02-01,217.12,Quetzaltenango,Retail,False
577994,Oscar Rojas,Femenino,2026-03-03,290.53,Mixco,Education,False
517217,Carlos Mendez,Masculino,2026-02-23,205.89,Antigua,Food,False
560511,Rene Soto,Masculino,2026-02-05,131.05,Guatemala,Food,False
582113,Pablo Perez,Masculino,2026-02-09,415.5,Antigua,Food,False
580809,Pedro Herrera,Masculino,2026-03-05,248.77,Mixco,Retail,False
543373,Paola Morales,Femenino,2026-02-10,213.43,Antigua,Retail,False
531372,Isabel Ramirez,No Especificado,2026-01-18,242.87,Guatemala,Services,False
528112,Patricia Soto,Femenino,2026-03-01,244.26,Amatitlan,Food,True
526710,Patricia Soto,Femenino,2026-03-28,122.82,Mixco,Education,False
588648,Patricia Soto,Femenino,2026-01-03,213.74,Quetzaltenango,Retail,False
567753,Isabel Ramirez,Masculino,2026-02-05,126.51,Antigua,Education,False
543304,Jorge Castillo,Masculino,2026-01-12,147.79,Escuintla,Services,False
583199,Isabel Ramirez,Femenino,2026-03-10,299.64,Amatitlan,Services,False
595801,Pablo Perez,Masculino,2026-03-04,129.82,Guatemala,Retail,False
511045,Monica Lopez,Femenino,2026-03-13,243.87,Escuintla,Education,False
513810,Rene Soto,Masculino,2026-01-28,250.22,Mixco,Services,True
554384,Rene Soto,Masculino,2026-02-20,275.8,Antigua,Education,False
575579,Rene Soto,Masculino,2026-03-12,394.63,Antigua,Retail,False
573784,Paola Herrera,Femenino,2026-03-09,282.05,Quetzaltenango,Services,False
538030,Carlos Mendez,Masculino,2026-03-19,168.64,Amatitlan,Retail,False
589820,Paola Herrera,Femenino,2026-01-17,298.53,Guatemala,Education,False
596372,Paola Herrera,Femenino,2026-02-14,227.35,Antigua,Services,False
548653,Monica Lopez,Masculino,2026-01-26,318.33,Villa Nueva,Education,False
568884,Mario Lopez,No Especificado,2026-01-22,167.16,Villa Nueva,Services,False
582543,Mario Lopez,Femenino,2026-03-09,251.9,Amatitlan,Retail,True
555323,Pedro Herrera,Femenino,2026-01-02,310.25,Quetzaltenango,Education,False
558687,Rene Soto,Masculino,2026-02-28,49.93,Antigua,Services,False
586923,Carlos Mendez,Masculino,2026-02-23,85.18,Amatitlan,Food,False
505766,Oscar Rojas,Masculino,2026-02-17,444.27,Antigua,Retail,False
544754,Ana Soto,Femenino,2026-02-26,192.7,Amatitlan,Education,False
531202,Lucia Perez,Femenino,2026-02-05,363.59,Guatemala,Food,False
566700,Pedro Herrera,Masculino,2026-01-17,356.23,Villa Nueva,Education,False
534650,Paola Morales,Femenino,2026-02-13,368.48,Quetzaltenango,Services,False
527935,Diego Ramirez,Femenino,2026-02-13,347.81,Quetzaltenango,Retail,False
515428,Diego Ramirez,Masculino,2026-01-11,332.83,Quetzaltenango,Retail,False
564596,Monica Lopez,Femenino,2026-03-26,42.5,Amatitlan,Services,False
590248,Carlos Mendez,Femenino,2026-03-01,81.73,Mixco,Services,False
525334,Ana Soto,Femenino,2026-01-03,122.2,Escuintla,Services,False
562150,Maria Paz,Femenino,2026-02-02,367.03,Mixco,Food,False
571234,Julio Morales,Masculino,2026-01-03,251.9,Amatitlan,Retail,True
517141,Jorge Castillo,Masculino,2026-01-11,158.62,Mixco,Retail,False
589868,Pedro Herrera,Masculino,2026-03-25,44.26,Villa Nueva,Food,False
508775,Rene Soto,Masculino,2026-01-13,267.39,Mixco,Education,False
560439,Ana Mejia,Masculino,2026-02-15,118.43,Amatitlan,Retail,False
596749,Maria Paz,Masculino,2026-02-25,5408.2,Villa Nueva,Education,False
509333,Paola Herrera,Femenino,2026-02-23,262.55,Amatitlan,Retail,False
585291,Jorge Castillo,Masculino,2026-01-13,206.03,Mixco,Services,False
587428,Pablo Perez,Femenino,2026-01-20,242.35,Villa Nueva,Retail,False
577999,Carlos Mendez,Masculino,2026-03-12,416.22,Mixco,Retail,False
507491,Monica Lopez,Femenino,2026-02-15,251.9,Mixco,Retail,True
557237,Luis Garcia,Femenino,2026-03-20,268.87,Antigua,Services,False
529776,Monica Lopez,Femenino,2026-01-05,143.71,Mixco,Food,False
554080,Julio Morales,Femenino,2026-01-19,402.48,Mixco,Services,False
543518,Maria Paz,Masculino,2026-01-02,128.09,Antigua,Education,False
587301,Pedro Herrera,Masculino,2026-02-04,410.99,Quetzaltenango,Education,False
542986,Diego Ramirez,Masculino,2026-03-03,343.22,Villa Nueva,Education,False
596863,Mario Lopez,Masculino,2026-01-22,285.3,Quetzaltenango,Retail,False
542734,Pablo Perez,Masculino,2026-02-03,80.4,Quetzaltenango,Food,False
548969,Luis Garcia,Femenino,2026-03-11,192.48,Antigua,Retail,False
578149,Lucia Perez,Femenino,2026-03-11,219.65,Amatitlan,Retail,False
525132,Carlos Mendez,No Especificado,2026-01-04,436.8,Quetzaltenango,Education,False
563911,Ana Soto,Femenino,2026-02-01,68.07,Antigua,Food,False
512164,Oscar Rojas,Masculino,2026-03-12,425.6,Guatemala,Retail,False
536378,Isabel Ramirez,Masculino,2026-02-27,73.55,Villa Nueva,Education,False
595805,Jorge Castillo,Masculino,2026-02-04,93.3,Mixco,Services,False
582628,Patricia Soto,Femenino,2026-01-28,271.81,Mixco,Services,False
542322,Mario Lopez,Masculino,2026-03-15,87.77,Mixco,Services,False
507184,Luis Garcia,Masculino,2026-01-20,369.17,Guatemala,Food,False
538531,Ana Diaz,Femenino,2026-02-25,35.42,Amatitlan,Services,False
564688,Pablo Perez,Masculino,2026-03-19,295.94,Quetzaltenango,Retail,False
525833,Luis Garcia,Masculino,2026-03-17,128.08,Antigua,Retail,False
567056,Mario Lopez,Masculino,2026-01-16,90.21,Mixco,Food,False
502914,Oscar Rojas,Masculino,2026-01-07,251.9,Mixco,Retail,True
592038,Luis Garcia,Femenino,2026-03-01,103.48,Quetzaltenango,Food,False
516634,Isabel Ramirez,Femenino,2026-02-28,253.88,Mixco,Retail,False
557647,Oscar Rojas,Femenino,2026-02-23,180.3,Guatemala,Education,False
556559,Ana Mejia,Masculino,2026-02-06,271.72,Amatitlan,Retail,False
549051,Isabel Ramirez,Masculino,2026-02-16,321.6,Antigua,Services,False
531494,Ana Soto,Masculino,2026-01-25,153.16,Villa Nueva,Food,False
522990,Pedro Herrera,Masculino,2026-03-06,31.66,Villa Nueva,Education,False
532566,Patricia Soto,Femenino,2026-01-03,425.85,Guatemala,Retail,False
523070,Lucia Perez,Masculino,2026-03-22,408.08,Villa Nueva,Retail,False
539729,Carlos Mendez,Masculino,2026-01-24,391.42,Amatitlan,Retail,False
531000,Paola Herrera,Femenino,2026-01-08,189.91,Villa Nueva,Services,False
528354,Paola Herrera,Femenino,2026-01-07,21.18,Guatemala,Education,False
568700,Maria Paz,Femenino,2026-03-11,426.61,Mixco,Retail,False
515474,Paola Herrera,Femenino,2026-03-11,115.61,Guatemala,Food,False
578370,Diego Ramirez,Masculino,2026-02-05,379.83,Mixco,Retail,False
537484,Mario Lopez,Masculino,2026-03-20,101.56,Villa Nueva,Education,False
572335,Luis Garcia,Masculino,2026-02-08,346.81,Quetzaltenango,Retail,False
504798,Patricia Soto,Femenino,2026-01-08,22.17,Villa Nueva,Education,False
537534,Diego Ramirez,Masculino,2026-01-25,393.13,Mixco,Education,False
572049,Jorge Castillo,Masculino,2026-02-25,66.06,Amatitlan,Services,False
580688,Isabel Ramirez,Masculino,2026-01-04,221.9,Mixco,Education,True
518612,Maria Paz,Femenino,2026-03-15,407.04,Antigua,Education,False
538748,Diego Ramirez,Masculino,2026-03-20,68.93,Villa Nueva,Education,False
571825,Diego Ramirez,Masculino,2026-03-18,431.95,Quetzaltenango,Education,False
532164,Paola Herrera,Femenino,2026-02-08,57.6,Villa Nueva,Food,False
511474,Jorge Castillo,Masculino,2026-02-15,414.57,Escuintla,Retail,False
513412,Monica Lopez,Femenino,2026-03-05,20.38,Villa Nueva,Education,False
554459,Ana Soto,Femenino,2026-01-24,211.6,Guatemala,Education,False
559934,Paola Herrera,Femenino,2026-03-13,340.1,Quetzaltenango,Retail,False
574854,Monica Lopez,Masculino,2026-02-26,160.22,Amatitlan,Education,False
574497,Jorge Castillo,Masculino,2026-02-11,58.24,Mixco,Education,False
558320,Jorge Castillo,Femenino,2026-03-07,39.39,Guatemala,Food,False
519911,Paola Herrera,Masculino,2026-02-02,384.86,Antigua,Food,False
519356,Pedro Herrera,Masculino,2026-02-12,329.6,Amatitlan,Retail,False
561080,Ana Mejia,Masculino,2026-02-07,42.26,Escuintla,Services,False
598494,Lucia Perez,Femenino,2026-03-03,272.6,Antigua,Services,False
587460,Paola Morales,Femenino,2026-03-20,421.14,Quetzaltenango,Retail,False
596373,Isabel Ramirez,Femenino,2026-02-05,242.94,Mixco,Services,False
586902,Pedro Herrera,Femenino,2026-02-10,417.87,Antigua,Education,False
536103,Isabel Ramirez,Femenino,2026-01-22,269.7,Guatemala,Retail,False
561169,Patricia Soto,Femenino,2026-03-09,27.3,Mixco,Retail,False
590001,Maria Paz,Masculino,2026-02-07,270.54,Guatemala,Services,False
589159,Pedro Herrera,Masculino,2026-01-21,382.63,Escuintla,Services,False
514628,Luis Garcia,Masculino,2026-01-13,336.27,Quetzaltenango,Food,False
557443,Oscar Rojas,Masculino,2026-01-11,160.83,Guatemala,Services,False
578570,Jorge Castillo,Masculino,2026-01-13,418.18,Guatemala,Services,False
562468,Maria Paz,Femenino,2026-01-23,351.68,Guatemala,Retail,False
505356,Monica Lopez,Masculino,2026-01-05,302.9,Villa Nueva,Food,False
562263,Oscar Rojas,Femenino,2026-02-17,331.02,Amatitlan,Education,False
553799,Carlos Mendez,Masculino,2026-03-01,387.32,Quetzaltenango,Services,False
576661,Carlos Mendez,Masculino,2026-03-06,378.33,Quetzaltenango,Retail,False
503352,Paola Herrera,Femenino,2026-03-08,37.6,Quetzaltenango,Food,False
525973,Monica Lopez,Femenino,2026-03-25,244.26,Quetzaltenango,Food,True
558751,Ana Diaz,Femenino,2026-02-23,224.95,Amatitlan,Retail,False
539721,Monica Lopez,Femenino,2026-02-03,221.9,Antigua,Education,True
585329,Monica Lopez,Femenino,2026-02-15,54.07,Mixco,Education,False
507780,Ana Diaz,Femenino,2026-01-24,74.86,Mixco,Education,False
547203,Monica Lopez,Femenino,2026-02-18,424.27,Antigua,Food,False
539022,Isabel Ramirez,Femenino,2026-02-24,310.16,Villa Nueva,Education,False
529444,Monica Lopez,Femenino,2026-02-15,345.69,Amatitlan,Food,False
565949,Ana Diaz,Masculino,2026-01-18,244.7,Mixco,Education,False
510897,Luis Garcia,Masculino,2026-02-25,373.83,Villa Nueva,Food,False
548726,Rene Soto,Masculino,2026-03-01,344.74,Quetzaltenango,Services,False
581849,Carlos Mendez,Masculino,2026-02-05,307.48,Villa Nueva,Services,False
575385,Rene Soto,Masculino,2026-02-10,339.65,Amatitlan,Education,False
594570,Jorge Castillo,Femenino,2026-02-21,58.81,Guatemala,Education,False
505105,Carlos Mendez,Masculino,2026-01-24,284.91,Mixco,Services,False
537488,Paola Herrera,Femenino,2026-01-22,98.5,Guatemala,Services,False
588404,Diego Ramirez,Masculino,2026-03-17,179.17,Amatitlan,Education,False
533327,Ana Mejia,Femenino,2026-01-16,428.07,Antigua,Food,False
505618,Maria Paz,Masculino,2026-03-14,217.57,Quetzaltenango,Education,False
591208,Ana Mejia,Femenino,2026-02-23,218.58,Amatitlan,Retail,False
586223,Paola Morales,Masculino,2026-02-08,413.22,Villa Nueva,Education,False
502240,Diego Ramirez,Femenino,2026-01-10,205.6,Amatitlan,Retail,False
577920,Patricia Soto,Masculino,2026-03-06,204.26,Mixco,Food,False
523169,Oscar Rojas,Masculino,2026-03-01,113.09,Mixco,Food,False
515664,Paola Morales,Masculino,2026-02-15,68.15,Quetzaltenango,Food,False
514939,Oscar Rojas,Masculino,2026-01-05,162.52,Quetzaltenango,Retail,False
521000,Rene Soto,Masculino,2026-03-24,41.7,Mixco,Services,False
516555,Ana Diaz,Femenino,2026-03-12,303.33,Antigua,Education,False
593825,Ana Diaz,Femenino,2026-03-26,391.28,Mixco,Retail,False
569941,Lucia Perez,Masculino,2026-02-05,328.12,Antigua,Retail,False
537691,Jorge Castillo,Masculino,2026-01-12,447.16,Antigua,Services,False
574871,Ana Mejia,Masculino,2026-03-28,290.27,Antigua,Retail,False
573673,Jorge Castillo,Femenino,2026-01-24,154.54,Escuintla,Food,False
573964,Luis Garcia,Masculino,2026-02-17,238.35,Guatemala,Education,False
505466,Pablo Perez,Femenino,2026-03-21,247.55,Quetzaltenango,Retail,False
571299,Rene Soto,Masculino,2026-03-18,324.31,Escuintla,Retail,False
507492,Pablo Perez,Femenino,2026-02-14,320.42,Quetzaltenango,Education,False
548975,Oscar Rojas,Masculino,2026-01-23,196.03,Escuintla,Education,False
547589,Paola Herrera,Masculino,2026-02-24,285.95,Quetzaltenango,Retail,False
543011,Diego Ramirez,Masculino,2026-02-06,62.2,Villa Nueva,Services,False
554218,Rene Soto,Masculino,2026-01-08,215.35,Antigua,Food,False
533386,Rene Soto,Masculino,2026-03-16,194.59,Villa Nueva,Food,False
522028,Julio Morales,Masculino,2026-02-16,230.64,Antigua,Education,False
555679,Paola Herrera,Femenino,2026-02-05,64.1,Mixco,Retail,False
535005,Julio Morales,Masculino,2026-03-25,250.22,Antigua,Services,True
577182,Paola Herrera,Masculino,2026-03-13,279.8,Quetzaltenango,Services,False
567465,Ana Soto,Femenino,2026-01-15,118.39,Antigua,Food,False
597176,Paola Morales,Femenino,2026-01-03,190.02,Antigua,Food,False
505548,Carlos Mendez,Masculino,2026-01-06,59.61,Guatemala,Retail,False
539852,Carlos Mendez,Masculino,2026-02-02,209.15,Guatemala,Retail,False
583144,Maria Paz,Femenino,2026-01-19,106.75,Guatemala,Education,False
575922,Luis Garcia,Masculino,2026-01-20,31.19,Mixco,Retail,False
588386,Oscar Rojas,Masculino,2026-02-04,39.87,Amatitlan,Services,False
577107,Jorge Castillo,Femenino,2026-02-12,312.63,Escuintla,Education,False
586195,Ana Diaz,Femenino,2026-03-12,125.25,Amatitlan,Education,False
510270,Patricia Soto,Femenino,2026-03-01,159.31,Amatitlan,Food,False
590368,Isabel Ramirez,Femenino,2026-01-06,50.7,Escuintla,Retail,False
551452,Paola Herrera,Femenino,2026-03-01,437.4,Villa Nueva,Retail,False
550143,Rene Soto,Femenino,2026-01-16,413.17,Guatemala,Services,False
509598,Paola Herrera,Femenino,2026-03-28,122.88,Mixco,Food,False
534929,Ana Soto,Femenino,2026-02-15,35.08,Guatemala,Education,False
519989,Carlos Mendez,Masculino,2026-01-02,217.16,Antigua,Education,False
520843,Ana Mejia,Femenino,2026-02-23,435.24,Escuintla,Education,False
534316,Diego Ramirez,Masculino,2026-01-10,289.02,Mixco,Food,False
547327,Pablo Perez,Masculino,2026-03-24,438.57,Guatemala,Services,False
501644,Carlos Mendez,Masculino,2026-02-20,328.74,Guatemala,Services,False
556825,Pablo Perez,Masculino,2026-03-11,299.74,Escuintla,Services,False
549663,Diego Ramirez,Masculino,2026-03-10,262.95,Quetzaltenango,Services,False
508357,Luis Garcia,Masculino,2026-03-11,438.61,Antigua,Food,False
552463,Ana Soto,Femenino,2026-02-25,337.38,Quetzaltenango,Food,False
514304,Mario Lopez,Masculino,2026-03-27,60.0,Escuintla,Retail,False
509706,Paola Herrera,Masculino,2026-02-03,275.65,Amatitlan,Education,False
548942,Ana Diaz,Femenino,2026-02-05,251.9,Mixco,Retail,True
572554,Lucia Perez,Femenino,2026-02-01,205.84,Mixco,Food,False
586425,Isabel Ramirez,Femenino,2026-03-28,428.59,Amatitlan,Retail,False
538756,Luis Garcia,Masculino,2026-02-03,288.18,Antigua,Education,False
508483,Lucia Perez,Masculino,2026-01-23,4726.93,Amatitlan,Services,False
513846,Monica Lopez,Femenino,2026-01-06,416.74,Escuintla,Retail,False
515837,Maria Paz,Femenino,2026-01-16,437.06,Quetzaltenango,Food,False
575807,Pedro Herrera,Masculino,2026-02-16,149.12,Antigua,Retail,False
579070,Pablo Perez,Masculino,2026-03-17,333.17,Escuintla,Retail,False
599172,Paola Morales,Masculino,2026-02-23,232.94,Quetzaltenango,Education,False
505593,Ana Soto,Femenino,2026-02-11,407.44,Mixco,Retail,False
589183,Maria Paz,Femenino,2026-01-11,173.22,Escuintla,Services,False
583667,Ana Diaz,Femenino,2026-03-21,41.06,Antigua,Services,False
557758,Mario Lopez,Masculino,2026-02-11,203.29,Amatitlan,Food,False
557988,Monica Lopez,Femenino,2026-02-17,347.84,Quetzaltenango,Education,False
557843,Pedro Herrera,Masculino,2026-01-12,417.88,Quetzaltenango,Food,False
565724,Paola Morales,Femenino,2026-01-25,246.08,Quetzaltenango,Retail,False
522463,Diego Ramirez,Masculino,2026-03-06,251.15,Mixco,Retail,False
526332,Monica Lopez,Masculino,2026-03-09,157.63,Mixco,Food,False
572024,Luis Garcia,Masculino,2026-01-23,325.3,Amatitlan,Services,False
583570,Oscar Rojas,Femenino,2026-02-06,115.58,Villa Nueva,Food,False
557833,Isabel Ramirez,Femenino,2026-03-12,342.47,Amatitlan,Retail,False
576062,Paola Herrera,Femenino,2026-03-01,251.9,Amatitlan,Retail,True
500111,Luis Garcia,Masculino,2026-02-28,202.57,Mixco,Services,False
548046,Luis Garcia,Masculino,2026-01-25,326.51,Amatitlan,Services,False
514181,Patricia Soto,Femenino,2026-01-13,321.3,Villa Nueva,Education,False
505029,Luis Garcia,Masculino,2026-01-22,104.67,Quetzaltenango,Retail,False
529106,Ana Soto,Femenino,2026-01-19,182.26,Quetzaltenango,Retail,False
519009,Luis Garcia,Masculino,2026-03-21,429.14,Amatitlan,Retail,False
541499,Ana Mejia,Femenino,2026-01-16,375.24,Amatitlan,Services,False
554064,Ana Diaz,No Especificado,2026-02-27,37.01,Guatemala,Services,False
561050,Carlos Mendez,Masculino,2026-03-13,358.77,Guatemala,Retail,False
536771,Patricia Soto,Masculino,2026-01-10,91.69,Mixco,Education,False
572385,Mario Lopez,Masculino,2026-01-08,318.01,Mixco,Food,False
531806,Ana Soto,Femenino,2026-03-25,265.4,Mixco,Food,False
585143,Mario Lopez,Masculino,2026-03-11,180.98,Quetzaltenango,Education,False
561655,Diego Ramirez,Masculino,2026-01-25,227.0,Villa Nueva,Education,False
555597,Diego Ramirez,Masculino,2026-01-19,40.69,Mixco,Services,False
578136,Paola Morales,Femenino,2026-03-11,26.71,Mixco,Retail,False
571288,Mario Lopez,Masculino,2026-03-22,437.09,Guatemala,Retail,False
555901,Pablo Perez,Masculino,2026-03-07,166.15,Amatitlan,Services,False
595014,Oscar Rojas,Masculino,2026-01-26,103.24,Quetzaltenango,Education,False
536714,Maria Paz,Femenino,2026-01-17,104.85,Amatitlan,Services,False
518149,Ana Soto,Masculino,2026-01-10,114.58,Villa Nueva,Education,False
557157,Isabel Ramirez,Femenino,2026-02-04,323.08,Antigua,Education,False
555809,Patricia Soto,Femenino,2026-03-12,261.18,Antigua,Education,False
502154,Pablo Perez,Masculino,2026-02-18,178.17,Quetzaltenango,Services,False
578498,Paola Morales,Femenino,2026-03-13,421.16,Antigua,Services,False
597788,Ana Soto,Femenino,2026-01-18,415.13,Guatemala,Retail,False
592028,Ana Mejia,Femenino,2026-02-24,251.9,Mixco,Retail,True
562381,Ana Mejia,Masculino,2026-03-22,436.32,Villa Nueva,Services,False
549604,Paola Morales,Femenino,2026-03-20,365.54,Escuintla,Retail,False
513100,Ana Diaz,Femenino,2026-02-23,176.88,Guatemala,Food,False
581219,Pablo Perez,Femenino,2026-01-09,143.78,Villa Nueva,Education,False
582400,Diego Ramirez,Femenino,2026-02-17,283.99,Escuintla,Retail,False
521184,Oscar Rojas,Femenino,2026-01-21,339.78,Quetzaltenango,Services,False
570235,Diego Ramirez,Masculino,2026-03-17,280.56,Antigua,Food,False
521083,Luis Garcia,Masculino,2026-02-06,377.96,Guatemala,Retail,False
561378,Isabel Ramirez,Femenino,2026-01-08,116.2,Amatitlan,Food,False
563180,Carlos Mendez,Femenino,2026-03-22,145.21,Amatitlan,Education,False
518926,Patricia Soto,Masculino,2026-03-25,428.91,Escuintla,Education,False
598841,Jorge Castillo,Masculino,2026-02-05,82.42,Quetzaltenango,Food,False
504383,Paola Herrera,Masculino,2026-03-04,94.32,Guatemala,Retail,False
505945,Rene Soto,Masculino,2026-03-13,30.64,Antigua,Education,False
511935,Maria Paz,Femenino,2026-01-14,223.59,Escuintla,Services,False
555671,Paola Herrera,Femenino,2026-03-03,153.73,Antigua,Services,False
586677,Ana Diaz,Femenino,2026-02-22,232.85,Quetzaltenango,Retail,False
569236,Diego Ramirez,Masculino,2026-03-20,67.11,Quetzaltenango,Food,False
513702,Paola Morales,Femenino,2026-02-16,79.99,Mixco,Education,False
583274,Patricia Soto,Femenino,2026-02-07,136.26,Guatemala,Retail,False
517686,Oscar Rojas,Femenino,2026-02-21,113.15,Antigua,Food,False
542820,Mario Lopez,Masculino,2026-01-02,8358.91,Villa Nueva,Education,False
586239,Monica Lopez,Femenino,2026-02-04,170.25,Antigua,Education,False
501376,Patricia Soto,Masculino,2026-02-07,419.04,Guatemala,Retail,False
538027,Paola Morales,Femenino,2026-02-26,448.07,Villa Nueva,Retail,False
553989,Pablo Perez,Masculino,2026-03-05,244.26,Villa Nueva,Food,True
587259,Oscar Rojas,Masculino,2026-01-21,215.67,Villa Nueva,Services,False
562694,Ana Soto,Masculino,2026-03-16,152.67,Antigua,Services,False
531611,Jorge Castillo,Femenino,2026-02-20,81.58,Quetzaltenango,Food,False
573934,Pedro Herrera,Masculino,2026-02-19,376.77,Quetzaltenango,Retail,False
540699,Luis Garcia,Masculino,2026-01-10,445.94,Quetzaltenango,Services,False
550085,Isabel Ramirez,Femenino,2026-02-13,424.97,Guatemala,Services,False
553251,Ana Mejia,Femenino,2026-03-20,423.18,Mixco,Services,False
501125,Mario Lopez,Masculino,2026-02-21,95.11,Guatemala,Education,False
565111,Pablo Perez,Masculino,2026-02-25,81.4,Amatitlan,Education,False
513191,Pedro Herrera,Femenino,2026-03-09,345.95,Mixco,Education,False
511317,Pablo Perez,Masculino,2026-03-11,262.57,Antigua,Food,False
555144,Ana Mejia,No Especificado,2026-03-23,377.95,Amatitlan,Education,False
559578,Julio Morales,Femenino,2026-02-26,191.79,Guatemala,Food,False
595452,Patricia Soto,Masculino,2026-03-08,425.75,Villa Nueva,Education,False
577731,Oscar Rojas,Masculino,2026-02-19,74.88,Amatitlan,Food,False
577560,Patricia Soto,Masculino,2026-03-20,138.19,Mixco,Education,False
584682,Luis Garcia,Masculino,2026-01-13,84.92,Quetzaltenango,Education,False
508611,Monica Lopez,Femenino,2026-02-16,209.75,Escuintla,Education,False
555902,Pablo Perez,Masculino,2026-03-02,305.08,Antigua,Food,False
501448,Diego Ramirez,Femenino,2026-03-01,418.69,No Especificado,Education,False
531698,Oscar Rojas,Masculino,2026-03-19,428.43,Guatemala,Education,False
594555,Oscar Rojas,Masculino,2026-03-15,368.81,Amatitlan,Retail,False
546462,Jorge Castillo,Masculino,2026-02-10,422.58,Escuintla,Education,False
569561,Monica Lopez,Masculino,2026-01-13,285.49,Antigua,Retail,False
516396,Jorge Castillo,Masculino,2026-02-28,312.8,Guatemala,Services,False
548129,Pedro Herrera,Femenino,2026-02-04,293.74,Guatemala,Food,False
541482,Ana Soto,Femenino,2026-03-05,270.01,Escuintla,Retail,False
535838,Julio Morales,Masculino,2026-02-16,196.24,Antigua,Services,False
512252,Julio Morales,Masculino,2026-03-14,46.68,Guatemala,Retail,False
505809,Ana Soto,Femenino,2026-01-21,279.83,Mixco,Services,False
565194,Maria Paz,Femenino,2026-02-21,336.48,Escuintla,Education,False
576772,Ana Diaz,Femenino,2026-03-04,439.23,Mixco,Food,False
543137,Lucia Perez,Femenino,2026-03-20,112.78,Quetzaltenango,Retail,False
514167,Paola Morales,Femenino,2026-02-25,136.25,Mixco,Retail,False
594148,Lucia Perez,Femenino,2026-02-28,142.4,Mixco,Food,False
513962,Ana Soto,Masculino,2026-03-01,263.35,Escuintla,Retail,False
581555,Maria Paz,Masculino,2026-03-09,339.04,Mixco,Food,False
553474,Julio Morales,Masculino,2026-03-09,191.44,Amatitlan,Retail,False
566011,Ana Mejia,Femenino,2026-02-09,48.17,Villa Nueva,Education,False
517480,Pedro Herrera,Masculino,2026-03-21,112.58,Mixco,Food,False
563565,Ana Mejia,Femenino,2026-01-28,328.62,Quetzaltenango,Services,False
558985,Pablo Perez,Masculino,2026-02-11,154.24,Escuintla,Education,False
513424,Monica Lopez,Femenino,2026-01-10,96.93,Amatitlan,Food,False
594609,Pedro Herrera,Masculino,2026-01-01,93.35,Villa Nueva,Retail,False
565084,Luis Garcia,Masculino,2026-02-15,193.75,Amatitlan,Food,False
539936,Paola Morales,Femenino,2026-02-01,21.76,Villa Nueva,Education,False
518084,Isabel Ramirez,Femenino,2026-02-17,280.61,Mixco,Services,False
574719,Isabel Ramirez,Femenino,2026-01-21,401.91,Escuintla,Food,False
597621,Ana Diaz,Masculino,2026-01-27,74.93,Villa Nueva,Services,False
548573,Paola Morales,Femenino,2026-03-19,329.31,Villa Nueva,Retail,False
502359,Ana Mejia,Femenino,2026-03-22,414.44,Antigua,Retail,False
509382,Maria Paz,Masculino,2026-01-12,28.06,Amatitlan,Food,False
560208,Paola Morales,Femenino,2026-03-02,345.98,Quetzaltenango,Education,False
531881,Rene Soto,Femenino,2026-03-14,432.27,Villa Nueva,Retail,False
509513,Julio Morales,Masculino,2026-02-25,291.66,Escuintla,Food,False
509652,Oscar Rojas,Masculino,2026-03-13,424.34,Antigua,Education,False
553335,Ana Diaz,Femenino,2026-03-21,27.96,Amatitlan,Food,False
565178,Oscar Rojas,Masculino,2026-03-14,202.97,Quetzaltenango,Services,False
518748,Jorge Castillo,Masculino,2026-01-01,337.85,Guatemala,Retail,False
574064,Luis Garcia,Masculino,2026-02-06,296.84,Mixco,Food,False
532753,Pablo Perez,Masculino,2026-03-13,308.62,Guatemala,Retail,False
573872,Julio Morales,No Especificado,2026-01-16,56.42,Villa Nueva,Retail,False
538677,Luis Garcia,Masculino,2026-02-23,328.93,Amatitlan,Services,False
517539,Luis Garcia,Masculino,2026-03-11,226.59,Villa Nueva,Retail,False
572468,Julio Morales,Masculino,2026-01-08,376.31,Amatitlan,Retail,False
524682,Monica Lopez,Masculino,2026-01-20,194.47,Escuintla,Education,False
568737,Maria Paz,Femenino,2026-01-27,108.26,Escuintla,Retail,False
556767,Patricia Soto,Masculino,2026-01-08,29.97,Mixco,Food,False
542828,Patricia Soto,Femenino,2026-03-03,38.04,Escuintla,Food,False
589705,Ana Soto,Masculino,2026-03-18,303.25,Escuintla,Services,False
525563,Luis Garcia,Masculino,2026-01-28,88.3,Amatitlan,Services,False
532936,Jorge Castillo,Femenino,2026-01-24,328.93,Villa Nueva,Food,False
544667,Carlos Mendez,Femenino,2026-02-22,260.34,Villa Nueva,Education,False
530505,Pablo Perez,Masculino,2026-02-11,304.31,Escuintla,Retail,False
532483,Diego Ramirez,Masculino,2026-02-24,364.38,Quetzaltenango,Food,False
524006,Lucia Perez,Femenino,2026-01-04,255.04,Villa Nueva,Education,False
583560,Oscar Rojas,Masculino,2026-01-09,221.9,Mixco,Education,True
586799,Ana Soto,Femenino,2026-03-18,152.28,Villa Nueva,Food,False
552925,Pablo Perez,Masculino,2026-03-13,34.55,Mixco,Education,False
556184,Jorge Castillo,Masculino,2026-02-01,43.4,Amatitlan,Services,False
525510,Lucia Perez,Femenino,2026-03-18,247.77,Amatitlan,Education,False
596904,Monica Lopez,Femenino,2026-02-16,180.73,Mixco,Retail,False
575659,Lucia Perez,Femenino,2026-02-18,136.76,Escuintla,Education,False
546918,Diego Ramirez,Masculino,2026-03-15,223.0,Amatitlan,Retail,False
593621,Mario Lopez,Masculino,2026-02-10,88.52,Villa Nueva,Education,False
590786,Paola Herrera,Femenino,2026-01-06,151.18,Guatemala,Food,False
580559,Luis Garcia,Masculino,2026-03-15,167.22,Mixco,Retail,False
520671,Carlos Mendez,Femenino,2026-02-19,193.42,Quetzaltenango,Education,False
592689,Julio Morales,Masculino,2026-01-04,230.3,Mixco,Services,False
551478,Rene Soto,Femenino,2026-02-26,342.07,Amatitlan,Education,False
509301,Pablo Perez,Masculino,2026-01-02,250.22,Antigua,Services,True
593921,Diego Ramirez,Masculino,2026-01-03,165.85,Quetzaltenango,Services,False
509181,Diego Ramirez,Femenino,2026-02-03,372.3,Guatemala,Food,False
567303,Mario Lopez,Femenino,2026-01-03,274.55,Mixco,Services,False
505575,Carlos Mendez,Masculino,2026-02-02,380.17,Escuintla,Education,False
531903,Ana Soto,Masculino,2026-02-02,148.31,Villa Nueva,Food,False
581089,Rene Soto,Femenino,2026-01-27,4402.37,Antigua,Services,False
557138,Ana Mejia,Femenino,2026-03-23,57.33,Villa Nueva,Food,False
564478,Oscar Rojas,Masculino,2026-02-20,244.26,Antigua,Food,True
585187,Pedro Herrera,Masculino,2026-03-05,415.05,Antigua,Services,False
501303,Pedro Herrera,No Especificado,2026-03-03,365.23,Antigua,Services,False
521010,Paola Morales,Femenino,2026-02-17,49.29,Escuintla,Education,False
518080,Luis Garcia,Masculino,2026-03-07,404.27,Mixco,Retail,False
543016,Rene Soto,Masculino,2026-03-03,280.88,Antigua,Food,False
545027,Maria Paz,Femenino,2026-01-16,95.53,Antigua,Services,False
508278,Patricia Soto,Femenino,2026-03-27,398.17,Amatitlan,Education,False
554835,Monica Lopez,Femenino,2026-01-14,193.26,Villa Nueva,Education,False
579673,Ana Diaz,Femenino,2026-03-28,343.88,Villa Nueva,Education,False
527298,Rene Soto,Masculino,2026-02-22,170.77,Quetzaltenango,Retail,False
591663,Paola Morales,Masculino,2026-03-02,349.81,Escuintla,Food,False
559531,Diego Ramirez,Masculino,2026-03-27,221.9,Escuintla,Education,True
516041,Paola Herrera,Femenino,2026-03-14,249.82,Antigua,Retail,False
562980,Maria Paz,Masculino,2026-02-18,338.92,Antigua,Retail,False
575760,Jorge Castillo,Masculino,2026-03-15,68.58,Mixco,Education,False
547818,Pedro Herrera,Masculino,2026-01-16,297.61,Guatemala,Services,False
583240,Mario Lopez,Masculino,2026-03-25,148.46,Quetzaltenango,Food,False
566710,Mario Lopez,Masculino,2026-01-15,137.31,Quetzaltenango,Food,False
584495,Pedro Herrera,Femenino,2026-02-10,422.47,Escuintla,Food,False
542011,Patricia Soto,Femenino,2026-01-01,378.76,Villa Nueva,Retail,False
590538,Pedro Herrera,Masculino,2026-01-05,306.52,Guatemala,Retail,False
548407,Pedro Herrera,Masculino,2026-02-16,411.03,Guatemala,Retail,False
598770,Rene Soto,Masculino,2026-02-23,202.5,Amatitlan,Retail,False
596588,Jorge Castillo,Femenino,2026-01-28,289.16,Amatitlan,Food,False
527364,Paola Morales,Femenino,2026-03-26,398.33,Guatemala,Food,False
553244,Pablo Perez,Masculino,2026-01-09,125.3,Villa Nueva,Food,False
577214,Luis Garcia,Masculino,2026-01-03,244.26,Escuintla,Food,True
580925,Jorge Castillo,Masculino,2026-01-04,39.57,Quetzaltenango,Retail,False
500446,Ana Diaz,Femenino,2026-03-05,25.88,Quetzaltenango,Retail,False
596787,Ana Soto,Masculino,2026-01-09,232.39,Villa Nueva,Services,False
543155,Pablo Perez,Masculino,2026-01-27,269.99,Amatitlan,Services,False
560454,Ana Soto,Femenino,2026-03-16,106.46,Antigua,Services,False
564605,Oscar Rojas,Masculino,2026-01-16,435.8,Mixco,Food,False
512708,Jorge Castillo,Masculino,2026-03-02,50.02,Quetzaltenango,Food,False
594298,Pedro Herrera,Masculino,2026-02-23,132.59,Guatemala,Services,False
566233,Diego Ramirez,Femenino,2026-01-19,307.15,Quetzaltenango,Services,False
580268,Ana Soto,Femenino,2026-02-13,78.48,Villa Nueva,Retail,False
560041,Maria Paz,No Especificado,2026-03-09,266.03,Escuintla,Services,False
504860,Oscar Rojas,Masculino,2026-03-15,30.23,Quetzaltenango,Services,False
511237,Pablo Perez,Masculino,2026-02-03,189.16,Guatemala,Retail,False
579296,Isabel Ramirez,Femenino,2026-01-12,312.22,Quetzaltenango,Retail,False
518348,Paola Herrera,Femenino,2026-02-05,189.67,Amatitlan,Education,False
589569,Patricia Soto,Femenino,2026-03-12,8412.48,Villa Nueva,Services,False
509849,Paola Herrera,Femenino,2026-01-23,87.21,Guatemala,Services,False
581733,Mario Lopez,Masculino,2026-01-25,27.34,Mixco,Food,False
517203,Patricia Soto,Masculino,2026-03-05,251.9,Guatemala,Retail,True
586467,Paola Herrera,Femenino,2026-02-04,101.3,Villa Nueva,Services,False
521271,Paola Morales,Femenino,2026-02-10,174.73,Antigua,Retail,False
567732,Carlos Mendez,Masculino,2026-01-25,8838.31,Quetzaltenango,Retail,False
551556,Luis Garcia,Masculino,2026-01-28,339.19,Guatemala,Food,False
572885,Jorge Castillo,Masculino,2026-01-07,368.8,Guatemala,Food,False
560292,Mario Lopez,Masculino,2026-03-05,259.6,Escuintla,Retail,False
535754,Oscar Rojas,Masculino,2026-02-26,405.83,Escuintla,Education,False
531859,Patricia Soto,No Especificado,2026-03-09,447.11,Amatitlan,Food,False
533143,Ana Diaz,Femenino,2026-03-01,7426.44,Villa Nueva,Education,False
556135,Oscar Rojas,Masculino,2026-02-12,102.44,Amatitlan,Services,False
592765,Rene Soto,Masculino,2026-02-08,333.18,Quetzaltenango,Education,False
502466,Oscar Rojas,Masculino,2026-01-02,93.92,Villa Nueva,Food,False
523316,Pedro Herrera,Masculino,2026-03-25,5913.27,Escuintla,Services,False
581776,Rene Soto,Masculino,2026-01-15,29.04,Guatemala,Food,False
576163,Pedro Herrera,Masculino,2026-01-04,221.9,Quetzaltenango,Education,True
527566,Paola Morales,Masculino,2026-03-14,198.97,Guatemala,Education,False
563448,Jorge Castillo,Masculino,2026-01-22,167.4,Escuintla,Food,False
524999,Pedro Herrera,Femenino,2026-02-07,98.0,Quetzaltenango,Retail,False
522398,Isabel Ramirez,Femenino,2026-03-28,438.47,Quetzaltenango,Education,False
562969,Monica Lopez,Femenino,2026-01-16,136.96,Escuintla,Education,False
564302,Luis Garcia,Masculino,2026-01-28,351.12,Quetzaltenango,Services,False
583288,Carlos Mendez,Masculino,2026-01-25,40.53,Quetzaltenango,Education,False
576114,Lucia Perez,Femenino,2026-03-26,360.55,Antigua,Retail,False
572556,Ana Soto,Masculino,2026-03-10,209.51,Mixco,Food,False
515324,Diego Ramirez,Masculino,2026-03-04,203.99,Antigua,Food,False
531868,Diego Ramirez,Masculino,2026-02-25,168.22,Mixco,Education,False
563509,Pedro Herrera,Masculino,2026-03-18,255.22,Guatemala,Retail,False
592845,Jorge Castillo,Masculino,2026-03-26,144.37,Guatemala,Retail,False
530650,Isabel Ramirez,Femenino,2026-01-08,242.73,Antigua,Food,False
558194,Lucia Perez,Femenino,2026-03-26,155.76,Amatitlan,Services,False
564161,Paola Herrera,Femenino,2026-01-19,365.47,Villa Nueva,Food,False
538249,Pedro Herrera,Masculino,2026-01-12,284.06,Guatemala,Food,False
595990,Pedro Herrera,Femenino,2026-02-22,21.47,Escuintla,Services,False
554897,Isabel Ramirez,Femenino,2026-03-12,420.55,Villa Nueva,Services,False
560923,Rene Soto,Femenino,2026-01-27,448.23,Antigua,Services,False
543626,Rene Soto,Femenino,2026-01-05,334.42,Escuintla,Services,False
553370,Oscar Rojas,Masculino,2026-02-03,53.13,Villa Nueva,Services,False
546359,Jorge Castillo,Masculino,2026-02-09,300.11,Villa Nueva,Education,False
545303,Paola Herrera,Masculino,2026-02-18,90.55,Villa Nueva,Services,False
525133,Mario Lopez,Masculino,2026-01-26,251.9,Antigua,Retail,True
513170,Luis Garcia,Masculino,2026-01-14,20.69,Escuintla,Education,False
537139,Mario Lopez,Masculino,2026-02-19,281.53,Mixco,Food,False
542685,Lucia Perez,No Especificado,2026-03-09,119.96,Villa Nueva,Food,False
536949,Isabel Ramirez,Femenino,2026-02-11,194.8,Villa Nueva,Food,False
530733,Carlos Mendez,Masculino,2026-03-23,227.45,Escuintla,Food,False
551745,Monica Lopez,Femenino,2026-02-02,272.14,Quetzaltenango,Education,False
505925,Mario Lopez,Femenino,2026-03-07,123.58,Guatemala,Education,False
596576,Paola Morales,Femenino,2026-01-26,446.08,Mixco,Food,False
564732,Pablo Perez,Masculino,2026-03-15,90.77,Amatitlan,Retail,False
500604,Patricia Soto,Femenino,2026-03-11,44.31,Escuintla,Services,False
599444,Julio Morales,Masculino,2026-01-02,316.33,Mixco,Retail,False
599282,Ana Soto,Femenino,2026-01-26,98.73,Escuintla,Services,False
533790,Carlos Mendez,Masculino,2026-03-07,270.88,Guatemala,Food,False
553191,Mario Lopez,Masculino,2026-03-25,268.35,Antigua,Retail,False
579759,Paola Herrera,Femenino,2026-03-26,305.02,Antigua,Food,False
586321,Ana Soto,Femenino,2026-01-17,82.67,Amatitlan,Education,False
599429,Mario Lopez,Masculino,2026-02-11,418.08,Amatitlan,Retail,False
507298,Julio Morales,Masculino,2026-02-18,23.44,Mixco,Education,False
552357,Ana Soto,Femenino,2026-03-06,221.9,Amatitlan,Education,True
510667,Pablo Perez,Masculino,2026-03-11,29.18,Guatemala,Services,False
597311,Paola Morales,Femenino,2026-02-18,244.26,Guatemala,Food,True
524360,Jorge Castillo,Masculino,2026-01-07,96.46,Quetzaltenango,Retail,False
534492,Pedro Herrera,Masculino,2026-03-28,209.49,Amatitlan,Retail,False
521327,Diego Ramirez,Femenino,2026-01-11,220.9,Antigua,Food,False
583388,Pablo Perez,Femenino,2026-02-01,322.41,Antigua,Retail,False
558250,Jorge Castillo,Masculino,2026-02-06,406.28,Mixco,Education,False
571759,Luis Garcia,Masculino,2026-02-25,42.39,Quetzaltenango,Education,False
591946,Lucia Perez,Femenino,2026-02-24,265.37,Mixco,Food,False
540565,Monica Lopez,Femenino,2026-02-10,184.24,Guatemala,Education,False
599218,Pablo Perez,Masculino,2026-01-16,204.25,Antigua,Education,False
517341,Julio Morales,Masculino,2026-01-13,254.11,Escuintla,Education,False
545515,Isabel Ramirez,Femenino,2026-03-07,354.01,Quetzaltenango,Food,False
554469,Paola Morales,Femenino,2026-03-05,330.39,Guatemala,Services,False
583088,Ana Mejia,Femenino,2026-03-01,251.9,Mixco,Retail,True
555504,Luis Garcia,Femenino,2026-01-22,258.1,Quetzaltenango,Retail,False
511213,Patricia Soto,Femenino,2026-01-22,347.43,Guatemala,Retail,False
594480,Paola Morales,Femenino,2026-02-20,261.12,Villa Nueva,Education,False
581841,Rene Soto,Masculino,2026-02-13,334.22,Mixco,Services,False
522124,Jorge Castillo,Masculino,2026-03-17,23.54,Villa Nueva,Food,False
574109,Carlos Mendez,Masculino,2026-01-27,334.02,Escuintla,Food,False
547230,Diego Ramirez,Femenino,2026-02-24,43.81,Escuintla,Retail,False
532587,Ana Mejia,Femenino,2026-03-06,40.22,Mixco,Education,False
520721,Pablo Perez,Masculino,2026-02-20,162.53,Mixco,Retail,False
576222,Paola Morales,Femenino,2026-03-21,354.8,Guatemala,Education,False
544103,Ana Diaz,Femenino,2026-03-10,268.2,Escuintla,Food,False
548920,Julio Morales,No Especificado,2026-02-18,391.94,Amatitlan,Retail,False
593580,Pablo Perez,Masculino,2026-03-21,206.37,Antigua,Services,False
574825,Ana Soto,Masculino,2026-01-18,320.64,Quetzaltenango,Services,False
512624,Isabel Ramirez,Femenino,2026-02-14,287.36,Antigua,Services,False
526902,Pablo Perez,Masculino,2026-02-01,116.34,Guatemala,Retail,False
506450,Monica Lopez,Femenino,2026-02-23,332.97,Antigua,Food,False
592679,Oscar Rojas,Masculino,2026-03-15,366.73,Villa Nueva,Services,False
598593,Diego Ramirez,Masculino,2026-01-28,77.03,Guatemala,Food,False
584165,Julio Morales,Masculino,2026-02-26,231.28,Antigua,Education,False
551008,Paola Herrera,Femenino,2026-03-25,210.24,Mixco,Services,False
510583,Ana Mejia,Femenino,2026-02-03,216.0,Amatitlan,Retail,False
567072,Paola Herrera,Femenino,2026-02-10,240.12,Escuintla,Retail,False
510265,Pablo Perez,Masculino,2026-01-01,211.1,Mixco,Food,False
582312,Diego Ramirez,Masculino,2026-03-27,271.3,Villa Nueva,Education,False
572464,Paola Morales,Femenino,2026-03-10,24.71,Antigua,Retail,False
545661,Ana Soto,Femenino,2026-01-27,216.64,Guatemala,Retail,False
519743,Diego Ramirez,Masculino,2026-02-20,385.92,Villa Nueva,Services,False
524427,Paola Herrera,Femenino,2026-03-17,35.92,Mixco,Services,False
548139,Pedro Herrera,Masculino,2026-01-02,218.23,Escuintla,Food,False
567806,Paola Morales,Masculino,2026-01-07,194.01,Guatemala,Food,False
586591,Monica Lopez,Masculino,2026-02-02,384.53,Antigua,Food,False
506221,Luis Garcia,Masculino,2026-01-23,322.34,Guatemala,Retail,False
534052,Jorge Castillo,Masculino,2026-02-24,101.52,Escuintla,Education,False
554231,Luis Garcia,Femenino,2026-02-24,182.94,Amatitlan,Retail,False
551441,Maria Paz,Masculino,2026-03-17,392.0,Amatitlan,Retail,False
518390,Pablo Perez,Masculino,2026-01-14,324.4,Antigua,Food,False
526666,Ana Soto,Femenino,2026-01-25,361.98,Guatemala,Retail,False
575250,Mario Lopez,Masculino,2026-02-14,317.6,Antigua,Services,False
550860,Ana Diaz,Femenino,2026-02-03,427.83,Mixco,Food,False
592427,Paola Morales,Femenino,2026-02-07,286.35,Mixco,Food,False
587319,Diego Ramirez,Masculino,2026-01-11,8327.76,Amatitlan,Education,False
507925,Diego Ramirez,Femenino,2026-02-12,398.24,Escuintla,Education,False
530701,Monica Lopez,Femenino,2026-03-09,260.4,Villa Nueva,Food,False
597744,Patricia Soto,Femenino,2026-02-23,221.9,Mixco,Education,True
572930,Carlos Mendez,Masculino,2026-03-10,192.47,Amatitlan,Retail,False
527808,Mario Lopez,Masculino,2026-03-03,93.17,Guatemala,Services,False
575523,Jorge Castillo,Masculino,2026-02-16,412.53,Antigua,Education,False
526261,Pedro Herrera,Masculino,2026-02-09,154.87,Antigua,Retail,False
503968,Diego Ramirez,Masculino,2026-02-06,219.72,Amatitlan,Education,False
566998,Carlos Mendez,Masculino,2026-02-02,383.27,Quetzaltenango,Services,False
564220,Ana Mejia,Femenino,2026-02-24,343.27,Antigua,Services,False
511939,Pablo Perez,Masculino,2026-03-10,364.67,Escuintla,Education,False
581009,Rene Soto,Masculino,2026-01-24,51.2,Guatemala,Retail,False
547370,Patricia Soto,No Especificado,2026-01-28,314.87,Amatitlan,Retail,False
516196,Ana Diaz,Masculino,2026-03-09,62.77,Guatemala,Retail,False
592550,Lucia Perez,Femenino,2026-02-01,221.9,Amatitlan,Education,True
504150,Ana Soto,Femenino,2026-03-12,87.23,Guatemala,Education,False
512380,Luis Garcia,Femenino,2026-03-23,25.65,Guatemala,Retail,False
523282,Patricia Soto,Femenino,2026-01-12,383.29,Antigua,Services,False
552244,Patricia Soto,Femenino,2026-01-14,443.4,No Especificado,Education,False
588979,Paola Morales,Femenino,2026-01-11,142.28,Antigua,Retail,False
561924,Ana Diaz,Femenino,2026-03-21,62.71,Guatemala,Services,False
503100,Carlos Mendez,Masculino,2026-03-05,102.71,Villa Nueva,Education,False
535128,Ana Diaz,Femenino,2026-02-11,319.15,Amatitlan,Services,False
512185,Rene Soto,Masculino,2026-03-22,403.11,Amatitlan,Services,False
501324,Oscar Rojas,Masculino,2026-01-11,237.02,Quetzaltenango,Food,False
559343,Pedro Herrera,Femenino,2026-01-15,416.66,Antigua,Education,False
533229,Julio Morales,Femenino,2026-02-02,135.39,Quetzaltenango,Services,False
528571,Lucia Perez,Femenino,2026-01-06,145.39,Villa Nueva,Services,False
583028,Isabel Ramirez,Femenino,2026-02-13,201.6,Antigua,Services,False
570539,Maria Paz,Femenino,2026-02-14,40.97,Escuintla,Food,False
581138,Paola Morales,Femenino,2026-02-23,221.9,Amatitlan,Education,True
599595,Ana Diaz,Femenino,2026-01-16,406.02,Amatitlan,Food,False
547034,Diego Ramirez,Masculino,2026-02-16,226.35,Mixco,Retail,False
562505,Ana Diaz,Femenino,2026-03-03,194.13,Guatemala,Food,False
530322,Maria Paz,Femenino,2026-03-12,240.27,Guatemala,Food,False
553976,Julio Morales,Masculino,2026-03-23,131.03,Quetzaltenango,Education,False
550657,Isabel Ramirez,Femenino,2026-03-18,152.93,Amatitlan,Education,False
572441,Maria Paz,Femenino,2026-03-08,317.99,Villa Nueva,Services,False
521045,Ana Mejia,Femenino,2026-02-26,173.7,Antigua,Services,False
536955,Maria Paz,Femenino,2026-01-18,45.77,Mixco,Food,False
572565,Pablo Perez,Masculino,2026-01-10,255.52,Escuintla,Services,False
554408,Diego Ramirez,Masculino,2026-01-05,326.98,Mixco,Food,False
517773,Isabel Ramirez,Femenino,2026-03-06,406.2,Escuintla,Food,False
581956,Oscar Rojas,Masculino,2026-03-02,224.06,Villa Nueva,Services,False
536269,Maria Paz,Femenino,2026-01-09,255.8,Guatemala,Retail,False
507170,Lucia Perez,Femenino,2026-03-01,87.29,Amatitlan,Services,False
543028,Lucia Perez,Masculino,2026-03-01,197.69,Amatitlan,Education,False
587222,Isabel Ramirez,Masculino,2026-02-17,429.81,Villa Nueva,Education,False
505430,Maria Paz,Femenino,2026-02-20,149.24,Quetzaltenango,Retail,False
565634,Ana Mejia,Femenino,2026-01-04,92.24,Quetzaltenango,Education,False
543700,Carlos Mendez,Femenino,2026-03-10,340.83,Amatitlan,Food,False
524515,Julio Morales,Masculino,2026-03-06,205.37,Mixco,Services,False
549401,Pablo Perez,Masculino,2026-02-12,78.23,Amatitlan,Services,False
544892,Jorge Castillo,Masculino,2026-01-26,327.5,Quetzaltenango,Services,False
590920,Ana Mejia,Femenino,2026-03-01,328.9,Villa Nueva,Retail,False
585546,Luis Garcia,Masculino,2026-01-19,240.82,Guatemala,Food,False
556714,Pablo Perez,Masculino,2026-02-20,115.17,Mixco,Food,False
538891,Oscar Rojas,Masculino,2026-02-23,365.27,Antigua,Services,False
500119,Paola Herrera,Femenino,2026-02-23,302.69,Villa Nueva,Services,False
578217,Oscar Rojas,Masculino,2026-01-27,208.78,Mixco,Food,False
598997,Pedro Herrera,Masculino,2026-02-15,273.05,Villa Nueva,Education,False
524265,Julio Morales,Femenino,2026-01-22,381.59,Antigua,Education,False
559043,Rene Soto,Masculino,2026-02-07,313.82,Antigua,Food,False
560147,Rene Soto,Masculino,2026-03-26,134.34,Antigua,Services,False
549508,Ana Diaz,Femenino,2026-01-12,244.26,Escuintla,Food,True
512287,Ana Mejia,Femenino,2026-03-27,48.12,Amatitlan,Services,False
531302,Maria Paz,Masculino,2026-03-15,374.2,Guatemala,Food,False
550185,Patricia Soto,Femenino,2026-01-18,213.29,Escuintla,Retail,False
536789,Pablo Perez,Masculino,2026-03-03,370.14,Mixco,Education,False
517636,Pablo Perez,Masculino,2026-02-02,220.11,Villa Nueva,Food,False
505698,Maria Paz,Femenino,2026-01-19,107.58,Amatitlan,Services,False
595376,Paola Morales,Femenino,2026-03-04,246.56,Mixco,Education,False
505649,Ana Soto,Femenino,2026-03-10,163.17,Villa Nueva,Retail,False
549353,Maria Paz,Masculino,2026-03-13,244.26,Quetzaltenango,Food,True
584431,Luis Garcia,Masculino,2026-03-12,153.03,Antigua,Retail,False
584244,Patricia Soto,Masculino,2026-02-13,172.54,Antigua,Food,False
549848,Carlos Mendez,Masculino,2026-03-19,291.06,Mixco,Services,False
553968,Patricia Soto,Femenino,2026-01-04,251.9,Escuintla,Retail,True
567086,Rene Soto,Masculino,2026-03-08,230.72,Quetzaltenango,Education,False
513959,Jorge Castillo,Masculino,2026-01-02,382.64,Escuintla,Food,False
565016,Ana Diaz,Femenino,2026-02-01,233.72,Antigua,Food,False
556332,Carlos Mendez,Masculino,2026-01-12,251.9,Escuintla,Retail,True
565532,Ana Mejia,Femenino,2026-02-13,87.8,Villa Nueva,Food,False
503893,Pedro Herrera,Masculino,2026-02-08,338.9,Escuintla,Services,False
544873,Ana Diaz,Femenino,2026-02-08,162.79,Villa Nueva,Food,False
504111,Pedro Herrera,Masculino,2026-03-03,442.96,Mixco,Food,False
524483,Paola Morales,Femenino,2026-03-06,87.54,Escuintla,Services,False
553997,Lucia Perez,Femenino,2026-01-27,219.07,Quetzaltenango,Education,False
539910,Jorge Castillo,Femenino,2026-02-25,159.89,Quetzaltenango,Services,False
583948,Lucia Perez,Femenino,2026-02-14,53.93,Mixco,Retail,False
573138,Maria Paz,No Especificado,2026-02-25,51.45,Escuintla,Food,False
501641,Ana Soto,Femenino,2026-02-01,106.06,Amatitlan,Education,False
562912,Jorge Castillo,Masculino,2026-02-20,93.06,Guatemala,Retail,False
550652,Diego Ramirez,Femenino,2026-03-11,399.52,Antigua,Food,False
506521,Ana Mejia,Femenino,2026-03-05,345.88,Antigua,Retail,False
518745,Julio Morales,No Especificado,2026-03-08,404.15,Quetzaltenango,Services,False
530307,Patricia Soto,Femenino,2026-02-09,280.93,Guatemala,Services,False
529792,Luis Garcia,Masculino,2026-02-13,244.26,Antigua,Food,True
540826,Paola Morales,Masculino,2026-01-18,227.22,Villa Nueva,Services,False
574693,Isabel Ramirez,Femenino,2026-03-20,122.02,Guatemala,Services,False
586903,Ana Mejia,Femenino,2026-01-18,389.1,Quetzaltenango,Food,False
508106,Rene Soto,Femenino,2026-02-21,54.4,Guatemala,Services,False
504719,Mario Lopez,Masculino,2026-03-02,430.74,Amatitlan,Education,False
550633,Ana Diaz,Femenino,2026-01-27,293.11,Quetzaltenango,Services,False
507087,Ana Soto,Femenino,2026-02-22,205.33,Guatemala,Food,False
500301,Pablo Perez,Masculino,2026-03-03,434.91,Amatitlan,Food,False
529476,Monica Lopez,Femenino,2026-02-24,325.21,Mixco,Food,False
565069,Rene Soto,Masculino,2026-03-15,370.5,Guatemala,Retail,False
549310,Patricia Soto,Femenino,2026-01-16,288.0,Villa Nueva,Food,False
503883,Monica Lopez,Femenino,2026-03-27,176.19,Villa Nueva,Services,False
571527,Diego Ramirez,Masculino,2026-03-16,4480.54,Escuintla,Food,False
568715,Lucia Perez,Masculino,2026-02-14,328.58,Villa Nueva,Food,False
568355,Ana Soto,Femenino,2026-03-06,28.93,Antigua,Food,False
596056,Jorge Castillo,Femenino,2026-02-09,302.28,Mixco,Food,False
588710,Pablo Perez,Masculino,2026-03-27,160.0,Villa Nueva,Food,False
550496,Pedro Herrera,Masculino,2026-02-09,99.86,Guatemala,Education,False
576302,Julio Morales,Masculino,2026-03-11,403.72,Villa Nueva,Food,False
519568,Oscar Rojas,Masculino,2026-01-24,355.0,Villa Nueva,Food,False
539075,Rene Soto,Masculino,2026-02-09,221.9,Antigua,Education,True
592512,Patricia Soto,Femenino,2026-01-01,39.57,Guatemala,Food,False
567291,Isabel Ramirez,Femenino,2026-01-16,4192.9,Escuintla,Retail,False
544864,Mario Lopez,Masculino,2026-01-28,284.76,Amatitlan,Education,False
584116,Paola Herrera,Femenino,2026-02-25,339.58,Villa Nueva,Retail,False
510255,Oscar Rojas,Masculino,2026-03-27,311.12,Escuintla,Retail,False
599085,Julio Morales,Femenino,2026-01-21,247.62,Guatemala,Services,False
586427,Diego Ramirez,Masculino,2026-01-23,310.99,Mixco,Retail,False
591300,Ana Diaz,Femenino,2026-01-16,244.26,Antigua,Food,True
526229,Isabel Ramirez,Femenino,2026-02-25,164.48,Amatitlan,Education,False
549693,Paola Herrera,Femenino,2026-02-13,181.34,Mixco,Education,False
597093,Ana Mejia,Femenino,2026-01-25,65.14,Quetzaltenango,Retail,False
536892,Oscar Rojas,Masculino,2026-02-16,221.9,Antigua,Education,True
556129,Pedro Herrera,Femenino,2026-03-26,212.29,Antigua,Retail,False
580571,Rene Soto,Masculino,2026-02-15,55.66,Quetzaltenango,Services,False
529221,Pablo Perez,Masculino,2026-02-08,348.6,Mixco,Services,False
596270,Maria Paz,Femenino,2026-01-03,256.37,Escuintla,Retail,False
523204,Paola Morales,Femenino,2026-01-01,5846.15,Antigua,Food,False
565486,Rene Soto,Femenino,2026-01-20,377.31,Quetzaltenango,Food,False
544082,Maria Paz,Masculino,2026-02-24,381.57,Amatitlan,Services,False
590270,Ana Mejia,Femenino,2026-03-24,244.26,Escuintla,Food,True
506529,Paola Herrera,Femenino,2026-01-27,207.46,Escuintla,Education,False
573312,Carlos Mendez,Masculino,2026-03-02,409.02,Villa Nueva,Retail,False
596051,Julio Morales,Masculino,2026-02-14,345.77,Amatitlan,Services,False
531986,Paola Morales,Masculino,2026-02-25,396.77,Amatitlan,Services,False
582150,Monica Lopez,Masculino,2026-02-22,153.19,Guatemala,Education,False
575784,Monica Lopez,Femenino,2026-01-05,129.84,Escuintla,Education,False
551537,Paola Herrera,Femenino,2026-03-15,111.09,Villa Nueva,Education,False
585488,Ana Diaz,Femenino,2026-01-25,355.68,Villa Nueva,Food,False
536684,Lucia Perez,Femenino,2026-01-12,260.52,Escuintla,Services,False
556430,Oscar Rojas,Masculino,2026-01-14,360.86,Antigua,Retail,False
580644,Ana Diaz,Femenino,2026-01-17,221.9,Antigua,Education,True
573397,Lucia Perez,Femenino,2026-03-10,297.94,Guatemala,Retail,False
529864,Pablo Perez,Masculino,2026-02-28,228.29,Antigua,Retail,False
539156,Monica Lopez,Femenino,2026-01-21,244.26,Quetzaltenango,Food,True
591155,Julio Morales,Masculino,2026-03-02,287.19,Antigua,Services,False
549306,Mario Lopez,Masculino,2026-02-14,124.94,Mixco,Retail,False
581730,Diego Ramirez,Masculino,2026-03-20,403.92,Mixco,Food,False
541351,Pablo Perez,Masculino,2026-02-19,342.43,Guatemala,Services,False
578327,Ana Mejia,Masculino,2026-01-01,435.74,Villa Nueva,Services,False
546572,Oscar Rojas,No Especificado,2026-02-03,301.07,Quetzaltenango,Food,False
586768,Pedro Herrera,No Especificado,2026-03-17,221.9,Villa Nueva,Education,True
583084,Jorge Castillo,Masculino,2026-02-28,444.11,Quetzaltenango,Retail,False
529678,Patricia Soto,No Especificado,2026-03-20,438.95,Amatitlan,Services,False
572836,Luis Garcia,Femenino,2026-03-06,411.58,Guatemala,Retail,False
516204,Jorge Castillo,No Especificado,2026-01-07,89.05,Amatitlan,Services,False
593392,Pablo Perez,Masculino,2026-02-04,143.05,Escuintla,Services,False
593074,Diego Ramirez,Masculino,2026-03-21,168.48,Escuintla,Retail,False
535190,Oscar Rojas,Femenino,2026-01-12,143.7,Amatitlan,Education,False
597874,Ana Diaz,Femenino,2026-02-23,231.82,Amatitlan,Retail,False
567983,Lucia Perez,Femenino,2026-02-15,432.57,Antigua,Retail,False
556917,Paola Morales,Masculino,2026-02-09,188.56,Quetzaltenango,Food,False
509933,Maria Paz,Femenino,2026-03-14,244.26,Quetzaltenango,Food,True
582555,Ana Soto,Femenino,2026-02-05,95.68,Quetzaltenango,Food,False
590214,Ana Diaz,Femenino,2026-02-10,99.61,Quetzaltenango,Retail,False
590479,Paola Morales,Femenino,2026-02-16,216.53,Guatemala,Food,False
527211,Oscar Rojas,Masculino,2026-03-22,345.47,Guatemala,Food,False
514605,Paola Morales,Femenino,2026-02-19,184.52,Amatitlan,Services,False
588797,Paola Morales,Femenino,2026-02-25,392.34,Escuintla,Services,False
524024,Luis Garcia,Masculino,2026-01-08,221.73,Escuintla,Retail,False
559973,Ana Soto,Femenino,2026-03-04,303.06,Mixco,Education,False
573097,Lucia Perez,No Especificado,2026-01-08,246.7,Mixco,Education,False
571055,Diego Ramirez,Femenino,2026-01-04,301.89,Guatemala,Food,False
558611,Mario Lopez,Masculino,2026-02-19,429.27,Villa Nueva,Education,False
510144,Jorge Castillo,Masculino,2026-02-17,251.9,Escuintla,Retail,True
527875,Maria Paz,Femenino,2026-02-19,58.43,Quetzaltenango,Education,False
541553,Paola Herrera,Masculino,2026-01-05,170.41,Mixco,Services,False
521058,Julio Morales,Masculino,2026-02-25,183.18,Antigua,Education,False
504370,Paola Morales,Femenino,2026-01-05,132.23,Quetzaltenango,Retail,False
593951,Monica Lopez,Femenino,2026-02-10,287.17,Villa Nueva,Retail,False
593684,Paola Herrera,Femenino,2026-01-08,221.9,Antigua,Education,True
542695,Ana Soto,Masculino,2026-01-02,379.56,Amatitlan,Retail,False
536019,Monica Lopez,Femenino,2026-02-11,195.8,Guatemala,Retail,False
530778,Ana Diaz,Femenino,2026-01-22,103.09,Mixco,Education,False
574975,Rene Soto,Masculino,2026-02-22,244.26,Escuintla,Food,True
589764,Paola Herrera,Femenino,2026-03-05,4494.89,Mixco,Retail,False
514271,Carlos Mendez,Masculino,2026-01-25,206.04,Guatemala,Services,False
506825,Ana Mejia,Femenino,2026-01-06,249.59,Guatemala,Education,False
593021,Oscar Rojas,Masculino,2026-03-15,437.17,Antigua,Food,False
593127,Ana Diaz,Femenino,2026-03-02,316.58,Mixco,Food,False
555600,Monica Lopez,Femenino,2026-01-08,431.68,Amatitlan,Food,False
566685,Rene Soto,Masculino,2026-02-01,129.1,Villa Nueva,Education,False
590600,Julio Morales,No Especificado,2026-02-18,310.58,Quetzaltenango,Food,False
527467,Monica Lopez,Femenino,2026-01-20,408.14,Guatemala,Food,False
548596,Patricia Soto,Femenino,2026-03-20,314.2,Mixco,Retail,False
502656,Mario Lopez,Masculino,2026-03-09,401.77,Mixco,Food,False
592882,Rene Soto,Femenino,2026-01-10,406.48,Amatitlan,Education,False
527630,Oscar Rojas,Masculino,2026-03-28,141.54,Mixco,Retail,False
597518,Paola Herrera,Femenino,2026-01-08,79.25,Amatitlan,Food,False
534912,Mario Lopez,Masculino,2026-03-17,237.27,Quetzaltenango,Services,False
520501,Rene Soto,Masculino,2026-01-19,416.4,Escuintla,Retail,False
522353,Pedro Herrera,Masculino,2026-02-22,8204.71,Mixco,Education,False
562639,Ana Mejia,Femenino,2026-02-23,215.41,Guatemala,Food,False
518202,Paola Morales,Femenino,2026-02-07,59.68,Amatitlan,Retail,False
553963,Pedro Herrera,Masculino,2026-01-19,385.06,Amatitlan,Education,False
521182,Luis Garcia,Masculino,2026-01-20,39.31,Quetzaltenango,Retail,False
509025,Paola Morales,Femenino,2026-03-01,178.1,Escuintla,Food,False
509646,Mario Lopez,Masculino,2026-01-04,169.02,Amatitlan,Services,False
515578,Julio Morales,Masculino,2026-01-09,217.74,Escuintla,Retail,False
597602,Lucia Perez,Femenino,2026-03-23,216.32,Guatemala,Services,False
527108,Carlos Mendez,Masculino,2026-03-10,413.05,Mixco,Services,False
560762,Carlos Mendez,Masculino,2026-03-08,157.56,Quetzaltenango,Education,False
542501,Monica Lopez,Femenino,2026-03-25,208.15,Guatemala,Food,False
599856,Ana Soto,Femenino,2026-02-17,302.95,Mixco,Retail,False
555046,Paola Herrera,Femenino,2026-03-23,4475.33,Antigua,Education,False
554414,Pedro Herrera,Masculino,2026-02-18,391.12,Escuintla,Services,False
520310,Julio Morales,Masculino,2026-03-19,194.21,Quetzaltenango,Retail,False
549474,Oscar Rojas,Masculino,2026-03-25,322.51,Mixco,Services,False
549662,Monica Lopez,Masculino,2026-02-22,212.36,Quetzaltenango,No Especificado,False
556894,Luis Garcia,Masculino,2026-02-17,368.04,Quetzaltenango,Services,False
560012,Luis Garcia,Masculino,2026-03-14,103.26,Villa Nueva,Retail,False
574828,Pablo Perez,Femenino,2026-02-01,295.6,Mixco,Retail,False
510284,Pablo Perez,Masculino,2026-03-12,302.3,Amatitlan,Education,False
531020,Maria Paz,Femenino,2026-03-10,71.98,Escuintla,Retail,False
563721,Carlos Mendez,Masculino,2026-01-04,417.21,Antigua,Retail,False
523334,Maria Paz,Femenino,2026-03-24,203.08,Mixco,Education,False
550670,Julio Morales,Masculino,2026-02-28,210.81,Guatemala,Food,False
510891,Paola Herrera,Femenino,2026-03-11,308.34,Antigua,Retail,False
579072,Lucia Perez,Masculino,2026-02-24,235.27,Guatemala,Retail,False
571130,Lucia Perez,Femenino,2026-03-07,112.91,Amatitlan,Food,False
558956,Lucia Perez,Masculino,2026-01-20,75.44,Villa Nueva,Services,False
546978,Julio Morales,Masculino,2026-01-05,272.0,Villa Nueva,Food,False
534417,Luis Garcia,Masculino,2026-03-21,223.77,Quetzaltenango,Food,False
575882,Ana Diaz,Femenino,2026-03-02,259.01,Amatitlan,Education,False
510791,Monica Lopez,Masculino,2026-01-14,435.54,Amatitlan,Retail,False
562771,Monica Lopez,Femenino,2026-02-19,330.41,Antigua,Services,False
544287,Monica Lopez,Masculino,2026-01-16,429.12,Mixco,Retail,False
527185,Pedro Herrera,Masculino,2026-01-08,280.24,Escuintla,Education,False
501554,Ana Diaz,Femenino,2026-01-06,193.04,Escuintla,Retail,False
588897,Monica Lopez,Femenino,2026-02-05,121.25,Quetzaltenango,Education,False
573776,Julio Morales,Masculino,2026-01-20,312.89,Guatemala,Services,False
557293,Ana Diaz,Femenino,2026-03-09,296.61,Escuintla,Services,False
503035,Ana Soto,Femenino,2026-02-13,250.22,Guatemala,Services,True
512653,Mario Lopez,Masculino,2026-02-24,362.01,Quetzaltenango,Retail,False
502844,Pedro Herrera,Masculino,2026-01-26,251.9,Quetzaltenango,Retail,True
590344,Maria Paz,Femenino,2026-01-15,399.6,Escuintla,Retail,False
567522,Ana Mejia,Masculino,2026-02-20,244.8,Mixco,Education,False
584805,Rene Soto,Masculino,2026-03-11,232.29,Quetzaltenango,Retail,False
555772,Diego Ramirez,No Especificado,2026-03-08,198.13,Mixco,Services,False
554227,Rene Soto,Femenino,2026-01-13,368.82,Guatemala,Education,False
594763,Pablo Perez,Femenino,2026-01-08,132.26,Escuintla,Retail,False
513103,Oscar Rojas,Masculino,2026-03-21,56.9,Villa Nueva,Retail,False
556775,Diego Ramirez,Masculino,2026-01-14,333.28,Guatemala,Retail,False
573011,Paola Herrera,Masculino,2026-01-15,63.92,Escuintla,Retail,False
565896,Pablo Perez,Masculino,2026-03-20,166.71,Escuintla,Education,False
510182,Paola Herrera,Femenino,2026-03-25,318.22,Amatitlan,Education,False
548988,Paola Herrera,Femenino,2026-03-26,289.88,Antigua,Retail,False
504965,Monica Lopez,Femenino,2026-02-20,154.83,Escuintla,Retail,False
579233,Maria Paz,Femenino,2026-03-08,440.54,Villa Nueva,Education,False
519242,Diego Ramirez,Femenino,2026-02-14,316.06,Mixco,Services,False
538826,Patricia Soto,Masculino,2026-01-28,185.48,Guatemala,Food,False
590189,Ana Diaz,Masculino,2026-01-14,240.49,Guatemala,Food,False
516636,Maria Paz,Femenino,2026-03-08,331.78,Escuintla,Retail,False
575371,Maria Paz,Femenino,2026-02-17,238.16,Villa Nueva,Retail,False
507221,Julio Morales,Masculino,2026-03-08,46.89,Mixco,Services,False
512642,Mario Lopez,Masculino,2026-01-04,388.85,Quetzaltenango,Retail,False
568534,Lucia Perez,Femenino,2026-01-25,74.24,Amatitlan,Services,False
563667,Carlos Mendez,Masculino,2026-02-24,386.64,Antigua,Retail,False
526712,Paola Morales,Masculino,2026-01-23,401.39,Villa Nueva,Services,False
579903,Julio Morales,No Especificado,2026-02-28,250.22,Quetzaltenango,Services,True
549017,Mario Lopez,Masculino,2026-01-28,365.09,Escuintla,Food,False
586792,Paola Morales,Femenino,2026-03-22,375.83,Antigua,Services,False
566099,Oscar Rojas,Masculino,2026-03-08,180.19,Quetzaltenango,Education,False
593970,Maria Paz,Femenino,2026-03-05,363.6,Amatitlan,Food,False
529061,Pedro Herrera,Masculino,2026-03-06,386.05,Amatitlan,Services,False
569857,Luis Garcia,Masculino,2026-03-19,393.92,Amatitlan,Retail,False
541648,Oscar Rojas,Masculino,2026-03-16,198.2,No Especificado,Food,False
564200,Isabel Ramirez,Masculino,2026-01-16,445.99,Guatemala,Retail,False
527906,Pedro Herrera,Masculino,2026-01-10,369.26,Mixco,Food,False
508346,Ana Soto,Femenino,2026-01-25,36.69,Guatemala,Education,False
506882,Lucia Perez,Masculino,2026-03-08,244.19,Mixco,Food,False
510792,Ana Diaz,Femenino,2026-01-04,185.22,Quetzaltenango,Education,False
571879,Paola Herrera,Femenino,2026-01-08,244.26,Quetzaltenango,Food,True
574893,Luis Garcia,Femenino,2026-03-11,333.99,Mixco,Food,False
569632,Pablo Perez,Masculino,2026-01-27,7060.96,Villa Nueva,Education,False
552945,Isabel Ramirez,Femenino,2026-01-26,204.85,Mixco,Education,False
596526,Julio Morales,Masculino,2026-03-06,221.9,Guatemala,Education,True
592358,Paola Herrera,Femenino,2026-03-04,220.88,Antigua,Education,False
514598,Oscar Rojas,Femenino,2026-03-01,319.43,Amatitlan,Retail,False
576864,Luis Garcia,Masculino,2026-03-17,232.32,Villa Nueva,Food,False
560181,Ana Diaz,Masculino,2026-02-15,68.1,Mixco,Retail,False
589348,Maria Paz,Femenino,2026-02-28,221.12,Antigua,Retail,False
536253,Mario Lopez,Masculino,2026-03-17,433.61,Amatitlan,Education,False
511834,Carlos Mendez,Masculino,2026-02-24,91.41,Mixco,Education,False
575559,Julio Morales,Femenino,2026-02-17,42.55,Mixco,Services,False
567165,Ana Soto,Masculino,2026-01-11,148.19,Antigua,Retail,False
583699,Ana Diaz,Masculino,2026-03-01,287.96,Escuintla,Retail,False
558177,Carlos Mendez,Femenino,2026-01-25,325.3,Escuintla,Retail,False
591841,Maria Paz,Femenino,2026-01-14,369.63,Villa Nueva,Education,False
558353,Ana Soto,Femenino,2026-02-16,253.44,Amatitlan,Food,False
531719,Jorge Castillo,Femenino,2026-03-02,221.58,Mixco,Services,False
556035,Ana Mejia,Femenino,2026-02-12,161.17,Antigua,Services,False
535958,Pablo Perez,Masculino,2026-01-23,147.31,Antigua,Services,False
506088,Patricia Soto,Masculino,2026-02-07,378.76,Antigua,Retail,False
561992,Ana Diaz,Femenino,2026-01-17,296.93,Escuintla,Services,False
509173,Pedro Herrera,Masculino,2026-02-28,221.9,Mixco,Education,True
553899,Paola Morales,Femenino,2026-01-02,149.97,Quetzaltenango,Food,False
599316,Lucia Perez,Femenino,2026-03-08,109.05,Escuintla,Education,False
564163,Monica Lopez,Masculino,2026-03-10,302.53,Antigua,Retail,False
527354,Rene Soto,Femenino,2026-01-11,166.21,Villa Nueva,Education,False
535893,Ana Soto,Masculino,2026-01-15,244.39,Escuintla,Food,False
504584,Ana Diaz,Femenino,2026-01-13,289.78,Guatemala,Services,False
506844,Ana Soto,Femenino,2026-03-13,208.14,Amatitlan,Retail,False
506015,Maria Paz,Femenino,2026-03-22,166.26,Mixco,Retail,False
568816,Lucia Perez,Femenino,2026-01-27,446.59,Escuintla,Food,False
531763,Jorge Castillo,Masculino,2026-03-19,312.51,Villa Nueva,Services,False
506874,Isabel Ramirez,Femenino,2026-01-15,390.69,Villa Nueva,Retail,False
512571,Ana Mejia,No Especificado,2026-02-19,425.68,Escuintla,Food,False
571111,Pablo Perez,Masculino,2026-03-20,285.62,Escuintla,Education,False
533331,Lucia Perez,Femenino,2026-03-09,395.12,Antigua,Education,False
503798,Luis Garcia,Masculino,2026-01-13,353.32,Antigua,Retail,False
522027,Julio Morales,Masculino,2026-02-23,111.09,Mixco,Retail,False
598436,Monica Lopez,Femenino,2026-03-02,136.55,Villa Nueva,Education,False
561107,Ana Soto,Femenino,2026-02-06,226.63,Antigua,Education,False
585797,Patricia Soto,Femenino,2026-02-13,211.16,Antigua,Education,False
516500,Oscar Rojas,Masculino,2026-02-16,325.91,Quetzaltenango,Services,False
575255,Diego Ramirez,Masculino,2026-01-07,355.12,Guatemala,Retail,False
591288,Paola Morales,Femenino,2026-02-05,158.41,Villa Nueva,Retail,False
509907,Julio Morales,Femenino,2026-01-05,33.7,Villa Nueva,Food,False
585266,Pablo Perez,Masculino,2026-01-24,433.52,Villa Nueva,Services,False
562285,Luis Garcia,Masculino,2026-03-24,193.51,Amatitlan,Education,False
586319,Pedro Herrera,Masculino,2026-03-26,361.9,Escuintla,Education,False
568170,Paola Morales,Femenino,2026-01-24,276.31,Villa Nueva,Services,False
542653,Pablo Perez,Masculino,2026-02-14,41.22,Mixco,Food,False
595422,Jorge Castillo,Masculino,2026-02-22,103.05,Mixco,Retail,False
524068,Jorge Castillo,Masculino,2026-02-01,435.62,Amatitlan,Retail,False
529903,Jorge Castillo,Masculino,2026-03-11,388.39,Quetzaltenango,Education,False
539583,Carlos Mendez,Masculino,2026-03-16,448.99,Villa Nueva,Food,False
529423,Paola Morales,Femenino,2026-03-18,35.6,Mixco,Retail,False
566247,Patricia Soto,Femenino,2026-01-02,422.76,Escuintla,Retail,False
565409,Patricia Soto,Femenino,2026-01-16,244.26,Guatemala,Food,True
558914,Maria Paz,Femenino,2026-03-19,303.65,Escuintla,Education,False
576413,Ana Soto,No Especificado,2026-01-09,348.22,Escuintla,Education,False
581973,Pablo Perez,Masculino,2026-02-13,47.95,Mixco,Education,False
516488,Maria Paz,Femenino,2026-01-24,170.34,Quetzaltenango,Services,False
573438,Maria Paz,No Especificado,2026-02-23,251.9,Mixco,Retail,True
556460,Lucia Perez,Femenino,2026-01-05,95.59,Antigua,Services,False
500607,Lucia Perez,Femenino,2026-03-24,53.01,Antigua,Education,False
539981,Rene Soto,Masculino,2026-01-12,347.54,Guatemala,Services,False
548659,Luis Garcia,Masculino,2026-02-02,86.35,Antigua,Education,False
537210,Carlos Mendez,Femenino,2026-02-16,412.66,Guatemala,Retail,False
510930,Paola Herrera,Femenino,2026-02-25,107.39,Amatitlan,Services,False
564775,Jorge Castillo,Femenino,2026-01-27,69.51,Amatitlan,Education,False
529947,Luis Garcia,Masculino,2026-03-28,57.29,Villa Nueva,Education,False
556532,Lucia Perez,Femenino,2026-02-20,69.95,Quetzaltenango,Food,False
577739,Ana Diaz,Femenino,2026-02-17,61.64,Escuintla,Services,False
517088,Mario Lopez,Masculino,2026-02-05,196.36,Quetzaltenango,Services,False
558885,Patricia Soto,Femenino,2026-02-26,224.7,Antigua,Retail,False
518066,Ana Diaz,Femenino,2026-03-23,328.85,Escuintla,Retail,False
554966,Julio Morales,Masculino,2026-01-14,447.5,Escuintla,Retail,False
567061,Rene Soto,Masculino,2026-03-11,438.79,Escuintla,Services,False
546930,Monica Lopez,Femenino,2026-02-09,211.93,Quetzaltenango,Education,False
586264,Lucia Perez,Femenino,2026-01-18,272.62,Mixco,Food,False
556397,Oscar Rojas,Masculino,2026-01-21,449.04,Amatitlan,Food,False
521073,Isabel Ramirez,Femenino,2026-02-11,123.81,Quetzaltenango,Food,False
595109,Maria Paz,Femenino,2026-01-09,412.82,Mixco,Retail,False
583848,Pedro Herrera,Masculino,2026-03-19,340.7,Antigua,Education,False
518530,Paola Morales,Femenino,2026-01-16,77.6,Guatemala,Food,False
506135,Paola Morales,Femenino,2026-03-09,155.95,Quetzaltenango,Retail,False
518878,Julio Morales,Masculino,2026-03-17,27.52,Amatitlan,Retail,False
564891,Oscar Rojas,Masculino,2026-01-21,108.69,Guatemala,Food,False
596315,Ana Diaz,Femenino,2026-03-17,123.06,Antigua,Education,False
573944,Julio Morales,Femenino,2026-01-24,438.53,Escuintla,Retail,False
565428,Isabel Ramirez,Femenino,2026-01-05,77.97,Antigua,Services,False
567585,Luis Garcia,Masculino,2026-02-20,133.72,Antigua,Retail,False
516714,Mario Lopez,Masculino,2026-03-11,244.26,Antigua,Food,True
528600,Ana Mejia,Femenino,2026-02-09,82.14,Mixco,Retail,False
525492,Ana Diaz,Femenino,2026-01-15,4202.38,Antigua,Food,False
532707,Pablo Perez,Masculino,2026-02-02,431.14,Amatitlan,Retail,False
511498,Ana Mejia,Masculino,2026-01-25,430.49,Guatemala,Services,False
560210,Carlos Mendez,Masculino,2026-01-19,426.96,Guatemala,Education,False
595530,Diego Ramirez,Masculino,2026-01-27,244.26,Amatitlan,Food,True
557273,Patricia Soto,Femenino,2026-02-10,390.77,Mixco,Education,False
517573,Maria Paz,Femenino,2026-02-03,401.03,Escuintla,Education,False
585767,Maria Paz,Femenino,2026-02-07,302.06,Villa Nueva,Food,False
530204,Pedro Herrera,Masculino,2026-01-20,260.22,Escuintla,Food,False
528864,Paola Morales,Femenino,2026-03-18,100.95,Quetzaltenango,Food,False
519588,Maria Paz,Femenino,2026-02-26,95.04,Quetzaltenango,Education,False
525385,Rene Soto,Masculino,2026-03-10,117.48,Mixco,Services,False
513070,Ana Mejia,Femenino,2026-02-28,198.97,Antigua,Retail,False
540591,Mario Lopez,Masculino,2026-01-20,72.41,Villa Nueva,Food,False
593002,Ana Soto,Masculino,2026-02-21,425.41,Quetzaltenango,Retail,False
525387,Diego Ramirez,Masculino,2026-01-13,348.22,Antigua,Services,False
532779,Paola Morales,Femenino,2026-03-20,251.46,Escuintla,Food,False
536660,Patricia Soto,Masculino,2026-01-01,448.4,Villa Nueva,Food,False
521304,Pedro Herrera,Femenino,2026-03-27,63.93,Villa Nueva,Retail,False
533927,Pedro Herrera,Masculino,2026-01-18,361.95,Mixco,Services,False
592825,Jorge Castillo,Masculino,2026-03-11,167.53,Antigua,Retail,False
596713,Lucia Perez,Masculino,2026-01-03,369.11,Escuintla,Education,False
511769,Rene Soto,Masculino,2026-02-24,31.19,Guatemala,Retail,False
566332,Ana Diaz,Femenino,2026-03-13,251.9,Escuintla,Retail,True
597337,Maria Paz,Femenino,2026-01-09,132.62,Mixco,Services,False
581002,Patricia Soto,Femenino,2026-01-03,421.87,Mixco,Services,False
597993,Jorge Castillo,Masculino,2026-01-17,367.62,Mixco,Retail,False
532241,Jorge Castillo,Masculino,2026-02-02,396.16,Escuintla,Education,False
532760,Luis Garcia,Masculino,2026-01-16,448.4,Villa Nueva,Food,False
579079,Julio Morales,Masculino,2026-01-12,207.66,Mixco,Food,False
584727,Julio Morales,Masculino,2026-01-20,343.26,Villa Nueva,Services,False
553364,Mario Lopez,Femenino,2026-01-04,430.25,Mixco,Food,False
587231,Lucia Perez,Femenino,2026-01-19,435.87,Amatitlan,Retail,False
524774,Paola Herrera,Masculino,2026-02-20,255.65,Quetzaltenango,Retail,False
514159,Mario Lopez,Masculino,2026-02-16,41.39,Antigua,Services,False
500179,Julio Morales,Masculino,2026-02-22,250.22,Escuintla,Services,True
550609,Pablo Perez,Masculino,2026-03-13,354.59,Guatemala,Retail,False
571780,Mario Lopez,Masculino,2026-02-02,221.9,Antigua,Education,True
548498,Maria Paz,Femenino,2026-03-02,235.54,Guatemala,Food,False
549328,Ana Soto,Masculino,2026-01-16,23.76,Antigua,Retail,False
579504,Lucia Perez,Femenino,2026-02-21,171.24,Mixco,Food,False
517220,Lucia Perez,Femenino,2026-03-27,338.0,Quetzaltenango,Education,False
533793,Pablo Perez,Femenino,2026-02-23,235.68,Guatemala,Services,False
517560,Ana Soto,No Especificado,2026-02-19,355.7,Mixco,Retail,False
580983,Jorge Castillo,Masculino,2026-03-08,379.14,Villa Nueva,Education,False
554704,Mario Lopez,Masculino,2026-03-13,58.56,Guatemala,Education,False
597928,Lucia Perez,Femenino,2026-03-24,390.93,Guatemala,Retail,False
596262,Maria Paz,Femenino,2026-01-17,278.86,Escuintla,Retail,False
593012,Mario Lopez,Masculino,2026-01-28,53.62,Guatemala,Services,False
557122,Paola Herrera,Masculino,2026-02-02,274.77,Guatemala,Food,False
578964,Paola Herrera,Femenino,2026-01-18,249.72,Amatitlan,Food,False
534457,Oscar Rojas,Femenino,2026-01-25,169.29,Mixco,Education,False
587654,Jorge Castillo,Femenino,2026-01-14,318.98,Mixco,Retail,False
525236,Pablo Perez,Masculino,2026-02-02,119.16,Villa Nueva,Education,False
547401,Oscar Rojas,Masculino,2026-03-10,175.65,Antigua,Education,False
534979,Luis Garcia,Masculino,2026-03-18,66.89,Amatitlan,Food,False
553321,Monica Lopez,Femenino,2026-03-16,134.73,Villa Nueva,Retail,False
502773,Pablo Perez,Masculino,2026-03-27,448.74,Antigua,Education,False
550389,Patricia Soto,Femenino,2026-02-22,92.91,Amatitlan,Education,False
595528,Oscar Rojas,Masculino,2026-02-07,295.64,Antigua,Services,False
572166,Maria Paz,Femenino,2026-02-15,422.94,Quetzaltenango,Services,False
519942,Lucia Perez,Femenino,2026-03-18,220.83,Guatemala,Food,False
533928,Paola Morales,Masculino,2026-03-26,346.39,Mixco,Retail,False
560271,Luis Garcia,Masculino,2026-02-21,186.26,Amatitlan,Retail,False
567255,Mario Lopez,Masculino,2026-02-11,329.06,Villa Nueva,Services,False
596574,Diego Ramirez,Femenino,2026-01-27,447.38,Antigua,Services,False
551017,Diego Ramirez,Masculino,2026-02-05,349.91,Villa Nueva,Retail,False
541224,Ana Mejia,Masculino,2026-02-08,139.33,Escuintla,Services,False
578455,Oscar Rojas,Masculino,2026-03-28,299.38,Quetzaltenango,Food,False
595437,Ana Soto,Masculino,2026-01-13,59.85,Escuintla,Food,False
536106,Paola Herrera,Femenino,2026-03-06,126.7,Antigua,Food,False
549654,Carlos Mendez,Masculino,2026-03-13,233.05,Escuintla,Food,False
518489,Monica Lopez,Femenino,2026-02-19,383.51,Antigua,Services,False
535965,Paola Morales,Masculino,2026-01-07,179.46,Guatemala,Education,False
521370,Paola Morales,Masculino,2026-02-04,230.89,Escuintla,Food,False
566172,Monica Lopez,Femenino,2026-03-26,162.23,Amatitlan,Education,False
555610,Oscar Rojas,Masculino,2026-01-27,168.38,Amatitlan,Education,False
547085,Paola Herrera,Masculino,2026-01-10,264.33,Quetzaltenango,Retail,False
589393,Mario Lopez,Masculino,2026-02-26,70.13,Antigua,Education,False
547242,Maria Paz,Femenino,2026-03-17,400.18,Mixco,Food,False
597885,Mario Lopez,Femenino,2026-01-20,338.76,Amatitlan,Education,False
536360,Ana Soto,Masculino,2026-03-10,443.75,Villa Nueva,Retail,False
590956,Rene Soto,Masculino,2026-03-05,305.05,Villa Nueva,Food,False
560090,Paola Herrera,Femenino,2026-01-01,36.73,Guatemala,Education,False
541254,Pablo Perez,Masculino,2026-02-22,442.52,Antigua,Education,False
502314,Patricia Soto,Femenino,2026-03-25,335.65,Mixco,Retail,False
543695,Ana Diaz,Femenino,2026-02-23,324.34,Quetzaltenango,Education,False
544008,Carlos Mendez,Masculino,2026-01-06,70.07,Escuintla,Services,False
516918,Paola Herrera,Masculino,2026-03-16,251.3,Mixco,Education,False
500652,Lucia Perez,Femenino,2026-01-22,40.21,Amatitlan,Retail,False
568456,Luis Garcia,Masculino,2026-03-13,199.74,Mixco,Food,False
517464,Mario Lopez,Femenino,2026-01-06,282.3,Villa Nueva,Food,False
518347,Lucia Perez,Femenino,2026-03-12,86.81,Villa Nueva,Services,False
536641,Luis Garcia,Masculino,2026-03-05,369.56,Guatemala,Retail,False
596848,Carlos Mendez,Masculino,2026-01-23,271.73,Amatitlan,Food,False
570900,Ana Mejia,Femenino,2026-02-03,345.27,Guatemala,Food,False
514325,Lucia Perez,Femenino,2026-02-17,40.02,Antigua,Education,False
574743,Ana Mejia,Femenino,2026-01-11,160.26,Antigua,Education,False
589930,Pedro Herrera,Femenino,2026-02-27,250.22,Guatemala,Services,True
574619,Pablo Perez,Masculino,2026-03-16,65.22,Guatemala,Services,False
550194,Ana Mejia,Femenino,2026-01-26,174.78,Villa Nueva,Services,False
538436,Rene Soto,Masculino,2026-03-26,65.4,Villa Nueva,Retail,False
553638,Oscar Rojas,Masculino,2026-03-27,395.78,Quetzaltenango,Education,False
588115,Carlos Mendez,Masculino,2026-01-09,309.91,Quetzaltenango,Retail,False
579334,Monica Lopez,Femenino,2026-01-03,147.1,Mixco,Food,False
530686,Paola Morales,Femenino,2026-02-03,21.02,Quetzaltenango,Education,False
589957,Ana Soto,No Especificado,2026-02-10,305.5,Quetzaltenango,Education,False
506967,Julio Morales,Femenino,2026-01-15,149.0,Antigua,Retail,False
509241,Mario Lopez,Masculino,2026-03-11,416.92,Mixco,Food,False
593461,Diego Ramirez,Masculino,2026-02-11,324.45,Villa Nueva,Services,False
515670,Rene Soto,Masculino,2026-01-02,221.9,Escuintla,Education,True
525400,Paola Herrera,Femenino,2026-02-09,291.23,Escuintla,Services,False
544378,Monica Lopez,Femenino,2026-03-08,20.56,Amatitlan,Services,False
597076,Ana Mejia,Femenino,2026-03-16,429.62,Amatitlan,Services,False
542077,Pablo Perez,Masculino,2026-02-26,444.15,Quetzaltenango,Retail,False
551873,Diego Ramirez,Masculino,2026-03-13,168.63,Amatitlan,Education,False
501462,Isabel Ramirez,Masculino,2026-01-03,347.61,Mixco,Retail,False
543260,Pablo Perez,Masculino,2026-02-02,372.71,Antigua,Food,False
569909,Maria Paz,Femenino,2026-01-21,55.66,Villa Nueva,Food,False
524556,Ana Mejia,Femenino,2026-02-21,276.32,Villa Nueva,Education,False
534889,Ana Soto,Femenino,2026-03-17,38.17,Escuintla,Food,False
595075,Maria Paz,Femenino,2026-02-25,99.83,Guatemala,Retail,False
521347,Carlos Mendez,Masculino,2026-03-07,64.31,Antigua,Services,False
522052,Monica Lopez,Femenino,2026-02-28,227.34,Amatitlan,Education,False
562313,Luis Garcia,Masculino,2026-01-07,413.33,Antigua,Education,False
569512,Monica Lopez,Femenino,2026-01-24,437.37,Villa Nueva,Services,False
578468,Diego Ramirez,Masculino,2026-03-06,200.05,Escuintla,Services,False
540378,Maria Paz,Femenino,2026-02-20,270.56,Villa Nueva,Services,False
508151,Oscar Rojas,Masculino,2026-01-15,268.65,Quetzaltenango,Services,False
585036,Maria Paz,Masculino,2026-01-10,101.36,Escuintla,Services,False
586597,Carlos Mendez,Masculino,2026-03-02,402.66,Escuintla,Education,False
596314,Ana Diaz,Femenino,2026-01-20,267.14,Antigua,Retail,False
575403,Paola Herrera,Femenino,2026-01-09,175.97,Villa Nueva,Food,False
594770,Diego Ramirez,Masculino,2026-01-24,146.33,Antigua,Education,False
542668,Jorge Castillo,Femenino,2026-03-23,404.06,Amatitlan,Education,False
528509,Patricia Soto,Femenino,2026-03-02,301.62,Amatitlan,Education,False
502721,Lucia Perez,Femenino,2026-02-10,244.26,Antigua,Food,True
517063,Monica Lopez,Femenino,2026-02-07,305.45,Amatitlan,Services,False
514734,Ana Soto,Femenino,2026-02-13,433.17,Escuintla,Education,False
599993,Paola Herrera,Femenino,2026-01-14,144.45,Villa Nueva,Education,False
527852,Paola Herrera,Femenino,2026-01-07,302.03,Guatemala,Education,False
585851,Isabel Ramirez,Femenino,2026-01-20,196.82,Antigua,Retail,False
592672,Carlos Mendez,Femenino,2026-03-21,205.86,Escuintla,Retail,False
551367,Monica Lopez,Femenino,2026-02-23,155.68,Mixco,Services,False
557887,Carlos Mendez,Masculino,2026-02-03,104.34,Antigua,Education,False
571686,Rene Soto,Masculino,2026-02-02,316.67,Villa Nueva,Education,False
553007,Ana Soto,Femenino,2026-03-05,434.48,Quetzaltenango,Services,False
586603,Patricia Soto,Femenino,2026-02-15,58.04,Antigua,Retail,False
540690,Paola Morales,Femenino,2026-02-17,271.73,Amatitlan,Retail,False
539601,Pedro Herrera,Masculino,2026-02-20,435.02,Mixco,Education,False
544094,Luis Garcia,Femenino,2026-02-14,131.38,Antigua,Education,False
599155,Monica Lopez,Femenino,2026-03-19,442.94,Antigua,Education,False
596562,Maria Paz,Femenino,2026-01-12,262.17,Quetzaltenango,Food,False
595593,Diego Ramirez,Femenino,2026-03-23,174.52,Antigua,Services,False
556723,Maria Paz,Femenino,2026-02-15,354.43,Antigua,Retail,False
531597,Rene Soto,Masculino,2026-03-25,276.43,Quetzaltenango,Education,False
533549,Patricia Soto,Femenino,2026-02-13,156.63,Amatitlan,Education,False
545246,Patricia Soto,Femenino,2026-02-01,51.49,Amatitlan,Services,False
564993,Maria Paz,Femenino,2026-03-22,331.72,Quetzaltenango,Education,False
506244,Lucia Perez,Masculino,2026-02-01,35.13,Guatemala,Services,False
571575,Mario Lopez,Masculino,2026-02-18,118.46,Antigua,Services,False
585545,Mario Lopez,Masculino,2026-01-10,302.88,Mixco,Services,False
577685,Luis Garcia,Masculino,2026-02-17,171.59,Guatemala,Services,False
503188,Maria Paz,Femenino,2026-02-24,345.49,Villa Nueva,Education,False
541741,Paola Morales,Femenino,2026-01-21,81.71,Villa Nueva,Food,False
513676,Maria Paz,Femenino,2026-02-10,361.14,Amatitlan,Education,False
561028,Ana Diaz,Femenino,2026-03-27,275.62,Guatemala,Services,False
501705,Luis Garcia,Femenino,2026-03-02,193.07,Amatitlan,Education,False
515717,Paola Morales,Femenino,2026-01-13,323.9,Antigua,Retail,False
590904,Paola Morales,Masculino,2026-02-21,375.2,Quetzaltenango,Food,False
519230,Rene Soto,Masculino,2026-02-19,363.59,Escuintla,Education,False
592766,Patricia Soto,Femenino,2026-01-28,144.53,Guatemala,Retail,False
587362,Isabel Ramirez,Masculino,2026-01-22,292.11,Amatitlan,Food,False
527264,Ana Soto,Femenino,2026-01-21,222.15,Escuintla,Retail,False
515289,Mario Lopez,Masculino,2026-01-12,244.26,Antigua,Food,True
581678,Patricia Soto,Femenino,2026-01-06,370.81,Villa Nueva,Services,False
583300,Ana Diaz,Femenino,2026-01-14,389.47,Villa Nueva,Retail,False
502222,Diego Ramirez,Masculino,2026-01-25,448.04,Amatitlan,Education,False
535392,Rene Soto,Masculino,2026-03-28,195.36,Amatitlan,Services,False
566201,Pedro Herrera,Masculino,2026-02-24,238.07,Guatemala,Food,False
565664,Ana Mejia,Femenino,2026-02-11,329.48,Villa Nueva,Education,False
559445,Oscar Rojas,Femenino,2026-01-15,387.58,Amatitlan,Retail,False
507519,Patricia Soto,Femenino,2026-01-02,242.9,Quetzaltenango,Food,False
577977,Oscar Rojas,Masculino,2026-03-14,183.57,Escuintla,Retail,False
535917,Ana Mejia,Femenino,2026-03-28,143.37,Antigua,Retail,False
593735,Ana Mejia,Masculino,2026-03-11,27.63,Villa Nueva,Education,False
538076,Ana Soto,Femenino,2026-03-22,232.59,Escuintla,Food,False
517712,Patricia Soto,Femenino,2026-03-27,297.03,Guatemala,Food,False
522993,Ana Diaz,Femenino,2026-01-17,203.51,Escuintla,Food,False
584952,Mario Lopez,Femenino,2026-03-19,372.52,Escuintla,Retail,False
587504,Paola Morales,Masculino,2026-03-12,4429.55,Amatitlan,Services,False
530539,Ana Diaz,Femenino,2026-01-09,205.76,Villa Nueva,Food,False
539719,Patricia Soto,Femenino,2026-03-18,446.76,Antigua,Retail,False
575979,Pablo Perez,Masculino,2026-01-06,355.12,Amatitlan,Services,False
568054,Luis Garcia,Masculino,2026-03-25,144.95,Guatemala,Retail,False
582722,Diego Ramirez,Masculino,2026-01-03,380.01,Guatemala,Education,False
545846,Monica Lopez,Femenino,2026-02-28,438.41,Guatemala,Services,False
574232,Oscar Rojas,Masculino,2026-03-10,449.81,Guatemala,Services,False
544923,Patricia Soto,Femenino,2026-03-16,217.84,Guatemala,Retail,False
527092,Patricia Soto,Masculino,2026-03-13,234.83,Mixco,Services,False
557674,Lucia Perez,Femenino,2026-01-21,443.76,Antigua,Education,False
543976,Maria Paz,Femenino,2026-02-05,337.56,Mixco,Food,False
529638,Lucia Perez,Femenino,2026-03-17,104.39,Villa Nueva,Retail,False
546792,Ana Soto,Femenino,2026-01-22,44.09,Villa Nueva,Education,False
558672,Diego Ramirez,Masculino,2026-01-04,251.9,Amatitlan,Retail,True
504348,Mario Lopez,Masculino,2026-03-12,86.42,Amatitlan,Education,False
502615,Lucia Perez,Femenino,2026-03-18,306.82,Antigua,Services,False
582896,Mario Lopez,Masculino,2026-01-28,244.7,Amatitlan,Food,False
542834,Rene Soto,Masculino,2026-02-09,139.19,Guatemala,Services,False
583937,Oscar Rojas,Femenino,2026-03-12,151.34,Quetzaltenango,Food,False
509814,Rene Soto,Masculino,2026-03-03,113.79,Escuintla,Retail,False
561365,Ana Mejia,Masculino,2026-03-01,99.58,Antigua,Retail,False
513707,Lucia Perez,Femenino,2026-01-03,165.31,Villa Nueva,Food,False
587716,Paola Herrera,Femenino,2026-03-19,158.13,Guatemala,Services,False
580915,Pedro Herrera,Masculino,2026-02-03,183.01,Guatemala,Food,False
557653,Pablo Perez,Masculino,2026-03-15,7392.42,Villa Nueva,Food,False
581779,Monica Lopez,Femenino,2026-02-26,178.23,Antigua,Food,False
527220,Carlos Mendez,Masculino,2026-01-11,177.66,Escuintla,Food,False
574956,Julio Morales,Masculino,2026-01-25,221.9,Antigua,Education,True
505184,Oscar Rojas,Masculino,2026-02-13,416.79,Guatemala,Services,False
501510,Ana Diaz,Femenino,2026-01-08,383.59,Amatitlan,Food,False
531669,Ana Soto,Femenino,2026-02-11,38.44,Amatitlan,Services,False
575237,Ana Mejia,Femenino,2026-01-04,440.33,Escuintla,Education,False
561716,Ana Diaz,Femenino,2026-01-05,344.47,Quetzaltenango,Education,False
565935,Pedro Herrera,Masculino,2026-03-15,408.88,Villa Nueva,Retail,False
553482,Pablo Perez,Masculino,2026-02-03,27.28,Quetzaltenango,Services,False
547069,Paola Morales,Femenino,2026-01-17,43.3,Amatitlan,Education,False
528607,Ana Diaz,Femenino,2026-03-12,45.82,Guatemala,Services,False
560434,Oscar Rojas,Femenino,2026-03-17,251.9,Quetzaltenango,Retail,True
589830,Rene Soto,Masculino,2026-03-10,413.74,Mixco,Retail,False
502057,Lucia Perez,Femenino,2026-01-08,83.12,Quetzaltenango,Retail,False
572399,Carlos Mendez,Masculino,2026-01-01,120.42,Guatemala,Services,False
555019,Mario Lopez,Masculino,2026-03-08,407.32,Mixco,Retail,False
546050,Jorge Castillo,Masculino,2026-02-17,83.55,Villa Nueva,Education,False
570772,Ana Mejia,Femenino,2026-01-02,440.68,Guatemala,Education,False
503882,Ana Diaz,Femenino,2026-03-09,256.07,Villa Nueva,Retail,False
571689,Isabel Ramirez,Femenino,2026-01-07,119.18,Amatitlan,Retail,False
588821,Maria Paz,Femenino,2026-03-18,105.43,Guatemala,Education,False
585028,Ana Diaz,Femenino,2026-01-14,136.5,Quetzaltenango,Retail,False
586602,Mario Lopez,Masculino,2026-01-26,324.62,Quetzaltenango,Retail,False
520532,Mario Lopez,Masculino,2026-03-16,294.27,Amatitlan,Food,False
590209,Monica Lopez,No Especificado,2026-03-01,55.89,Amatitlan,Retail,False
510798,Pablo Perez,Masculino,2026-01-28,134.75,Antigua,Education,False
510800,Lucia Perez,Masculino,2026-02-27,365.18,Quetzaltenango,Services,False
519474,Ana Soto,Femenino,2026-03-05,119.45,Villa Nueva,Food,False
575025,Rene Soto,Femenino,2026-02-22,93.61,Escuintla,Retail,False
598558,Diego Ramirez,Masculino,2026-01-17,214.73,Mixco,Food,False
546640,Lucia Perez,Masculino,2026-01-25,190.76,Quetzaltenango,Food,False
527440,Jorge Castillo,Masculino,2026-03-15,412.29,Guatemala,Education,False
547081,Julio Morales,Masculino,2026-02-16,58.47,Mixco,Services,False
524018,Mario Lopez,Masculino,2026-02-11,142.33,Mixco,Services,False
535786,Monica Lopez,Masculino,2026-02-23,380.05,Quetzaltenango,Retail,False
569127,Isabel Ramirez,Femenino,2026-03-15,184.03,Escuintla,Retail,False
594979,Rene Soto,Masculino,2026-03-20,373.41,Mixco,Food,False
567795,Carlos Mendez,Masculino,2026-01-11,444.51,Escuintla,Education,False
512667,Ana Mejia,Femenino,2026-03-06,5021.07,Escuintla,Education,False
535114,Julio Morales,Masculino,2026-03-14,198.05,Villa Nueva,Services,False
500364,Paola Herrera,Femenino,2026-02-13,119.92,Escuintla,Education,False
551341,Ana Diaz,No Especificado,2026-03-21,244.0,Villa Nueva,Retail,False
596547,Paola Morales,Femenino,2026-03-18,446.65,Quetzaltenango,Food,False
548799,Ana Soto,Femenino,2026-03-01,270.11,Mixco,Food,False
555099,Rene Soto,Masculino,2026-01-04,354.21,Guatemala,Retail,False
544593,Pablo Perez,Masculino,2026-02-01,165.96,Antigua,Education,False
575011,Mario Lopez,Femenino,2026-03-03,325.34,Guatemala,Food,False
557035,Patricia Soto,Femenino,2026-02-17,32.89,Antigua,Food,False
553597,Pablo Perez,Masculino,2026-03-10,275.63,Mixco,Retail,False
544525,Carlos Mendez,Masculino,2026-02-28,393.39,Mixco,Food,False
517996,Pedro Herrera,Femenino,2026-03-17,317.13,Antigua,Education,False
523212,Monica Lopez,Femenino,2026-02-07,139.61,Antigua,Education,False
537328,Rene Soto,Masculino,2026-01-25,345.67,Antigua,Retail,False
597288,Diego Ramirez,Femenino,2026-03-13,6552.98,Mixco,Food,False
530564,Patricia Soto,Femenino,2026-02-03,200.78,Antigua,Food,False
544444,Monica Lopez,Masculino,2026-02-14,244.26,Amatitlan,Food,True
503474,Carlos Mendez,Femenino,2026-03-04,398.86,Quetzaltenango,Food,False
521090,Ana Soto,Femenino,2026-02-16,243.7,Mixco,Services,False
500420,Rene Soto,Masculino,2026-02-19,126.82,Villa Nueva,Services,False
566298,Julio Morales,Femenino,2026-03-24,259.11,Antigua,Education,False
571651,Ana Soto,Femenino,2026-01-06,446.26,Guatemala,Food,False
562770,Monica Lopez,Femenino,2026-03-21,128.51,Villa Nueva,Education,False
581124,Pablo Perez,Masculino,2026-01-10,171.38,Villa Nueva,Retail,False
584564,Diego Ramirez,Masculino,2026-03-26,119.17,Quetzaltenango,Education,False
567591,Luis Garcia,Masculino,2026-02-11,421.77,Escuintla,Retail,False
560341,Oscar Rojas,Masculino,2026-01-16,49.9,Amatitlan,Retail,False
567740,Oscar Rojas,Masculino,2026-03-21,75.54,Villa Nueva,Retail,False
549994,Luis Garcia,Femenino,2026-02-01,321.08,Amatitlan,Retail,False
535613,Patricia Soto,Masculino,2026-01-09,204.09,Villa Nueva,Retail,False
518865,Ana Mejia,Femenino,2026-03-17,109.93,Mixco,Education,False
524015,Pablo Perez,Masculino,2026-01-13,149.22,Mixco,Food,False
571990,Rene Soto,Masculino,2026-02-01,231.33,Antigua,Food,False
517165,Luis Garcia,Masculino,2026-02-09,100.4,Escuintla,Retail,False
539876,Ana Diaz,Femenino,2026-03-14,215.45,Guatemala,Education,False
527849,Maria Paz,Femenino,2026-02-06,206.3,Quetzaltenango,Services,False
556854,Mario Lopez,Masculino,2026-03-14,199.5,Antigua,Services,False
587117,Mario Lopez,Masculino,2026-03-19,307.02,Amatitlan,Food,False
596358,Maria Paz,Masculino,2026-01-25,26.46,Escuintla,Education,False
570730,Diego Ramirez,Masculino,2026-02-23,422.03,Mixco,Education,False
521900,Patricia Soto,Femenino,2026-03-13,144.76,Mixco,Retail,False
547519,Pedro Herrera,Masculino,2026-01-10,228.03,Mixco,Education,False
577637,Ana Soto,Femenino,2026-01-06,111.29,Guatemala,Food,False
572365,Paola Morales,Femenino,2026-01-13,95.78,Villa Nueva,Services,False
521881,Ana Mejia,No Especificado,2026-03-11,254.98,Escuintla,Services,False
599780,Jorge Castillo,Masculino,2026-02-10,282.64,Quetzaltenango,Retail,False
550432,Ana Mejia,Femenino,2026-02-27,245.7,Escuintla,Retail,False
534864,Patricia Soto,Masculino,2026-01-15,100.36,Villa Nueva,Food,False
597682,Jorge Castillo,Masculino,2026-03-16,283.74,Quetzaltenango,Services,False
507676,Oscar Rojas,Masculino,2026-03-07,104.2,Mixco,Food,False
503203,Paola Herrera,Femenino,2026-03-18,307.54,Mixco,Services,False
514280,Mario Lopez,Masculino,2026-01-02,5555.6,Villa Nueva,Services,False
555990,Isabel Ramirez,Femenino,2026-02-11,344.64,Villa Nueva,Retail,False
549152,Paola Morales,Femenino,2026-03-20,65.59,Antigua,Education,False
536210,Pedro Herrera,Femenino,2026-02-28,70.28,Antigua,Retail,False
558729,Paola Herrera,Masculino,2026-01-09,364.55,Escuintla,Retail,False
540152,Oscar Rojas,Masculino,2026-03-05,61.01,Escuintla,Retail,False
574195,Julio Morales,Masculino,2026-03-25,325.05,Guatemala,Retail,False
523188,Julio Morales,Masculino,2026-01-22,39.75,Guatemala,Services,False
587670,Jorge Castillo,No Especificado,2026-03-03,411.08,Guatemala,Food,False
594657,Monica Lopez,Femenino,2026-03-23,250.22,Amatitlan,Services,True
504926,Rene Soto,Masculino,2026-01-22,20.55,Guatemala,Services,False
549254,Jorge Castillo,Masculino,2026-03-05,392.99,Escuintla,Retail,False
587746,Lucia Perez,Femenino,2026-01-20,422.97,Villa Nueva,Education,False
523386,Ana Mejia,Femenino,2026-01-12,146.11,Villa Nueva,Education,False
583883,Mario Lopez,Masculino,2026-03-12,59.91,Quetzaltenango,Services,False
598135,Julio Morales,Femenino,2026-02-18,193.05,Guatemala,Education,False
563961,Patricia Soto,Femenino,2026-03-27,138.48,Amatitlan,Education,False
526515,Pedro Herrera,Masculino,2026-02-03,387.36,Amatitlan,Food,False
529331,Monica Lopez,Femenino,2026-03-13,319.74,Villa Nueva,Food,False
500992,Monica Lopez,Femenino,2026-03-08,368.72,Escuintla,Food,False
537831,Mario Lopez,Masculino,2026-01-04,290.18,Mixco,Education,False
525111,Maria Paz,Femenino,2026-02-04,322.09,Villa Nueva,Retail,False
559954,Ana Diaz,Femenino,2026-01-03,436.77,Guatemala,Retail,False
556100,Patricia Soto,Femenino,2026-01-15,301.02,Quetzaltenango,Food,False
536076,Ana Mejia,No Especificado,2026-02-16,417.83,Antigua,Services,False
531830,Lucia Perez,Femenino,2026-03-17,236.93,Amatitlan,Retail,False
527848,Maria Paz,Femenino,2026-03-27,152.28,Guatemala,Food,False
559812,Rene Soto,Femenino,2026-01-06,181.64,Quetzaltenango,Retail,False
587986,Pablo Perez,Femenino,2026-03-25,127.0,Antigua,Education,False
510617,Ana Soto,Femenino,2026-02-22,124.01,Escuintla,Services,False
587338,Ana Soto,Femenino,2026-02-04,255.91,Villa Nueva,Food,False
549967,Lucia Perez,Femenino,2026-02-03,146.13,Antigua,Retail,False
530834,Maria Paz,Femenino,2026-02-05,218.3,Quetzaltenango,Education,False
561721,Carlos Mendez,Masculino,2026-01-22,373.52,Guatemala,Education,False
557075,Diego Ramirez,Masculino,2026-01-09,244.26,Amatitlan,Food,True
550676,Ana Soto,Femenino,2026-01-17,377.5,Escuintla,Food,False
559547,Ana Diaz,Masculino,2026-01-15,131.66,Amatitlan,Food,False
513333,Julio Morales,Masculino,2026-01-21,7886.92,Antigua,Education,False
568762,Mario Lopez,Femenino,2026-03-19,298.38,Antigua,Services,False
571814,Maria Paz,Femenino,2026-02-24,23.57,Quetzaltenango,Retail,False
561220,Isabel Ramirez,Femenino,2026-02-27,215.47,No Especificado,Retail,False
578005,Oscar Rojas,Masculino,2026-01-28,40.69,Quetzaltenango,Retail,False
520810,Jorge Castillo,Masculino,2026-02-21,309.23,Escuintla,Retail,False
552074,Maria Paz,Femenino,2026-01-19,31.65,Guatemala,Retail,False
516474,Ana Diaz,Femenino,2026-01-04,93.72,Guatemala,Retail,False
562659,Pablo Perez,Femenino,2026-03-04,91.06,Escuintla,Food,False
573757,Pedro Herrera,Masculino,2026-01-18,221.9,Amatitlan,Education,True
524392,Lucia Perez,Femenino,2026-03-23,79.19,Mixco,Food,False
556535,Paola Herrera,Femenino,2026-01-14,86.82,Escuintla,Retail,False
583870,Luis Garcia,Masculino,2026-03-03,353.68,Mixco,Education,False
536844,Patricia Soto,Femenino,2026-02-16,355.7,Antigua,Services,False
513520,Oscar Rojas,Masculino,2026-03-13,246.19,Mixco,Food,False
535678,Pedro Herrera,Masculino,2026-03-28,122.93,Guatemala,Retail,False
517940,Pablo Perez,Masculino,2026-02-04,221.9,Villa Nueva,Education,True
501806,Ana Mejia,Femenino,2026-02-05,243.18,Quetzaltenango,Retail,False
584412,Paola Herrera,Femenino,2026-03-15,109.23,Villa Nueva,Retail,False
563389,Oscar Rojas,Masculino,2026-02-10,76.56,Amatitlan,Retail,False
571743,Ana Diaz,Femenino,2026-03-17,88.97,Quetzaltenango,Education,False
506278,Patricia Soto,Femenino,2026-02-17,431.17,Escuintla,Food,False
549865,Lucia Perez,Femenino,2026-03-27,170.63,Escuintla,Retail,False
500100,Carlos Mendez,Masculino,2026-02-05,79.65,Escuintla,Food,False
515715,Mario Lopez,Masculino,2026-03-10,237.76,Quetzaltenango,Services,False
575273,Oscar Rojas,Masculino,2026-01-11,95.87,Escuintla,Education,False
561786,Ana Mejia,Femenino,2026-01-16,411.69,Amatitlan,Services,False
594674,Diego Ramirez,Femenino,2026-02-25,82.3,Villa Nueva,Food,False
562660,Monica Lopez,Masculino,2026-01-10,129.12,Villa Nueva,Education,False
515806,Paola Morales,Femenino,2026-03-01,147.2,Antigua,Services,False
579736,Ana Mejia,Femenino,2026-01-11,139.74,Amatitlan,Services,False
532402,Diego Ramirez,Femenino,2026-01-05,422.35,Villa Nueva,Retail,False
593534,Monica Lopez,Femenino,2026-02-19,8924.33,Quetzaltenango,Services,False
512832,Rene Soto,Masculino,2026-01-13,241.37,Amatitlan,Retail,False
531761,Pablo Perez,Masculino,2026-01-23,57.34,Guatemala,Retail,False
581173,Patricia Soto,Femenino,2026-03-13,427.5,Antigua,Education,False
502069,Pablo Perez,Masculino,2026-03-12,250.22,Escuintla,Services,True
594303,Ana Mejia,Femenino,2026-03-09,274.06,Quetzaltenango,Education,False
551541,Patricia Soto,Masculino,2026-01-01,175.79,Mixco,Services,False
514997,Carlos Mendez,Masculino,2026-01-24,333.93,Escuintla,Retail,False
519851,Maria Paz,Femenino,2026-03-09,70.43,Mixco,Education,False
573626,Jorge Castillo,Masculino,2026-03-01,189.03,Quetzaltenango,Food,False
548014,Oscar Rojas,Masculino,2026-02-14,25.47,Quetzaltenango,Food,False
596174,Carlos Mendez,Masculino,2026-02-16,416.84,Guatemala,Food,False
558876,Pablo Perez,Masculino,2026-03-19,271.69,Quetzaltenango,Education,False
545935,Julio Morales,Masculino,2026-03-02,251.9,Quetzaltenango,Retail,True
533801,Monica Lopez,Femenino,2026-02-08,347.09,Villa Nueva,Food,False
559949,Oscar Rojas,Masculino,2026-02-05,57.98,Guatemala,Education,False
534537,Julio Morales,Masculino,2026-03-16,77.8,Quetzaltenango,Retail,False
545276,Lucia Perez,Femenino,2026-01-04,374.46,Escuintla,Food,False
555259,Lucia Perez,Masculino,2026-01-08,374.86,Guatemala,Food,False
511292,Monica Lopez,Femenino,2026-03-12,136.38,Amatitlan,Education,False
544599,Ana Soto,Femenino,2026-03-11,145.52,Villa Nueva,Services,False
559102,Pedro Herrera,Masculino,2026-02-28,76.17,Villa Nueva,Education,False
539297,Pedro Herrera,Masculino,2026-03-10,295.87,Villa Nueva,Food,False
516398,Rene Soto,Masculino,2026-01-25,437.73,Quetzaltenango,Retail,False
577426,Oscar Rojas,Masculino,2026-01-09,403.63,Villa Nueva,Food,False
562510,Rene Soto,Femenino,2026-02-13,258.46,Escuintla,Food,False
579695,Lucia Perez,Masculino,2026-02-07,30.47,Amatitlan,No Especificado,False
526895,Paola Morales,Femenino,2026-01-11,122.55,Quetzaltenango,Education,False
594643,Monica Lopez,Femenino,2026-02-16,243.94,Villa Nueva,Retail,False
587838,Patricia Soto,Femenino,2026-03-15,107.16,Antigua,Education,False
578777,Monica Lopez,Femenino,2026-01-22,314.37,Antigua,Food,False
566467,Ana Soto,Masculino,2026-03-10,380.66,Escuintla,Education,False
589411,Carlos Mendez,Masculino,2026-03-15,126.09,Guatemala,Services,False
537741,Julio Morales,Masculino,2026-03-21,262.78,Guatemala,Food,False
514261,Ana Mejia,Femenino,2026-01-10,312.07,Antigua,Retail,False
521258,Patricia Soto,Femenino,2026-01-07,181.86,Villa Nueva,Retail,False
582920,Isabel Ramirez,Masculino,2026-03-27,210.73,Guatemala,Services,False
568871,Mario Lopez,Masculino,2026-03-13,232.54,Mixco,Food,False
533196,Carlos Mendez,Masculino,2026-01-16,253.75,Amatitlan,Education,False
544067,Luis Garcia,Masculino,2026-03-15,366.69,Guatemala,Education,False
580233,Pablo Perez,Masculino,2026-03-02,332.05,Amatitlan,Services,False
502887,Diego Ramirez,Masculino,2026-01-15,277.11,Antigua,Education,False
560667,Paola Morales,Femenino,2026-03-21,21.1,Escuintla,Food,False
589438,Luis Garcia,Masculino,2026-03-19,225.04,Mixco,Services,False
536948,Maria Paz,Femenino,2026-03-21,317.39,Villa Nueva,Food,False
559002,Monica Lopez,Femenino,2026-02-24,339.95,Amatitlan,Retail,False
593341,Maria Paz,Masculino,2026-02-08,403.36,Guatemala,Food,False
544963,Julio Morales,Masculino,2026-02-24,138.61,Mixco,Education,False
574632,Patricia Soto,Masculino,2026-01-11,132.61,Mixco,Education,False
564645,Patricia Soto,Femenino,2026-03-09,436.15,Escuintla,Services,False
586025,Julio Morales,Masculino,2026-01-04,407.06,Amatitlan,Food,False
590176,Oscar Rojas,Masculino,2026-01-14,392.34,Antigua,Food,False
529831,Diego Ramirez,Masculino,2026-01-28,308.3,Guatemala,Services,False
580375,Rene Soto,Masculino,2026-02-18,129.86,Antigua,Retail,False
537399,Lucia Perez,Masculino,2026-01-25,244.26,Mixco,Food,True
568191,Monica Lopez,Femenino,2026-03-24,125.56,Villa Nueva,Education,False
560893,Pablo Perez,Masculino,2026-03-05,301.53,Villa Nueva,Food,False
537685,Paola Morales,Femenino,2026-03-22,328.29,Quetzaltenango,Retail,False
567471,Pablo Perez,Masculino,2026-03-23,301.77,Villa Nueva,Retail,False
580543,Paola Morales,Femenino,2026-01-02,305.78,Escuintla,Food,False
579067,Isabel Ramirez,Femenino,2026-01-20,397.41,Guatemala,Food,False
533815,Paola Herrera,Femenino,2026-03-12,221.9,Mixco,Education,True
542349,Lucia Perez,Masculino,2026-02-23,432.43,Guatemala,Retail,False
518364,Rene Soto,Masculino,2026-01-28,122.69,Amatitlan,Food,False
558744,Luis Garcia,No Especificado,2026-01-13,281.11,Antigua,Services,False
568941,Diego Ramirez,Masculino,2026-01-19,153.39,Escuintla,Food,False
550492,Luis Garcia,Masculino,2026-02-05,250.22,Guatemala,Services,True
523300,Mario Lopez,Masculino,2026-02-21,317.75,Amatitlan,Retail,False
594508,Ana Diaz,Femenino,2026-01-17,68.74,Antigua,Services,False
565212,Pablo Perez,No Especificado,2026-02-22,49.95,Villa Nueva,Retail,False
514443,Paola Morales,Femenino,2026-03-06,200.07,Villa Nueva,Food,False
597104,Ana Mejia,Femenino,2026-01-24,187.81,Guatemala,Retail,False
592439,Ana Diaz,Femenino,2026-01-25,26.32,Amatitlan,Education,False
560765,Paola Herrera,Femenino,2026-03-24,106.09,Mixco,Education,False
508401,Pablo Perez,Masculino,2026-03-25,165.44,Quetzaltenango,Education,False
500380,Paola Herrera,Femenino,2026-02-21,352.99,Villa Nueva,Services,False
528725,Maria Paz,Femenino,2026-03-10,419.08,Antigua,Retail,False
544030,Rene Soto,Masculino,2026-02-05,157.96,Escuintla,Food,False
593167,Carlos Mendez,Masculino,2026-02-20,221.08,Villa Nueva,Food,False
587400,Pedro Herrera,Masculino,2026-02-18,128.47,Villa Nueva,Services,False
587703,Pablo Perez,Femenino,2026-01-07,355.74,Amatitlan,Food,False
577801,Carlos Mendez,Masculino,2026-01-08,8198.92,Amatitlan,Retail,False
525126,Maria Paz,Masculino,2026-01-06,63.12,Villa Nueva,Food,False
575233,Carlos Mendez,Masculino,2026-02-18,123.62,Mixco,Services,False
581045,Paola Herrera,Femenino,2026-03-16,191.53,Amatitlan,Education,False
525350,Pablo Perez,Masculino,2026-01-13,420.63,Escuintla,Food,False
561392,Ana Diaz,Femenino,2026-01-28,6184.58,Villa Nueva,Retail,False
567856,Carlos Mendez,Masculino,2026-02-23,354.44,Mixco,Education,False
547738,Jorge Castillo,Masculino,2026-01-17,96.05,Antigua,Food,False
513790,Jorge Castillo,Masculino,2026-01-09,155.98,Guatemala,Food,False
562507,Maria Paz,Masculino,2026-01-16,37.28,Antigua,Retail,False
502116,Jorge Castillo,Masculino,2026-01-11,207.71,Guatemala,Food,False
556444,Patricia Soto,Femenino,2026-01-11,209.16,Escuintla,Education,False
549246,Luis Garcia,Masculino,2026-03-26,370.66,Amatitlan,Education,False
581693,Monica Lopez,Femenino,2026-01-05,382.18,Mixco,Services,False
514350,Maria Paz,Femenino,2026-02-12,152.39,Guatemala,Retail,False
534760,Carlos Mendez,Masculino,2026-03-09,136.58,Villa Nueva,Education,False
564007,Paola Herrera,Masculino,2026-03-19,20.91,Villa Nueva,Food,False
533779,Ana Soto,Femenino,2026-03-09,267.28,Guatemala,Education,False
586237,Julio Morales,Masculino,2026-02-14,266.92,Escuintla,Education,False
525283,Julio Morales,Masculino,2026-02-15,95.25,Villa Nueva,Food,False
582403,Mario Lopez,Masculino,2026-02-16,225.39,Villa Nueva,Services,False
594904,Paola Herrera,Femenino,2026-03-09,139.41,Escuintla,Services,False
549349,Pablo Perez,Masculino,2026-02-11,38.19,Mixco,Services,False
598492,Paola Morales,Femenino,2026-02-16,66.28,Mixco,Services,False
533625,Pablo Perez,Masculino,2026-03-13,307.07,Guatemala,Retail,False
542782,Monica Lopez,Femenino,2026-01-15,303.19,Villa Nueva,Retail,False
539551,Monica Lopez,Femenino,2026-01-15,222.42,Guatemala,Services,False
521159,Jorge Castillo,Masculino,2026-03-12,435.92,Quetzaltenango,Education,False
521643,Ana Soto,Femenino,2026-01-02,441.31,Mixco,Services,False
515563,Paola Morales,Masculino,2026-03-23,421.46,Amatitlan,Retail,False
508291,Julio Morales,Masculino,2026-02-16,251.9,Quetzaltenango,Retail,True
505710,Rene Soto,Masculino,2026-01-24,354.41,Villa Nueva,Education,False
585839,Luis Garcia,Masculino,2026-01-21,185.75,Antigua,Retail,False
568048,Mario Lopez,Femenino,2026-03-17,193.94,Escuintla,Education,False
568814,Pablo Perez,Masculino,2026-02-10,356.67,Antigua,Retail,False
543623,Ana Soto,Femenino,2026-01-26,255.9,Villa Nueva,Food,False
556325,Diego Ramirez,Femenino,2026-01-16,6663.74,Quetzaltenango,Education,False
515354,Maria Paz,Masculino,2026-02-02,358.1,Villa Nueva,Education,False
590585,Monica Lopez,Femenino,2026-01-01,6867.89,Mixco,Services,False
589502,Lucia Perez,Femenino,2026-03-14,55.47,Guatemala,Services,False
594914,Isabel Ramirez,Femenino,2026-02-18,166.39,Quetzaltenango,Services,False
526587,Rene Soto,Masculino,2026-03-04,164.37,Mixco,Education,False
556355,Julio Morales,Masculino,2026-03-14,260.98,Quetzaltenango,Education,False
578363,Julio Morales,Masculino,2026-02-21,337.34,Villa Nueva,Food,False
546723,Mario Lopez,Masculino,2026-02-18,396.66,Guatemala,Food,False
561394,Diego Ramirez,Masculino,2026-03-13,390.04,Villa Nueva,Education,False
547383,Paola Morales,Femenino,2026-02-22,273.68,Escuintla,Services,False
502589,Paola Herrera,Femenino,2026-01-18,121.95,Escuintla,Food,False
532981,Carlos Mendez,Masculino,2026-02-01,75.66,Mixco,Education,False
503338,Paola Morales,Femenino,2026-02-13,397.45,Guatemala,Education,False
502048,Maria Paz,Masculino,2026-02-26,287.99,Antigua,Retail,False
547860,Oscar Rojas,Masculino,2026-03-07,203.9,Guatemala,Services,False
598605,Maria Paz,Femenino,2026-02-02,303.72,Villa Nueva,Services,False
551569,Ana Diaz,Femenino,2026-03-07,264.6,Escuintla,Services,False
533930,Maria Paz,Femenino,2026-01-06,61.16,Antigua,Services,False
556291,Monica Lopez,Femenino,2026-02-25,45.15,Antigua,Education,False
533188,Luis Garcia,Masculino,2026-01-22,211.11,Antigua,Retail,False
557980,Lucia Perez,Femenino,2026-01-21,186.07,Antigua,Education,False
586503,Pablo Perez,Masculino,2026-02-27,323.32,Quetzaltenango,Services,False
542448,Luis Garcia,Masculino,2026-02-26,416.06,Escuintla,Services,False
507349,Patricia Soto,Femenino,2026-01-18,54.79,Guatemala,Retail,False
513817,Ana Diaz,Femenino,2026-02-19,129.46,Villa Nueva,Retail,False
513691,Paola Herrera,Femenino,2026-03-20,249.94,Villa Nueva,Food,False
596209,Diego Ramirez,Masculino,2026-02-13,276.75,Mixco,Services,False
509399,Diego Ramirez,Masculino,2026-02-18,99.58,Escuintla,Services,False
518286,Ana Diaz,Femenino,2026-02-05,343.29,Escuintla,Services,False
571163,Monica Lopez,Femenino,2026-02-10,382.07,Quetzaltenango,Services,False
512161,Paola Herrera,Femenino,2026-03-25,402.76,Quetzaltenango,Services,False
529843,Luis Garcia,Masculino,2026-02-21,217.24,Guatemala,Education,False
509951,Diego Ramirez,Masculino,2026-02-07,342.7,Guatemala,Services,False
597856,Julio Morales,Masculino,2026-02-21,250.22,Guatemala,Services,True
595281,Carlos Mendez,Masculino,2026-01-26,4093.53,Mixco,Retail,False
583858,Paola Herrera,Femenino,2026-01-24,300.26,Villa Nueva,Services,False
555137,Monica Lopez,Femenino,2026-03-14,312.83,Mixco,Services,False
544752,Rene Soto,Masculino,2026-01-06,49.56,Villa Nueva,Services,False
551437,Patricia Soto,Femenino,2026-02-22,69.02,Villa Nueva,Food,False
506725,Rene Soto,Masculino,2026-01-01,256.91,Antigua,Retail,False
574022,Mario Lopez,Masculino,2026-03-26,321.25,Villa Nueva,Food,False
554369,Isabel Ramirez,Masculino,2026-02-01,62.02,Quetzaltenango,Education,False
583976,Oscar Rojas,Masculino,2026-02-11,108.29,Guatemala,Services,False
576908,Isabel Ramirez,Femenino,2026-01-11,438.44,Villa Nueva,Services,False
596912,Carlos Mendez,Masculino,2026-01-24,138.83,Quetzaltenango,Services,False
556037,Paola Herrera,Femenino,2026-02-22,385.64,Quetzaltenango,Retail,False
505183,Mario Lopez,Masculino,2026-03-10,113.97,Villa Nueva,Services,False
568672,Carlos Mendez,Masculino,2026-03-12,303.29,Guatemala,Education,False
578350,Mario Lopez,Masculino,2026-01-19,364.39,Quetzaltenango,Services,False
547827,Ana Soto,Femenino,2026-02-13,57.86,Guatemala,Food,False
563425,Mario Lopez,Femenino,2026-03-13,237.46,Antigua,Food,False
527463,Paola Herrera,Femenino,2026-02-16,234.88,Quetzaltenango,Education,False
531984,Pablo Perez,Masculino,2026-01-16,434.78,Escuintla,Services,False
588481,Pedro Herrera,Masculino,2026-02-15,270.19,Quetzaltenango,Services,False
508955,Maria Paz,Femenino,2026-01-13,431.62,Escuintla,Services,False
571349,Rene Soto,Masculino,2026-01-21,384.29,Antigua,Services,False
522816,Pedro Herrera,Femenino,2026-03-26,413.46,Quetzaltenango,Retail,False
565235,Ana Soto,Femenino,2026-01-26,5909.28,Amatitlan,Retail,False
517778,Oscar Rojas,Masculino,2026-01-01,234.37,Escuintla,Food,False
507455,Mario Lopez,Masculino,2026-03-16,195.56,Amatitlan,Services,False
522597,Monica Lopez,Femenino,2026-02-05,244.26,Antigua,Food,True
579375,Luis Garcia,Masculino,2026-01-01,30.02,Villa Nueva,Retail,False
507993,Maria Paz,Masculino,2026-02-05,433.42,Guatemala,Services,False
546766,Carlos Mendez,Masculino,2026-01-06,179.06,Antigua,Education,False
577168,Maria Paz,Femenino,2026-02-18,265.89,Villa Nueva,Retail,False
548054,Jorge Castillo,Femenino,2026-03-06,423.25,Mixco,Retail,False
523295,Julio Morales,Masculino,2026-03-11,74.54,Quetzaltenango,Food,False
574422,Monica Lopez,Femenino,2026-02-06,290.96,Villa Nueva,Services,False
516471,Patricia Soto,Femenino,2026-02-08,250.66,Antigua,Services,False
512871,Ana Soto,Femenino,2026-03-25,122.8,Quetzaltenango,Food,False
516682,Luis Garcia,Masculino,2026-02-27,358.08,Guatemala,Retail,False
536275,Oscar Rojas,Masculino,2026-01-20,251.9,Escuintla,Retail,True
522076,Luis Garcia,Femenino,2026-02-13,243.3,Guatemala,Services,False
541734,Pablo Perez,Masculino,2026-02-06,108.83,Villa Nueva,Retail,False
592844,Pablo Perez,Femenino,2026-02-09,251.9,Guatemala,Retail,True
531417,Carlos Mendez,Masculino,2026-01-06,419.26,Quetzaltenango,Retail,False
594051,Ana Mejia,Masculino,2026-02-19,170.72,Amatitlan,Retail,False
511797,Mario Lopez,Femenino,2026-01-25,128.71,Escuintla,Food,False
586079,Ana Mejia,Femenino,2026-01-16,433.28,Escuintla,Services,False
588717,Carlos Mendez,Masculino,2026-02-18,361.7,Amatitlan,Services,False
506836,Pablo Perez,Masculino,2026-03-07,336.19,Villa Nueva,Education,False
525214,Ana Diaz,Femenino,2026-01-26,67.37,Mixco,Food,False
560115,Oscar Rojas,Masculino,2026-02-10,120.03,Escuintla,Food,False
501509,Lucia Perez,Femenino,2026-02-27,221.9,Quetzaltenango,Education,True
560915,Julio Morales,Masculino,2026-01-10,211.48,Amatitlan,Services,False
593964,Isabel Ramirez,Femenino,2026-03-24,71.63,Guatemala,Retail,False
581963,Oscar Rojas,Masculino,2026-02-22,31.32,Antigua,Retail,False
559735,Lucia Perez,Femenino,2026-02-05,90.07,Escuintla,Retail,False
566119,Rene Soto,Femenino,2026-02-04,135.06,Escuintla,Food,False
586663,Rene Soto,Masculino,2026-02-04,377.54,Villa Nueva,Food,False
535841,Luis Garcia,Masculino,2026-01-11,250.22,Guatemala,Services,True
588757,Jorge Castillo,Masculino,2026-03-05,64.53,Antigua,Food,False
501934,Monica Lopez,Femenino,2026-03-02,301.95,Guatemala,Education,False
523264,Monica Lopez,Masculino,2026-01-26,305.53,Villa Nueva,Food,False
541823,Paola Herrera,Femenino,2026-03-01,341.06,Amatitlan,Retail,False
532527,Pedro Herrera,Masculino,2026-01-05,121.56,Escuintla,Education,False
564524,Monica Lopez,Masculino,2026-02-23,244.76,Amatitlan,Education,False
547239,Diego Ramirez,Masculino,2026-01-12,410.07,Quetzaltenango,Food,False
549190,Mario Lopez,Masculino,2026-01-21,144.21,Mixco,Education,False
547000,Patricia Soto,Femenino,2026-02-23,421.08,Antigua,Services,False
503299,Monica Lopez,Femenino,2026-03-13,252.95,Amatitlan,Services,False
544052,Pablo Perez,Masculino,2026-03-11,4428.12,Quetzaltenango,Education,False
591382,Julio Morales,Masculino,2026-01-28,254.3,Villa Nueva,Services,False
541583,Isabel Ramirez,Femenino,2026-03-08,89.79,Antigua,Education,False
565903,Isabel Ramirez,Masculino,2026-01-12,20.4,Guatemala,Retail,False
502380,Rene Soto,Masculino,2026-02-07,361.22,Guatemala,Education,False
506467,Oscar Rojas,Femenino,2026-02-15,266.02,Antigua,Retail,False
560301,Julio Morales,Masculino,2026-03-18,164.14,Guatemala,Food,False
524571,Oscar Rojas,Masculino,2026-01-28,421.76,Escuintla,Retail,False
564467,Maria Paz,Masculino,2026-01-15,125.69,Villa Nueva,Retail,False
579485,Paola Morales,Femenino,2026-03-28,32.03,Villa Nueva,Retail,False
525271,Luis Garcia,Masculino,2026-01-11,271.37,Antigua,Food,False
589521,Monica Lopez,Masculino,2026-02-01,53.8,Antigua,Services,False
557747,Mario Lopez,Femenino,2026-03-14,389.52,Quetzaltenango,Food,False
570549,Paola Morales,Masculino,2026-01-02,205.72,Villa Nueva,Retail,False
569348,Mario Lopez,Femenino,2026-03-02,308.77,Quetzaltenango,Education,False
585094,Luis Garcia,Masculino,2026-02-20,368.11,Quetzaltenango,Education,False
532727,Diego Ramirez,Masculino,2026-02-02,38.44,Quetzaltenango,Food,False
532152,Diego Ramirez,Femenino,2026-01-06,357.17,Villa Nueva,Retail,False
534403,Mario Lopez,Masculino,2026-01-24,370.93,Quetzaltenango,Education,False
552796,Paola Morales,Femenino,2026-01-26,179.78,Escuintla,Services,False
591448,Carlos Mendez,Masculino,2026-02-09,147.0,Antigua,Food,False
524881,Paola Morales,Femenino,2026-02-03,365.16,Escuintla,Education,False
564144,Mario Lopez,Masculino,2026-01-22,337.78,Villa Nueva,Services,False
505352,Maria Paz,Femenino,2026-01-22,83.35,Escuintla,Retail,False
568829,Diego Ramirez,Masculino,2026-02-11,250.22,Villa Nueva,Services,True
515609,Patricia Soto,Masculino,2026-01-24,397.25,Amatitlan,Services,False
569288,Monica Lopez,Femenino,2026-03-18,236.08,Quetzaltenango,Food,False
536105,Paola Morales,Femenino,2026-02-11,221.9,Escuintla,Education,True
522038,Pablo Perez,Masculino,2026-01-20,23.51,Quetzaltenango,Education,False
564519,Maria Paz,Femenino,2026-01-07,357.84,Antigua,Education,False
564316,Pedro Herrera,Masculino,2026-03-18,142.67,Escuintla,Services,False
593410,Jorge Castillo,No Especificado,2026-03-05,369.73,Antigua,Food,False
572377,Maria Paz,Femenino,2026-01-24,128.71,Villa Nueva,Education,False
511011,Lucia Perez,Femenino,2026-01-14,116.89,Escuintla,Retail,False
502068,Rene Soto,Femenino,2026-01-21,428.64,Antigua,Education,False
531613,Pablo Perez,Masculino,2026-01-13,317.62,Guatemala,Services,False
597653,Julio Morales,Masculino,2026-01-27,126.17,Amatitlan,Services,False
506259,Ana Mejia,Femenino,2026-01-10,251.93,Amatitlan,Retail,False
599943,Pedro Herrera,Masculino,2026-02-14,186.94,Quetzaltenango,Services,False
566712,Luis Garcia,Femenino,2026-03-17,185.61,Mixco,Retail,False
589826,Maria Paz,Femenino,2026-01-03,316.89,Quetzaltenango,Services,False
511042,Luis Garcia,Masculino,2026-01-15,251.64,Antigua,Services,False
593535,Ana Mejia,Femenino,2026-03-14,163.35,Villa Nueva,Services,False
520458,Luis Garcia,Femenino,2026-01-12,439.31,Guatemala,Services,False
589642,Ana Soto,Femenino,2026-01-16,447.52,Quetzaltenango,Services,False
562346,Julio Morales,Masculino,2026-01-20,317.16,Villa Nueva,Food,False
552530,Paola Morales,Masculino,2026-03-11,205.24,Mixco,Retail,False
545074,Ana Diaz,Femenino,2026-02-27,384.62,Antigua,Retail,False
596596,Ana Diaz,Femenino,2026-02-06,434.73,Escuintla,Education,False
546012,Ana Soto,No Especificado,2026-01-18,49.26,Quetzaltenango,Services,False
597011,Pedro Herrera,Masculino,2026-01-23,224.51,Villa Nueva,Retail,False
517065,Rene Soto,Masculino,2026-03-14,438.17,Quetzaltenango,Education,False
578174,Pablo Perez,Masculino,2026-01-16,403.16,Escuintla,Retail,False
592957,Ana Diaz,Femenino,2026-02-20,288.32,Guatemala,Education,False
511896,Lucia Perez,Femenino,2026-01-15,169.67,Quetzaltenango,Education,False
549096,Ana Mejia,Femenino,2026-03-15,233.27,Escuintla,Retail,False
568030,Julio Morales,Masculino,2026-01-03,434.21,Quetzaltenango,Food,False
561775,Pedro Herrera,Masculino,2026-01-04,71.26,Villa Nueva,Food,False
533181,Diego Ramirez,Masculino,2026-01-26,265.96,Guatemala,Food,False
582590,Pablo Perez,Femenino,2026-02-26,251.9,Quetzaltenango,Retail,True
580266,Oscar Rojas,Masculino,2026-02-22,230.71,Mixco,Services,False
570734,Pablo Perez,Femenino,2026-02-07,257.23,Quetzaltenango,Services,False
567073,Luis Garcia,Masculino,2026-02-25,253.12,Mixco,Food,False
527498,Rene Soto,Masculino,2026-02-01,244.26,Quetzaltenango,Food,True
556358,Pablo Perez,Masculino,2026-02-24,386.01,Villa Nueva,Food,False
577696,Mario Lopez,No Especificado,2026-03-22,233.22,Guatemala,Services,False
566327,Maria Paz,Femenino,2026-01-10,71.3,Amatitlan,Education,False
553424,Jorge Castillo,Masculino,2026-03-13,169.44,Escuintla,Food,False
565830,Oscar Rojas,Femenino,2026-01-25,279.92,Mixco,Retail,False
580092,Monica Lopez,Femenino,2026-03-19,94.44,Quetzaltenango,Services,False
535728,Paola Morales,Femenino,2026-02-23,254.97,Antigua,Education,False
583403,Mario Lopez,Masculino,2026-02-20,196.93,Antigua,Services,False
519854,Julio Morales,Masculino,2026-03-03,145.07,Amatitlan,Food,False
591338,Luis Garcia,Masculino,2026-03-17,438.32,Amatitlan,Services,False
530737,Rene Soto,Masculino,2026-01-07,375.8,Amatitlan,Education,False
581556,Julio Morales,Femenino,2026-03-22,362.0,Antigua,Retail,False
504381,Isabel Ramirez,Femenino,2026-03-07,382.1,No Especificado,Education,False
518843,Carlos Mendez,Masculino,2026-03-17,319.44,Antigua,Education,False
539739,Luis Garcia,Masculino,2026-02-07,87.98,Guatemala,Retail,False
529276,Isabel Ramirez,Femenino,2026-01-19,112.86,Villa Nueva,Education,False
556046,Jorge Castillo,Masculino,2026-01-19,300.76,Quetzaltenango,Retail,False
553134,Monica Lopez,Femenino,2026-03-23,241.6,Mixco,Retail,False
555428,Oscar Rojas,Masculino,2026-02-18,251.9,Villa Nueva,Retail,True
548255,Monica Lopez,Femenino,2026-01-03,24.27,Escuintla,Education,False
585670,Carlos Mendez,Masculino,2026-01-16,402.3,Antigua,Education,False
507102,Julio Morales,Masculino,2026-01-22,119.86,Antigua,Food,False
526949,Mario Lopez,Masculino,2026-01-11,23.38,Amatitlan,Retail,False
515833,Pedro Herrera,Femenino,2026-01-11,307.3,Amatitlan,Services,False
588935,Patricia Soto,Masculino,2026-02-22,250.22,Villa Nueva,Services,True
565816,Monica Lopez,Femenino,2026-02-17,90.38,Quetzaltenango,Retail,False
583202,Luis Garcia,Masculino,2026-01-18,129.91,Escuintla,Education,False
525416,Maria Paz,Masculino,2026-02-06,283.56,Guatemala,Education,False
500989,Paola Morales,Femenino,2026-02-11,313.93,Antigua,Retail,False
542673,Maria Paz,Femenino,2026-01-14,5937.95,Guatemala,Services,False
579217,Lucia Perez,Femenino,2026-01-17,250.89,Guatemala,Education,False
562020,Ana Soto,Masculino,2026-03-02,370.65,Escuintla,Services,False
571618,Pablo Perez,Femenino,2026-02-25,234.02,Villa Nueva,Food,False
520878,Mario Lopez,Masculino,2026-01-04,282.63,Mixco,Retail,False
519865,Patricia Soto,Femenino,2026-03-10,366.8,Quetzaltenango,Food,False
510797,Pedro Herrera,Masculino,2026-02-21,164.11,Mixco,Retail,False
582060,Paola Herrera,Femenino,2026-03-11,284.84,Escuintla,Education,False
536960,Paola Herrera,Femenino,2026-01-22,104.76,Escuintla,Retail,False
571091,Diego Ramirez,Masculino,2026-01-06,100.85,Amatitlan,Retail,False
546416,Patricia Soto,Femenino,2026-02-08,249.59,Amatitlan,Services,False
579480,Rene Soto,Masculino,2026-03-08,84.35,Antigua,Services,False
528212,Paola Morales,Femenino,2026-02-17,340.03,Guatemala,Food,False
506549,Carlos Mendez,Femenino,2026-01-05,98.43,Amatitlan,Retail,False
575125,Jorge Castillo,Masculino,2026-02-24,8856.59,Escuintla,Retail,False
524973,Paola Herrera,Femenino,2026-03-17,110.13,Quetzaltenango,Education,False
565258,Carlos Mendez,Masculino,2026-01-16,291.98,Villa Nueva,Services,False
563540,Carlos Mendez,Masculino,2026-03-24,377.8,Quetzaltenango,Retail,False
597358,Ana Mejia,Masculino,2026-02-28,142.61,Antigua,Services,False
588721,Diego Ramirez,Masculino,2026-03-15,133.03,Villa Nueva,Education,False
565501,Ana Mejia,Femenino,2026-02-16,444.92,Guatemala,Food,False
582143,Diego Ramirez,Femenino,2026-03-05,267.13,Antigua,Education,False
587788,Patricia Soto,Femenino,2026-03-23,299.43,Mixco,Services,False
598935,Mario Lopez,Femenino,2026-03-10,147.54,Antigua,Education,False
545927,Rene Soto,Masculino,2026-02-13,322.59,Guatemala,Retail,False
545773,Monica Lopez,Masculino,2026-01-16,302.41,Escuintla,Food,False
529406,Oscar Rojas,Femenino,2026-02-22,48.0,Antigua,Retail,False
574725,Diego Ramirez,Masculino,2026-03-07,364.49,Amatitlan,Services,False
543266,Ana Diaz,Femenino,2026-03-20,181.08,Guatemala,Food,False
552068,Maria Paz,Femenino,2026-02-13,294.12,Amatitlan,Retail,False
502138,Carlos Mendez,Masculino,2026-03-25,35.57,Mixco,Services,False
504658,Pablo Perez,Masculino,2026-01-03,406.2,Antigua,Retail,False
526420,Paola Morales,Femenino,2026-03-27,387.66,Antigua,Food,False
548354,Ana Mejia,Femenino,2026-01-28,363.88,Guatemala,Services,False
539462,Carlos Mendez,Masculino,2026-01-15,249.24,Antigua,Services,False
531183,Carlos Mendez,Masculino,2026-02-01,275.38,Mixco,Education,False
534530,Oscar Rojas,Femenino,2026-03-06,239.03,Guatemala,Food,False
547467,Diego Ramirez,Masculino,2026-01-02,417.55,Villa Nueva,Food,False
541077,Jorge Castillo,Masculino,2026-03-12,141.13,Quetzaltenango,Food,False
506573,Ana Diaz,Femenino,2026-02-16,83.85,Quetzaltenango,Retail,False
537846,Rene Soto,Femenino,2026-03-15,49.93,Villa Nueva,Education,False
561799,Pedro Herrera,Femenino,2026-01-12,421.3,Quetzaltenango,Retail,False
595879,Ana Diaz,Femenino,2026-03-04,4893.83,Escuintla,Education,False
541890,Patricia Soto,Femenino,2026-03-21,187.68,Guatemala,Retail,False
550071,Diego Ramirez,Masculino,2026-01-22,249.73,Villa Nueva,Food,False
520369,Rene Soto,Masculino,2026-02-12,172.44,Antigua,Retail,False
544199,Luis Garcia,Masculino,2026-03-21,86.7,Quetzaltenango,Education,False
504296,Carlos Mendez,Femenino,2026-01-18,196.43,Quetzaltenango,Food,False
542614,Luis Garcia,Masculino,2026-03-13,258.32,Guatemala,Retail,False
550649,Maria Paz,Femenino,2026-01-12,389.61,Amatitlan,Services,False
503433,Oscar Rojas,Femenino,2026-03-19,251.9,Escuintla,Retail,True
527346,Pedro Herrera,Masculino,2026-03-08,324.88,Escuintla,Food,False
536521,Julio Morales,Masculino,2026-01-17,95.41,Mixco,Retail,False
585559,Carlos Mendez,Masculino,2026-03-10,400.6,Guatemala,Food,False
579240,Paola Morales,Femenino,2026-02-19,250.87,Quetzaltenango,Services,False
518547,Monica Lopez,Femenino,2026-01-05,65.22,Villa Nueva,Education,False
504043,Carlos Mendez,Masculino,2026-03-21,208.85,Escuintla,Education,False
506596,Ana Diaz,Femenino,2026-03-02,221.9,Escuintla,Education,True
547813,Patricia Soto,Femenino,2026-02-07,266.73,Mixco,Food,False
513221,Ana Diaz,Femenino,2026-02-06,76.68,Antigua,Education,False
551778,Paola Herrera,Femenino,2026-03-20,250.22,Antigua,Services,True
583517,Isabel Ramirez,Femenino,2026-02-13,221.9,Mixco,Education,True
512939,Isabel Ramirez,Femenino,2026-02-04,216.02,Quetzaltenango,Food,False
548337,Paola Morales,Femenino,2026-03-06,349.65,Amatitlan,Food,False
519843,Jorge Castillo,No Especificado,2026-02-22,142.22,Amatitlan,Services,False
512889,Jorge Castillo,Masculino,2026-03-24,174.39,Villa Nueva,Retail,False
588534,Luis Garcia,Femenino,2026-02-23,290.17,Antigua,Food,False
552373,Isabel Ramirez,Masculino,2026-01-08,71.36,Guatemala,Retail,False
562682,Isabel Ramirez,Femenino,2026-02-09,78.65,Guatemala,Education,False
533437,Isabel Ramirez,Femenino,2026-02-03,123.41,Mixco,Education,False
568385,Patricia Soto,Masculino,2026-02-10,360.53,Mixco,Services,False
538277,Paola Morales,Masculino,2026-03-24,202.35,Villa Nueva,Services,False
500249,Ana Soto,Femenino,2026-03-15,323.55,Villa Nueva,Services,False
591571,Jorge Castillo,Masculino,2026-01-13,283.08,Guatemala,Services,False
515546,Pedro Herrera,Masculino,2026-03-01,430.77,Villa Nueva,Education,False
577192,Lucia Perez,Masculino,2026-03-18,206.86,Mixco,Education,False
571598,Lucia Perez,Femenino,2026-03-03,253.69,Antigua,Education,False
505932,Diego Ramirez,Masculino,2026-02-23,397.61,Amatitlan,Retail,False
575288,Oscar Rojas,Masculino,2026-02-16,111.61,Escuintla,Food,False
574273,Jorge Castillo,Masculino,2026-03-25,445.99,Mixco,Food,False
570396,Ana Mejia,Masculino,2026-02-04,236.39,Mixco,Retail,False
596131,Ana Soto,Femenino,2026-02-19,377.24,Mixco,Food,False
553175,Monica Lopez,Femenino,2026-01-10,200.05,Villa Nueva,Food,False
599501,Oscar Rojas,Masculino,2026-03-03,327.41,Antigua,Education,False
564585,Patricia Soto,Masculino,2026-03-01,337.46,Escuintla,Education,False
595356,Carlos Mendez,Masculino,2026-02-23,175.54,Mixco,Education,False
546093,Ana Soto,Femenino,2026-01-26,440.21,Antigua,Education,False
502888,Mario Lopez,Femenino,2026-03-19,244.26,Antigua,Food,True
574388,Maria Paz,Femenino,2026-02-15,317.26,Mixco,Retail,False
565549,Ana Soto,Femenino,2026-01-27,74.59,Quetzaltenango,Education,False
589536,Pablo Perez,Masculino,2026-02-16,109.44,Quetzaltenango,Retail,False
569413,Pablo Perez,Masculino,2026-02-09,192.87,Mixco,Services,False
588220,Maria Paz,Femenino,2026-01-09,423.4,Villa Nueva,Services,False
582329,Diego Ramirez,Masculino,2026-03-10,321.12,Escuintla,Food,False
570743,Pablo Perez,Masculino,2026-01-14,27.94,Antigua,Services,False
537968,Lucia Perez,Femenino,2026-02-25,86.12,Quetzaltenango,Retail,False
538303,Paola Morales,Femenino,2026-01-06,350.45,Amatitlan,Education,False
543666,Monica Lopez,Femenino,2026-01-09,178.3,Antigua,Retail,False
516599,Ana Mejia,Femenino,2026-03-24,419.5,Guatemala,Retail,False
599797,Pablo Perez,Masculino,2026-01-02,29.75,Guatemala,Food,False
541042,Paola Herrera,Masculino,2026-02-27,6794.66,Antigua,Retail,False
534868,Julio Morales,Masculino,2026-03-02,368.05,Mixco,Food,False
554116,Pablo Perez,Masculino,2026-02-06,360.97,Quetzaltenango,Retail,False
522596,Ana Mejia,Femenino,2026-01-19,109.07,Escuintla,Food,False
558828,Patricia Soto,Femenino,2026-02-16,118.89,Escuintla,Food,False
501152,Pablo Perez,Masculino,2026-03-27,165.58,Mixco,Education,False
534662,Paola Herrera,Femenino,2026-03-26,31.79,Antigua,Services,False
571858,Maria Paz,Femenino,2026-01-19,211.34,Quetzaltenango,Education,False
551516,Patricia Soto,Femenino,2026-03-27,351.83,Amatitlan,Retail,False
508083,Pablo Perez,Femenino,2026-01-21,229.97,Amatitlan,Food,False
586278,Jorge Castillo,Masculino,2026-03-16,208.52,Antigua,Services,False
522723,Patricia Soto,Femenino,2026-02-21,221.9,Amatitlan,Education,True
505724,Maria Paz,Masculino,2026-03-19,352.14,Antigua,Food,False
543460,Patricia Soto,Femenino,2026-03-01,424.52,Escuintla,Education,False
568159,Isabel Ramirez,Femenino,2026-03-22,314.55,Escuintla,Food,False
516877,Jorge Castillo,Masculino,2026-01-25,195.13,Amatitlan,Food,False
581814,Paola Herrera,Femenino,2026-02-27,410.55,Quetzaltenango,Education,False
508041,Luis Garcia,Masculino,2026-01-12,69.44,Amatitlan,Retail,False
505700,Ana Soto,Femenino,2026-02-23,195.81,Mixco,Retail,False
531684,Paola Morales,Femenino,2026-02-13,362.24,Escuintla,Retail,False
519163,Pablo Perez,No Especificado,2026-02-06,169.69,Quetzaltenango,Food,False
569623,Diego Ramirez,Masculino,2026-01-13,27.08,Antigua,Retail,False
538900,Paola Herrera,Femenino,2026-03-11,91.85,Villa Nueva,Retail,False
521887,Ana Soto,Femenino,2026-03-01,429.27,Mixco,Education,False
539432,Ana Diaz,Masculino,2026-03-28,253.49,Antigua,Services,False
517045,Lucia Perez,Femenino,2026-01-20,444.84,Antigua,Retail,False
516412,Paola Morales,Femenino,2026-02-28,254.3,Escuintla,Retail,False
524509,Ana Soto,Femenino,2026-03-13,339.67,Antigua,Food,False
559433,Isabel Ramirez,Femenino,2026-02-27,26.72,Quetzaltenango,Services,False
599822,Diego Ramirez,Masculino,2026-01-25,64.04,Quetzaltenango,Education,False
519534,Jorge Castillo,Masculino,2026-02-10,351.87,Mixco,Food,False
553770,Julio Morales,Masculino,2026-01-26,176.35,Quetzaltenango,Food,False
547348,Ana Soto,Femenino,2026-02-21,271.79,No Especificado,Services,False
557699,Lucia Perez,Femenino,2026-03-22,43.86,Quetzaltenango,Food,False
545699,Diego Ramirez,Masculino,2026-01-02,422.48,Guatemala,Education,False
599357,Ana Soto,Femenino,2026-03-12,385.66,Escuintla,Services,False
537781,Pedro Herrera,Masculino,2026-03-02,342.42,Guatemala,Retail,False
543150,Rene Soto,Masculino,2026-03-17,378.87,Amatitlan,Education,False
571695,Luis Garcia,Masculino,2026-02-17,67.5,Villa Nueva,Food,False
559100,Paola Herrera,Femenino,2026-02-21,280.78,Guatemala,Services,False
537517,Patricia Soto,Femenino,2026-03-03,51.81,Antigua,Services,False
587371,Pedro Herrera,Masculino,2026-03-20,440.4,Villa Nueva,Retail,False
500670,Luis Garcia,Femenino,2026-03-19,51.21,Escuintla,Retail,False
500510,Paola Herrera,Femenino,2026-01-05,384.19,Amatitlan,Retail,False
516475,Jorge Castillo,Masculino,2026-01-04,356.71,Escuintla,Retail,False
555458,Pedro Herrera,Masculino,2026-03-24,203.66,Escuintla,Retail,False
544538,Paola Herrera,Femenino,2026-02-04,62.78,Amatitlan,Education,False
508627,Ana Soto,Femenino,2026-01-16,221.9,Villa Nueva,Education,True
537173,Ana Soto,Femenino,2026-01-02,214.38,Guatemala,Food,False
564543,Carlos Mendez,Masculino,2026-03-09,366.95,Amatitlan,Retail,False
553389,Ana Soto,Femenino,2026-03-27,195.12,Escuintla,Food,False
531262,Carlos Mendez,Femenino,2026-02-22,64.75,Guatemala,Retail,False
524963,Ana Diaz,Masculino,2026-03-20,392.26,Escuintla,Education,False
519320,Patricia Soto,Masculino,2026-03-20,401.69,Villa Nueva,Retail,False
513878,Monica Lopez,Masculino,2026-02-26,163.34,No Especificado,Food,False
552009,Rene Soto,Femenino,2026-03-12,154.72,Quetzaltenango,Education,False
589164,Pedro Herrera,Masculino,2026-03-14,261.54,Mixco,Education,False
544317,Isabel Ramirez,Femenino,2026-03-19,168.98,Mixco,Services,False
593322,Isabel Ramirez,Masculino,2026-01-11,112.41,Villa Nueva,Retail,False
535974,Monica Lopez,Femenino,2026-03-02,214.71,Quetzaltenango,Retail,False
559786,Maria Paz,Masculino,2026-03-26,190.66,Antigua,Services,False
581206,Paola Morales,Masculino,2026-02-08,146.4,Escuintla,Retail,False
561940,Ana Mejia,Femenino,2026-02-14,169.32,Escuintla,Services,False
504991,Luis Garcia,Masculino,2026-02-06,363.61,Antigua,Retail,False
562158,Luis Garcia,Masculino,2026-01-20,250.22,Escuintla,Services,True
566445,Diego Ramirez,Femenino,2026-02-01,257.01,Escuintla,Services,False
532748,Pablo Perez,Masculino,2026-01-08,275.34,Quetzaltenango,Retail,False
522538,Paola Morales,Femenino,2026-02-13,264.97,Escuintla,Services,False
575244,Ana Mejia,Femenino,2026-02-23,369.69,Quetzaltenango,Education,False
531639,Rene Soto,Femenino,2026-03-18,88.57,Villa Nueva,Education,False
596094,Maria Paz,Masculino,2026-01-28,321.6,Mixco,Food,False
593527,Diego Ramirez,Masculino,2026-01-11,173.83,Escuintla,Services,False
595776,Rene Soto,Femenino,2026-02-14,299.28,Villa Nueva,Retail,False
540393,Patricia Soto,Femenino,2026-02-07,111.08,Amatitlan,Education,False
586765,Mario Lopez,Masculino,2026-01-01,441.4,Guatemala,Food,False
513947,Diego Ramirez,Masculino,2026-03-23,121.02,Antigua,Food,False
543476,Oscar Rojas,Masculino,2026-03-22,67.18,Villa Nueva,Food,False
517411,Paola Morales,Masculino,2026-02-21,406.89,Quetzaltenango,Education,False
574961,Paola Herrera,Femenino,2026-03-27,292.15,Quetzaltenango,Retail,False
506831,Rene Soto,Masculino,2026-02-12,246.3,Escuintla,Services,False
501421,Monica Lopez,Femenino,2026-02-12,438.4,Amatitlan,Education,False
586075,Lucia Perez,Masculino,2026-02-09,198.98,Villa Nueva,Services,False
519449,Julio Morales,Masculino,2026-03-02,30.67,Escuintla,Education,False
537687,Paola Morales,Femenino,2026-02-20,442.02,Villa Nueva,Retail,False
563078,Luis Garcia,Masculino,2026-01-03,418.65,Amatitlan,Food,False
521066,Carlos Mendez,Masculino,2026-03-11,408.67,Amatitlan,Food,False
535113,Paola Morales,Femenino,2026-03-19,207.42,Escuintla,Retail,False
592511,Luis Garcia,Femenino,2026-01-06,138.94,Guatemala,Food,False
540397,Luis Garcia,Femenino,2026-01-04,235.66,Villa Nueva,Food,False
519551,Paola Morales,Femenino,2026-03-24,389.37,Quetzaltenango,Retail,False
599043,Luis Garcia,Masculino,2026-02-17,325.87,Mixco,Education,False
511342,Julio Morales,Masculino,2026-03-02,266.04,Mixco,Food,False
564498,Isabel Ramirez,Femenino,2026-01-10,339.61,Guatemala,Services,False
583909,Ana Mejia,Masculino,2026-01-23,42.0,Amatitlan,Services,False
589619,Isabel Ramirez,Femenino,2026-01-25,21.1,Villa Nueva,Services,False
535856,Ana Mejia,Femenino,2026-02-01,292.78,Guatemala,Food,False
583655,Maria Paz,Femenino,2026-03-21,308.3,Amatitlan,Services,False
561421,Maria Paz,Masculino,2026-02-22,219.1,Escuintla,Food,False
573696,Patricia Soto,Femenino,2026-02-04,46.01,Mixco,Education,False
528480,Ana Mejia,Femenino,2026-03-05,250.22,Amatitlan,Services,True
559116,Maria Paz,Masculino,2026-03-02,4661.96,Mixco,Services,False
552199,Diego Ramirez,Masculino,2026-02-23,68.17,Villa Nueva,Education,False
505991,Oscar Rojas,Masculino,2026-03-20,381.74,Mixco,Retail,False
537269,Isabel Ramirez,Femenino,2026-02-01,60.74,Villa Nueva,Food,False
516105,Isabel Ramirez,Femenino,2026-02-03,100.77,Villa Nueva,Services,False
500086,Oscar Rojas,Masculino,2026-01-16,366.76,Villa Nueva,Education,False
506498,Pablo Perez,Femenino,2026-03-15,417.81,Quetzaltenango,Services,False
549991,Maria Paz,Femenino,2026-01-11,205.0,Guatemala,Retail,False
529668,Rene Soto,Masculino,2026-02-24,244.26,Quetzaltenango,Food,True
537651,Diego Ramirez,Masculino,2026-02-11,221.9,Guatemala,Education,True
536235,Julio Morales,Masculino,2026-02-23,29.11,Quetzaltenango,Education,False
526608,Monica Lopez,Femenino,2026-01-10,303.51,Villa Nueva,Retail,False
520301,Ana Diaz,Femenino,2026-03-23,412.03,Escuintla,Services,False
538906,Patricia Soto,Masculino,2026-02-04,207.49,Amatitlan,Services,False
502253,Mario Lopez,Femenino,2026-01-11,394.95,Escuintla,Services,False
526640,Pedro Herrera,Masculino,2026-02-20,113.94,Antigua,Food,False
542622,Paola Herrera,Masculino,2026-03-15,221.9,Quetzaltenango,Education,True
576688,Oscar Rojas,Masculino,2026-01-02,177.16,Amatitlan,Education,False
540413,Rene Soto,Masculino,2026-02-23,301.21,Villa Nueva,Retail,False
534281,Monica Lopez,Femenino,2026-02-09,373.45,Villa Nueva,Education,False
554425,Rene Soto,Masculino,2026-03-03,24.28,Antigua,Education,False
511851,Oscar Rojas,Masculino,2026-03-01,228.22,Quetzaltenango,Services,False
551153,Isabel Ramirez,Femenino,2026-03-19,124.47,Escuintla,Education,False
571558,Isabel Ramirez,Femenino,2026-02-14,268.57,Quetzaltenango,Food,False
540379,Isabel Ramirez,Femenino,2026-03-24,221.9,Guatemala,Education,True
512881,Carlos Mendez,Masculino,2026-03-02,144.77,Quetzaltenango,Services,False
556722,Ana Mejia,Femenino,2026-01-09,169.22,Escuintla,Food,False
555512,Luis Garcia,Masculino,2026-01-15,48.39,Antigua,Services,False
539631,Maria Paz,Masculino,2026-01-11,357.37,Mixco,Retail,False
578650,Jorge Castillo,Masculino,2026-03-11,293.9,Guatemala,Services,False
510088,Lucia Perez,Femenino,2026-01-01,221.9,Escuintla,Education,True
502230,Monica Lopez,Femenino,2026-01-23,237.34,Amatitlan,Food,False
515085,Ana Mejia,Femenino,2026-03-04,144.83,Quetzaltenango,Education,False
570158,Jorge Castillo,Masculino,2026-03-16,423.54,Antigua,Education,False
526466,Pedro Herrera,Masculino,2026-03-13,89.69,Amatitlan,Retail,False
513158,Isabel Ramirez,Femenino,2026-02-07,389.57,Mixco,Food,False
518789,Carlos Mendez,Femenino,2026-03-10,28.38,Quetzaltenango,Education,False
502376,Pablo Perez,Masculino,2026-02-03,97.98,Villa Nueva,Services,False
535573,Rene Soto,Masculino,2026-03-12,185.57,Villa Nueva,Education,False
531327,Pedro Herrera,Femenino,2026-02-01,46.54,Villa Nueva,Education,False
569795,Pedro Herrera,Masculino,2026-01-20,68.89,Amatitlan,Food,False
583006,Rene Soto,Masculino,2026-02-07,332.22,Mixco,Education,False
587401,Ana Diaz,Femenino,2026-03-01,307.72,Quetzaltenango,Services,False
542277,Ana Soto,Femenino,2026-02-04,344.88,Guatemala,Retail,False
517293,Rene Soto,Masculino,2026-01-14,366.04,Antigua,Education,False
598977,Ana Diaz,Masculino,2026-03-22,380.84,Antigua,Education,False
582538,Paola Morales,Femenino,2026-03-28,301.11,Guatemala,Retail,False
544219,Patricia Soto,Femenino,2026-01-16,244.26,Villa Nueva,Food,True
534528,Rene Soto,Masculino,2026-02-14,107.28,Villa Nueva,Retail,False
543743,Paola Herrera,Femenino,2026-01-03,235.57,Mixco,Retail,False
509489,Luis Garcia,Femenino,2026-01-23,57.31,Villa Nueva,Services,False
562062,Isabel Ramirez,Masculino,2026-01-11,301.58,Guatemala,Retail,False
516882,Luis Garcia,Masculino,2026-03-27,170.13,Guatemala,Food,False
562967,Ana Mejia,Masculino,2026-03-15,250.22,Guatemala,Services,True
547155,Ana Mejia,Femenino,2026-01-02,268.35,Quetzaltenango,Education,False
550375,Ana Soto,Femenino,2026-01-11,200.09,Guatemala,Retail,False
552878,Paola Herrera,Femenino,2026-02-13,174.12,Amatitlan,Services,False
539512,Ana Diaz,Femenino,2026-01-20,412.77,Amatitlan,Food,False
588570,Isabel Ramirez,Masculino,2026-02-03,329.11,Amatitlan,Food,False
539238,Maria Paz,No Especificado,2026-02-09,54.95,Quetzaltenango,Services,False
572810,Maria Paz,Femenino,2026-01-28,144.22,Escuintla,Services,False
523642,Monica Lopez,Femenino,2026-03-01,240.47,Villa Nueva,Retail,False
537867,Paola Morales,Femenino,2026-03-26,36.45,Mixco,Education,False
528606,Monica Lopez,Femenino,2026-02-18,244.26,Quetzaltenango,Food,True
593988,Ana Diaz,Femenino,2026-03-07,188.15,Guatemala,Services,False
526485,Paola Morales,Femenino,2026-02-24,244.26,Amatitlan,Food,True
552243,Isabel Ramirez,Masculino,2026-02-17,333.16,Mixco,Services,False
506563,Maria Paz,Femenino,2026-03-08,285.45,Mixco,Retail,False
599832,Maria Paz,Masculino,2026-03-24,25.74,Antigua,Food,False
569601,Ana Mejia,Femenino,2026-02-10,282.93,Guatemala,Food,False
545116,Paola Morales,Femenino,2026-02-02,375.83,Guatemala,Services,False
515917,Isabel Ramirez,Femenino,2026-02-04,250.22,Quetzaltenango,Services,True
514257,Oscar Rojas,Masculino,2026-01-02,31.44,Antigua,Food,False
580942,Ana Diaz,Femenino,2026-02-11,384.96,Guatemala,Education,False
555957,Carlos Mendez,Masculino,2026-01-04,347.81,Antigua,Food,False
573064,Diego Ramirez,Masculino,2026-01-15,187.54,Mixco,Services,False
542415,Paola Herrera,Femenino,2026-03-11,5543.54,Quetzaltenango,Food,False
535836,Lucia Perez,Femenino,2026-01-21,133.18,Quetzaltenango,Food,False
514534,Ana Mejia,Femenino,2026-02-10,251.9,Quetzaltenango,Retail,True
544408,Luis Garcia,Masculino,2026-03-09,405.33,Amatitlan,Food,False
559638,Lucia Perez,Masculino,2026-03-04,5204.88,Amatitlan,Services,False
549528,Julio Morales,Masculino,2026-01-21,221.9,Antigua,Education,True
542491,Ana Soto,Femenino,2026-02-04,111.06,Antigua,Retail,False
502509,Maria Paz,Femenino,2026-02-12,157.12,Mixco,Retail,False
565164,Carlos Mendez,Masculino,2026-01-16,317.81,Mixco,Education,False
552510,Ana Soto,Femenino,2026-02-07,317.74,Amatitlan,Food,False
501714,Carlos Mendez,Masculino,2026-02-02,218.19,Quetzaltenango,Services,False
580751,Lucia Perez,Femenino,2026-02-25,382.75,Amatitlan,Retail,False
571205,Julio Morales,Masculino,2026-02-04,408.07,Antigua,Food,False
567329,Lucia Perez,Femenino,2026-02-19,266.32,Guatemala,Services,False
547503,Maria Paz,Femenino,2026-02-20,90.45,Escuintla,Education,False
511588,Paola Herrera,Femenino,2026-01-18,442.01,Villa Nueva,Services,False
558552,Oscar Rojas,Masculino,2026-03-28,246.98,Escuintla,Food,False
598823,Pablo Perez,Masculino,2026-03-07,133.93,Quetzaltenango,Services,False
590094,Ana Soto,Femenino,2026-01-10,372.98,Mixco,Retail,False
548967,Ana Mejia,Femenino,2026-01-22,198.11,Mixco,Retail,False
500731,Carlos Mendez,Masculino,2026-02-22,137.56,Escuintla,Education,False
578013,Ana Diaz,Femenino,2026-03-10,244.26,Amatitlan,Food,True
529871,Ana Diaz,Masculino,2026-03-09,285.66,Guatemala,Services,False
529001,Carlos Mendez,Femenino,2026-01-15,376.63,Amatitlan,Services,False
595537,Jorge Castillo,Masculino,2026-02-17,250.22,Villa Nueva,Services,True
594145,Lucia Perez,Femenino,2026-02-01,350.71,Amatitlan,Services,False
552312,Julio Morales,Masculino,2026-01-22,21.82,Antigua,Food,False
517309,Julio Morales,Masculino,2026-03-09,136.45,Mixco,Food,False
522805,Pedro Herrera,Masculino,2026-02-06,352.71,Antigua,Food,False
511560,Rene Soto,Masculino,2026-02-14,150.41,Escuintla,Services,False
535415,Paola Herrera,Femenino,2026-03-05,411.65,Antigua,Education,False
571607,Ana Soto,Femenino,2026-03-22,244.76,Villa Nueva,Retail,False
567413,Ana Soto,Femenino,2026-03-18,248.58,Escuintla,Food,False
505177,Isabel Ramirez,Femenino,2026-03-10,338.83,Antigua,Food,False
503679,Carlos Mendez,Masculino,2026-03-03,328.22,Escuintla,Food,False
509681,Diego Ramirez,Masculino,2026-03-24,21.74,Quetzaltenango,Retail,False
502995,Paola Herrera,Femenino,2026-03-01,93.99,Villa Nueva,Retail,False
569884,Luis Garcia,Femenino,2026-01-03,449.65,Guatemala,Food,False
521793,Paola Herrera,Femenino,2026-02-04,145.21,Escuintla,Food,False
505229,Jorge Castillo,Masculino,2026-03-05,433.69,Amatitlan,Retail,False
578364,Monica Lopez,Femenino,2026-03-23,406.57,Guatemala,Food,False
571592,Oscar Rojas,Masculino,2026-02-23,276.55,Mixco,Food,False
526008,Julio Morales,Masculino,2026-02-15,358.86,Guatemala,Retail,False
557705,Luis Garcia,Femenino,2026-02-07,392.27,Villa Nueva,Food,False
574599,Ana Diaz,Masculino,2026-01-22,76.97,Amatitlan,Education,False
562114,Pablo Perez,Masculino,2026-01-28,169.26,Antigua,Food,False
560479,Ana Diaz,Femenino,2026-02-21,250.22,Amatitlan,Services,True
537059,Ana Diaz,Femenino,2026-02-01,265.19,No Especificado,Services,False
555698,Ana Soto,Femenino,2026-01-12,267.29,Quetzaltenango,Education,False
571627,Carlos Mendez,Masculino,2026-03-10,348.67,Guatemala,Food,False
597390,Oscar Rojas,Masculino,2026-03-25,384.5,Quetzaltenango,Education,False
551290,Pedro Herrera,Masculino,2026-01-01,104.57,Guatemala,Education,False
517410,Monica Lopez,Femenino,2026-02-04,235.65,Quetzaltenango,Services,False
565943,Luis Garcia,Masculino,2026-01-04,338.43,Villa Nueva,Services,False
581564,Pablo Perez,Femenino,2026-01-02,291.7,Villa Nueva,Retail,False
518221,Pedro Herrera,Masculino,2026-02-02,34.35,Amatitlan,Education,False
500175,Diego Ramirez,Masculino,2026-03-12,412.55,Villa Nueva,Retail,False
591630,Ana Diaz,Femenino,2026-01-20,185.03,Villa Nueva,Food,False
511137,Carlos Mendez,Masculino,2026-02-19,247.45,Quetzaltenango,Retail,False
565525,Paola Morales,Femenino,2026-01-11,189.13,Amatitlan,Education,False
544095,Mario Lopez,Masculino,2026-03-27,108.42,Villa Nueva,Education,False
557968,Carlos Mendez,Masculino,2026-02-28,80.37,Guatemala,Retail,False
571578,Oscar Rojas,Masculino,2026-03-25,251.9,Antigua,Retail,True
564843,Paola Herrera,Femenino,2026-03-10,380.15,Villa Nueva,Services,False
505926,Luis Garcia,Femenino,2026-03-07,304.21,Quetzaltenango,Retail,False
574924,Ana Diaz,Femenino,2026-02-02,371.54,Amatitlan,Education,False
515976,Paola Morales,Femenino,2026-01-08,292.78,Mixco,Retail,False
534551,Pablo Perez,Masculino,2026-02-21,178.79,Mixco,Retail,False
599495,Monica Lopez,Femenino,2026-02-15,249.9,Quetzaltenango,Retail,False
552557,Oscar Rojas,Femenino,2026-03-28,212.52,Mixco,Services,False
597716,Maria Paz,Femenino,2026-02-21,66.84,Amatitlan,Education,False
534322,Julio Morales,Masculino,2026-03-16,253.41,Villa Nueva,Education,False
532671,Isabel Ramirez,Femenino,2026-03-22,443.09,Antigua,Food,False
516180,Mario Lopez,Masculino,2026-03-25,307.01,Escuintla,Education,False
568784,Monica Lopez,Masculino,2026-01-17,63.84,Amatitlan,Services,False
559979,Mario Lopez,Masculino,2026-01-24,445.55,Antigua,Food,False
526958,Mario Lopez,Masculino,2026-01-15,181.05,Amatitlan,Education,False
533257,Oscar Rojas,Masculino,2026-03-11,251.9,Guatemala,Retail,True
516444,Patricia Soto,Femenino,2026-01-05,411.5,Quetzaltenango,Food,False
525381,Isabel Ramirez,Femenino,2026-03-10,168.7,Antigua,Food,False
534371,Mario Lopez,Masculino,2026-01-24,425.71,Amatitlan,Food,False
581566,Pedro Herrera,Masculino,2026-03-09,207.34,Mixco,Retail,False
579155,Rene Soto,Masculino,2026-02-23,180.1,Amatitlan,Services,False
574305,Pedro Herrera,Masculino,2026-03-21,28.35,Escuintla,Food,False
504800,Mario Lopez,Masculino,2026-02-13,184.29,Amatitlan,Education,False
572489,Julio Morales,Masculino,2026-02-20,241.71,Villa Nueva,Education,False
543628,Ana Diaz,Femenino,2026-01-01,50.83,Antigua,Retail,False
591436,Oscar Rojas,Masculino,2026-01-01,374.18,Mixco,Education,False
515687,Luis Garcia,Masculino,2026-03-18,99.48,Escuintla,Education,False
526470,Pablo Perez,Femenino,2026-02-08,70.09,Mixco,Services,False
583107,Patricia Soto,Femenino,2026-01-24,370.02,Mixco,Retail,False
550733,Paola Morales,Femenino,2026-03-06,432.98,Amatitlan,Education,False
547148,Diego Ramirez,Masculino,2026-03-11,301.22,Quetzaltenango,Education,False
510593,Monica Lopez,Masculino,2026-01-13,216.27,Mixco,Education,False
584692,Carlos Mendez,Femenino,2026-02-02,250.22,Escuintla,Services,True
546010,Diego Ramirez,Masculino,2026-02-10,147.37,Mixco,Services,False
572944,Ana Soto,Femenino,2026-03-11,377.99,Guatemala,Food,False
575107,Ana Soto,Femenino,2026-01-05,322.61,Amatitlan,Food,False
529313,Paola Morales,Femenino,2026-02-08,256.86,Guatemala,Services,False
537459,Pedro Herrera,Masculino,2026-01-21,136.71,Antigua,Food,False
579405,Pedro Herrera,Femenino,2026-03-09,315.35,Amatitlan,Education,False
527586,Paola Herrera,Femenino,2026-02-25,431.32,Villa Nueva,Food,False
598776,Diego Ramirez,Femenino,2026-02-14,119.69,Antigua,Education,False
596604,Carlos Mendez,Masculino,2026-01-24,301.84,Quetzaltenango,No Especificado,False
509791,Monica Lopez,Femenino,2026-03-13,260.2,Amatitlan,Education,False
566414,Lucia Perez,Femenino,2026-02-21,218.3,Antigua,Services,False
520726,Pedro Herrera,Masculino,2026-01-26,423.81,Antigua,Food,False
524856,Rene Soto,Masculino,2026-02-08,378.02,Quetzaltenango,Education,False
556453,Ana Mejia,Femenino,2026-03-16,22.06,Quetzaltenango,Services,False
506299,Ana Soto,Femenino,2026-02-11,365.57,Villa Nueva,Education,False
569052,Lucia Perez,Femenino,2026-01-17,270.56,Mixco,Food,False
563219,Rene Soto,Femenino,2026-01-01,86.68,Villa Nueva,Retail,False
590182,Jorge Castillo,Masculino,2026-03-19,204.28,Mixco,Services,False
501495,Diego Ramirez,Masculino,2026-03-05,7601.45,Guatemala,Services,False
565812,Ana Diaz,Masculino,2026-02-12,426.59,Mixco,Retail,False
591589,Jorge Castillo,Masculino,2026-03-18,408.1,Villa Nueva,Food,False
583681,Patricia Soto,Femenino,2026-01-08,355.51,Antigua,Food,False
574473,Julio Morales,Masculino,2026-02-09,288.41,Quetzaltenango,Education,False
573557,Ana Mejia,Femenino,2026-02-05,286.12,Villa Nueva,Food,False
574971,Paola Herrera,Femenino,2026-02-11,126.43,Quetzaltenango,Retail,False
586870,Maria Paz,Femenino,2026-03-16,60.16,Escuintla,Retail,False
548730,Ana Mejia,Femenino,2026-01-07,106.66,Quetzaltenango,Services,False
590731,Oscar Rojas,Masculino,2026-01-16,249.57,Guatemala,Services,False
501165,Julio Morales,Masculino,2026-02-02,408.98,Amatitlan,Food,False
596003,Paola Herrera,Masculino,2026-02-03,119.47,Antigua,Services,False
507974,Ana Mejia,Femenino,2026-03-09,75.24,Mixco,Food,False
534684,Mario Lopez,Masculino,2026-02-27,436.86,Antigua,Retail,False
519890,Ana Diaz,Femenino,2026-03-06,64.55,Quetzaltenango,Services,False
505506,Lucia Perez,Femenino,2026-02-06,234.28,Escuintla,Food,False
546886,Jorge Castillo,Femenino,2026-02-22,85.14,Villa Nueva,Services,False
508313,Lucia Perez,Femenino,2026-01-18,349.99,Guatemala,Food,False
557798,Jorge Castillo,Masculino,2026-02-22,122.17,Antigua,Food,False
537362,Ana Mejia,Femenino,2026-03-15,411.81,Quetzaltenango,Retail,False
546945,Maria Paz,Femenino,2026-01-05,144.94,Mixco,Education,False
552465,Paola Herrera,Femenino,2026-02-16,224.07,Amatitlan,Retail,False
514732,Isabel Ramirez,No Especificado,2026-01-06,181.17,Mixco,Retail,False
553557,Ana Mejia,Femenino,2026-03-06,198.47,Guatemala,Services,False
531058,Carlos Mendez,Masculino,2026-01-28,248.66,Amatitlan,Food,False
527462,Jorge Castillo,Masculino,2026-02-25,392.16,Antigua,Retail,False
519155,Patricia Soto,Femenino,2026-03-27,244.26,Quetzaltenango,Food,True
596088,Rene Soto,Femenino,2026-02-10,332.25,Antigua,Food,False
550989,Ana Mejia,Femenino,2026-02-26,141.87,Villa Nueva,Retail,False
518034,Luis Garcia,Masculino,2026-03-14,100.01,Amatitlan,Food,False
531926,Lucia Perez,Masculino,2026-02-08,90.91,Quetzaltenango,Education,False
556901,Luis Garcia,Masculino,2026-01-22,23.95,Quetzaltenango,Services,False
546570,Diego Ramirez,Masculino,2026-02-18,310.9,Amatitlan,Food,False
550696,Pedro Herrera,Femenino,2026-03-11,175.29,Antigua,Education,False
546955,Carlos Mendez,Masculino,2026-01-25,376.17,Amatitlan,Services,False
545015,Julio Morales,Masculino,2026-02-21,49.03,Mixco,Retail,False
531430,Ana Mejia,Femenino,2026-03-12,70.69,Mixco,Education,False
549232,Monica Lopez,Femenino,2026-01-23,117.63,Antigua,Food,False
505571,Patricia Soto,Femenino,2026-02-13,244.26,Mixco,Food,True
542408,Ana Soto,Femenino,2026-03-28,153.05,Antigua,Retail,False
506098,Isabel Ramirez,Masculino,2026-02-22,58.35,Villa Nueva,Services,False
530001,Maria Paz,Femenino,2026-01-12,240.77,Amatitlan,Services,False
571929,Isabel Ramirez,No Especificado,2026-01-28,65.92,Mixco,Food,False
503734,Patricia Soto,Femenino,2026-03-04,420.03,Mixco,Food,False
568360,Luis Garcia,Femenino,2026-01-14,150.3,Villa Nueva,Services,False
589206,Monica Lopez,Femenino,2026-02-11,42.53,Amatitlan,Services,False
541720,Monica Lopez,Femenino,2026-02-05,304.31,Antigua,Retail,False
565854,Diego Ramirez,Femenino,2026-03-21,162.84,Villa Nueva,Retail,False
591470,Diego Ramirez,Masculino,2026-01-26,243.36,Amatitlan,Retail,False
594531,Monica Lopez,Femenino,2026-02-23,221.9,Quetzaltenango,Education,True
559015,Carlos Mendez,Masculino,2026-01-06,198.17,Escuintla,Education,False
530371,Jorge Castillo,Masculino,2026-01-12,411.69,Guatemala,Food,False
501721,Julio Morales,Femenino,2026-02-22,431.77,Mixco,Retail,False
502816,Pedro Herrera,Masculino,2026-02-18,125.87,Antigua,Food,False
516915,Maria Paz,Femenino,2026-02-10,130.01,Antigua,Services,False
524308,Ana Diaz,No Especificado,2026-02-10,418.19,Quetzaltenango,Education,False
555424,Isabel Ramirez,Femenino,2026-03-27,297.42,Guatemala,Education,False
543413,Maria Paz,Femenino,2026-02-18,114.38,Mixco,Services,False
575717,Jorge Castillo,Masculino,2026-03-10,304.34,Guatemala,Retail,False
510927,Jorge Castillo,Masculino,2026-03-03,244.33,Antigua,Services,False
512070,Paola Morales,Femenino,2026-01-01,196.41,Amatitlan,Services,False
560228,Maria Paz,Masculino,2026-01-10,323.23,Quetzaltenango,Food,False
543316,Paola Herrera,Femenino,2026-01-27,218.65,Amatitlan,Education,False
580365,Oscar Rojas,Masculino,2026-01-11,231.78,Quetzaltenango,Services,False
564413,Monica Lopez,Femenino,2026-03-19,239.84,Mixco,Services,False
518788,Carlos Mendez,Masculino,2026-02-02,380.66,Guatemala,Education,False
527930,Paola Herrera,Femenino,2026-03-09,211.87,Escuintla,Retail,False
563227,Luis Garcia,Femenino,2026-02-27,355.95,Mixco,Retail,False
548079,Pablo Perez,Masculino,2026-03-25,366.92,Amatitlan,Services,False
569166,Lucia Perez,Femenino,2026-02-19,52.28,Guatemala,Food,False
592431,Patricia Soto,Femenino,2026-02-05,441.45,Escuintla,Food,False
567648,Paola Herrera,Femenino,2026-01-04,286.72,Antigua,Retail,False
569235,Pablo Perez,Masculino,2026-01-04,344.06,Quetzaltenango,Services,False
546902,Patricia Soto,Femenino,2026-03-03,147.71,Guatemala,Education,False
510949,Pedro Herrera,Masculino,2026-03-14,389.29,Antigua,Education,False
577935,Carlos Mendez,Masculino,2026-03-11,6941.68,Amatitlan,Food,False
551772,Luis Garcia,Masculino,2026-03-01,128.92,Quetzaltenango,Education,False
511873,Ana Soto,Femenino,2026-02-07,117.53,Mixco,Services,False
522437,Ana Diaz,Masculino,2026-01-08,339.32,Amatitlan,Services,False
556435,Diego Ramirez,Femenino,2026-03-28,244.21,Quetzaltenango,Food,False
559635,Patricia Soto,Femenino,2026-01-15,192.4,Antigua,Services,False
506388,Pedro Herrera,Masculino,2026-03-01,223.72,Guatemala,Food,False
508292,Paola Morales,Femenino,2026-01-21,177.85,Mixco,Services,False
510193,Paola Morales,Masculino,2026-01-01,198.83,Amatitlan,Retail,False
587304,Ana Mejia,Femenino,2026-02-22,301.07,Guatemala,Education,False
504684,Ana Diaz,No Especificado,2026-03-28,394.48,Amatitlan,Education,False
528964,Paola Morales,Masculino,2026-02-12,269.99,Escuintla,Retail,False
508744,Mario Lopez,Masculino,2026-02-16,290.86,Antigua,Food,False
578470,Ana Diaz,Femenino,2026-02-13,211.97,Antigua,Retail,False
570349,Isabel Ramirez,No Especificado,2026-01-06,189.76,Amatitlan,Retail,False
577803,Maria Paz,Masculino,2026-01-07,63.39,Guatemala,Food,False
584399,Carlos Mendez,Masculino,2026-01-04,448.51,Antigua,Services,False
527013,Lucia Perez,Femenino,2026-01-28,162.82,Antigua,Food,False
565961,Monica Lopez,Masculino,2026-02-26,439.51,Guatemala,Services,False
512240,Lucia Perez,Masculino,2026-01-08,245.44,Mixco,Food,False
554490,Oscar Rojas,Masculino,2026-03-10,158.58,Antigua,Services,False
570788,Luis Garcia,Masculino,2026-02-27,267.26,Escuintla,Retail,False
511936,Luis Garcia,Masculino,2026-01-19,144.77,Villa Nueva,Food,False
516450,Pedro Herrera,Masculino,2026-01-12,23.83,Amatitlan,Education,False
553250,Lucia Perez,Femenino,2026-02-21,184.08,Antigua,Services,False
505467,Patricia Soto,Femenino,2026-01-28,104.24,Antigua,Services,False
571620,Pedro Herrera,Masculino,2026-03-07,212.87,Mixco,Food,False
572403,Ana Soto,Masculino,2026-01-12,364.85,No Especificado,Services,False
524794,Ana Mejia,Masculino,2026-03-22,251.9,Villa Nueva,Retail,True
503640,Monica Lopez,Femenino,2026-01-03,30.89,Guatemala,Services,False
561276,Jorge Castillo,Masculino,2026-03-19,56.61,Amatitlan,Retail,False
559588,Isabel Ramirez,Femenino,2026-01-28,192.72,Villa Nueva,Education,False
593333,Diego Ramirez,Masculino,2026-02-01,390.11,Antigua,Food,False
569274,Julio Morales,Masculino,2026-03-25,250.22,Guatemala,Services,True
539342,Luis Garcia,Masculino,2026-03-15,254.16,Amatitlan,Services,False
551562,Rene Soto,Masculino,2026-02-25,178.4,Quetzaltenango,Services,False
578651,Luis Garcia,Masculino,2026-02-21,86.93,Antigua,Education,False
540942,Pablo Perez,Femenino,2026-02-26,305.12,Amatitlan,Retail,False
526142,Ana Diaz,Femenino,2026-03-06,35.86,Mixco,Food,False
522335,Luis Garcia,Masculino,2026-03-10,378.86,Escuintla,Services,False
542316,Rene Soto,Masculino,2026-02-24,244.26,Antigua,Food,True
523052,Rene Soto,Femenino,2026-03-03,445.57,Villa Nueva,Services,False
529736,Rene Soto,Masculino,2026-01-10,411.18,Mixco,Services,False
598097,Ana Diaz,Femenino,2026-01-14,133.21,Mixco,Retail,False
529257,Mario Lopez,Masculino,2026-01-24,244.26,Antigua,Food,True
595216,Luis Garcia,Masculino,2026-03-01,411.09,Quetzaltenango,Services,False
537817,Jorge Castillo,Masculino,2026-02-24,285.18,Escuintla,Retail,False
563222,Jorge Castillo,Masculino,2026-01-04,406.07,Escuintla,Food,False
592333,Luis Garcia,No Especificado,2026-01-11,435.64,Mixco,Retail,False
597643,Ana Diaz,Femenino,2026-03-18,6956.89,Quetzaltenango,Services,False
565270,Lucia Perez,Masculino,2026-02-08,226.56,Villa Nueva,Services,False
549594,Luis Garcia,Masculino,2026-01-12,293.08,Mixco,Retail,False
580597,Luis Garcia,Masculino,2026-02-16,313.9,Villa Nueva,Education,False
503664,Diego Ramirez,Femenino,2026-03-19,62.17,Escuintla,Education,False
513123,Luis Garcia,Masculino,2026-02-05,448.98,Mixco,Food,False
582587,Patricia Soto,Masculino,2026-02-10,119.12,Escuintla,Services,False
505215,Rene Soto,Femenino,2026-03-04,311.27,Quetzaltenango,Food,False
595699,Luis Garcia,Masculino,2026-03-26,360.6,Mixco,Food,False
501734,Ana Mejia,Femenino,2026-01-15,365.01,Amatitlan,Services,False
559864,Luis Garcia,No Especificado,2026-02-21,270.84,Escuintla,Food,False
554990,Maria Paz,Masculino,2026-01-18,47.42,Quetzaltenango,Education,False
559174,Paola Morales,Femenino,2026-01-15,381.54,Escuintla,Food,False
526410,Jorge Castillo,Masculino,2026-03-07,421.54,Villa Nueva,Food,False
520625,Patricia Soto,Masculino,2026-01-08,264.22,Guatemala,Services,False
513339,Diego Ramirez,Masculino,2026-02-09,433.0,Quetzaltenango,Food,False
518823,Patricia Soto,Masculino,2026-03-08,251.9,Escuintla,Retail,True
541958,Julio Morales,Masculino,2026-02-18,315.56,Quetzaltenango,Services,False
576879,Mario Lopez,Masculino,2026-02-14,349.77,Guatemala,Education,False
532920,Mario Lopez,Masculino,2026-01-27,169.75,Villa Nueva,Services,False
525681,Isabel Ramirez,Femenino,2026-03-03,404.37,Antigua,Food,False
561960,Julio Morales,Femenino,2026-03-18,82.65,Mixco,Services,False
573055,Pablo Perez,Masculino,2026-02-09,107.06,Villa Nueva,Services,False
522230,Isabel Ramirez,Femenino,2026-02-21,447.99,Quetzaltenango,Retail,False
513596,Maria Paz,Masculino,2026-03-06,290.46,Villa Nueva,Food,False
525932,Paola Morales,Femenino,2026-01-27,83.33,Antigua,Services,False
564845,Jorge Castillo,Masculino,2026-01-10,154.96,Guatemala,Food,False
599091,Paola Morales,Femenino,2026-02-18,221.9,Antigua,Education,True
502785,Pedro Herrera,Femenino,2026-03-26,226.19,Escuintla,Food,False
573519,Mario Lopez,Masculino,2026-01-05,296.8,Escuintla,Food,False
573443,Maria Paz,Femenino,2026-01-01,146.0,Villa Nueva,Retail,False
555163,Julio Morales,Masculino,2026-01-07,396.44,Quetzaltenango,Food,False
514849,Diego Ramirez,Masculino,2026-03-08,74.32,Quetzaltenango,Retail,False
568520,Isabel Ramirez,Femenino,2026-02-13,356.17,Quetzaltenango,Education,False
558722,Jorge Castillo,Masculino,2026-02-24,215.62,Antigua,Services,False
573068,Isabel Ramirez,Femenino,2026-03-24,140.0,Escuintla,Education,False
523242,Paola Herrera,Femenino,2026-03-08,65.81,Amatitlan,Education,False
566232,Isabel Ramirez,Femenino,2026-03-19,115.36,Escuintla,Food,False
574420,Monica Lopez,Femenino,2026-03-14,26.67,Villa Nueva,Retail,False
552426,Ana Soto,Femenino,2026-01-06,251.9,Quetzaltenango,Retail,True
590333,Isabel Ramirez,Femenino,2026-03-20,259.18,Antigua,Services,False
566057,Julio Morales,Masculino,2026-01-13,118.18,Quetzaltenango,Education,False
536004,Ana Mejia,Femenino,2026-03-22,252.8,Quetzaltenango,Services,False
573617,Paola Herrera,Femenino,2026-01-03,63.87,Quetzaltenango,Food,False
509307,Mario Lopez,Femenino,2026-01-10,390.89,Quetzaltenango,Education,False
536215,Mario Lopez,Femenino,2026-03-20,389.24,Villa Nueva,Retail,False
567278,Paola Herrera,Femenino,2026-01-09,338.26,Guatemala,Food,False
559211,Luis Garcia,Masculino,2026-03-05,27.04,Villa Nueva,Education,False
511224,Diego Ramirez,Masculino,2026-01-21,237.26,Mixco,Food,False
544109,Pedro Herrera,Masculino,2026-01-16,202.59,Antigua,Education,False
537684,Luis Garcia,Masculino,2026-02-17,7167.93,Escuintla,Retail,False
596829,Carlos Mendez,Masculino,2026-01-02,147.72,Amatitlan,Services,False
560505,Diego Ramirez,Masculino,2026-02-22,281.98,Mixco,Education,False
589968,Isabel Ramirez,Femenino,2026-03-19,353.61,Escuintla,Services,False
531936,Pedro Herrera,Masculino,2026-01-04,221.42,Guatemala,Retail,False
562810,Ana Diaz,Femenino,2026-01-23,82.43,Quetzaltenango,Retail,False
512972,Ana Mejia,Masculino,2026-02-28,397.06,Villa Nueva,Retail,False
562344,Rene Soto,Masculino,2026-02-28,317.34,Villa Nueva,Services,False
577422,Maria Paz,Femenino,2026-01-20,208.38,Villa Nueva,Services,False
515195,Maria Paz,Femenino,2026-03-16,399.93,Mixco,Food,False
586787,Carlos Mendez,Masculino,2026-01-13,219.14,Amatitlan,Retail,False
502219,Isabel Ramirez,Femenino,2026-01-18,297.43,Guatemala,Services,False
591916,Maria Paz,Femenino,2026-03-19,98.24,Villa Nueva,Food,False
582821,Julio Morales,Femenino,2026-01-07,140.9,Escuintla,Retail,False
505280,Diego Ramirez,Masculino,2026-02-28,391.38,Mixco,Food,False
598986,Pablo Perez,Masculino,2026-02-21,415.62,Quetzaltenango,Services,False
509348,Pablo Perez,Masculino,2026-01-19,439.93,Guatemala,Education,False
525591,Rene Soto,Femenino,2026-02-18,359.81,Escuintla,Education,False
537189,Pedro Herrera,Femenino,2026-01-07,151.19,Antigua,Food,False
554438,Monica Lopez,Femenino,2026-01-22,288.13,Escuintla,Retail,False
511551,Julio Morales,Masculino,2026-03-24,6298.6,Quetzaltenango,Education,False
559801,Rene Soto,Masculino,2026-01-16,23.13,Villa Nueva,Food,False
561454,Oscar Rojas,Masculino,2026-02-20,228.9,Mixco,Services,False
550358,Ana Diaz,Femenino,2026-03-11,244.26,Guatemala,Food,True
567720,Monica Lopez,Femenino,2026-03-22,210.1,Villa Nueva,Retail,False
549221,Jorge Castillo,Masculino,2026-02-18,315.81,Quetzaltenango,Services,False
551176,Rene Soto,Masculino,2026-03-17,403.4,Guatemala,Retail,False
518246,Monica Lopez,Femenino,2026-01-28,125.73,Escuintla,Education,False
599138,Ana Mejia,Masculino,2026-02-20,359.2,Quetzaltenango,Education,False
500501,Mario Lopez,Masculino,2026-03-13,328.48,Antigua,Education,False
561612,Isabel Ramirez,Femenino,2026-02-12,175.73,Antigua,Services,False
535580,Isabel Ramirez,Femenino,2026-03-17,257.02,Antigua,Services,False
550447,Isabel Ramirez,Femenino,2026-02-02,187.94,Amatitlan,Services,False
593769,Ana Mejia,Femenino,2026-03-05,190.24,Amatitlan,Retail,False
507931,Pablo Perez,Masculino,2026-02-04,339.87,Quetzaltenango,Food,False
537320,Julio Morales,Masculino,2026-02-26,107.13,Escuintla,Food,False
571183,Luis Garcia,Masculino,2026-03-27,250.22,Quetzaltenango,Services,True
524090,Lucia Perez,Masculino,2026-03-17,254.76,Mixco,Food,False
529021,Ana Mejia,Masculino,2026-03-22,312.31,Quetzaltenango,Retail,False
585604,Monica Lopez,Masculino,2026-01-15,398.35,Escuintla,Retail,False
568347,Mario Lopez,Masculino,2026-01-13,321.58,Villa Nueva,Education,False
508023,Jorge Castillo,Masculino,2026-03-19,251.9,Amatitlan,Retail,True
533885,Diego Ramirez,Masculino,2026-03-11,357.53,Escuintla,Food,False
560051,Paola Herrera,Femenino,2026-03-03,335.45,Mixco,Food,False
555822,Paola Morales,Femenino,2026-01-13,140.09,Mixco,Services,False
584088,Maria Paz,Femenino,2026-02-20,48.58,Antigua,Food,False
513886,Patricia Soto,Femenino,2026-03-12,53.01,Mixco,Retail,False
517850,Diego Ramirez,Masculino,2026-03-27,447.01,Antigua,Food,False
573702,Patricia Soto,Masculino,2026-01-01,147.54,Escuintla,Retail,False
591079,Mario Lopez,Masculino,2026-03-12,410.3,Guatemala,Education,False
536442,Rene Soto,No Especificado,2026-01-11,190.74,Escuintla,Retail,False
556931,Patricia Soto,Femenino,2026-02-02,301.78,Villa Nueva,Retail,False
525770,Ana Soto,Femenino,2026-02-01,320.81,Guatemala,Retail,False
501598,Mario Lopez,Masculino,2026-03-24,368.0,Antigua,Services,False
503473,Julio Morales,Masculino,2026-01-08,111.26,Amatitlan,Retail,False
549452,Rene Soto,Femenino,2026-01-19,355.74,Villa Nueva,Retail,False
539887,Isabel Ramirez,Femenino,2026-03-16,406.78,Guatemala,Services,False
599710,Luis Garcia,Masculino,2026-03-27,172.19,Amatitlan,Retail,False
519478,Carlos Mendez,Masculino,2026-01-14,221.9,Villa Nueva,Education,True
505673,Paola Morales,Femenino,2026-02-27,440.68,Quetzaltenango,Retail,False
510998,Carlos Mendez,Masculino,2026-03-24,58.04,Mixco,Education,False
541212,Diego Ramirez,Masculino,2026-01-22,362.26,Villa Nueva,Services,False
586816,Patricia Soto,Femenino,2026-01-22,133.37,Escuintla,Services,False
570831,Luis Garcia,Femenino,2026-02-17,265.1,Antigua,Services,False
523082,Pedro Herrera,Femenino,2026-03-28,335.42,Quetzaltenango,Retail,False
509983,Julio Morales,Femenino,2026-02-26,251.5,Guatemala,Education,False
596549,Jorge Castillo,Masculino,2026-01-19,61.69,Amatitlan,Services,False
547930,Isabel Ramirez,Masculino,2026-03-28,294.82,Mixco,Retail,False
546135,Ana Diaz,Femenino,2026-03-01,181.66,Amatitlan,Food,False
576895,Diego Ramirez,Masculino,2026-03-08,5439.21,Antigua,Food,False
552030,Patricia Soto,Femenino,2026-03-12,104.36,Amatitlan,Education,False
587037,Isabel Ramirez,Masculino,2026-01-10,250.22,Amatitlan,Services,True
563156,Carlos Mendez,No Especificado,2026-02-14,82.34,Guatemala,Education,False
579842,Rene Soto,Femenino,2026-01-22,153.9,Escuintla,Food,False
550900,Paola Herrera,Femenino,2026-02-18,221.9,Mixco,Education,True
516316,Jorge Castillo,Masculino,2026-02-20,284.27,Quetzaltenango,Retail,False
505905,Oscar Rojas,Masculino,2026-01-03,339.48,Villa Nueva,Services,False
510760,Luis Garcia,Masculino,2026-03-04,38.09,Quetzaltenango,Retail,False
524328,Maria Paz,Femenino,2026-02-18,108.63,Antigua,Food,False
548784,Rene Soto,Masculino,2026-03-01,289.46,Guatemala,Food,False
542733,Paola Morales,Masculino,2026-02-08,182.45,Antigua,Education,False
598880,Ana Soto,Femenino,2026-02-14,45.35,Guatemala,Services,False
512472,Maria Paz,Masculino,2026-01-23,250.22,Quetzaltenango,Services,True
573356,Luis Garcia,Femenino,2026-03-11,444.69,Quetzaltenango,Food,False
505193,Isabel Ramirez,Masculino,2026-02-21,251.9,No Especificado,Retail,True
534957,Ana Soto,Femenino,2026-01-10,251.9,Escuintla,Retail,True
540071,Paola Morales,Femenino,2026-02-12,221.9,Escuintla,Education,True
530663,Jorge Castillo,Masculino,2026-01-13,6746.76,Amatitlan,Food,False
571707,Patricia Soto,Femenino,2026-03-19,74.96,Villa Nueva,Retail,False
588511,Julio Morales,Masculino,2026-03-21,237.23,Guatemala,Services,False
534801,Jorge Castillo,Masculino,2026-01-14,56.01,Villa Nueva,Education,False
505199,Julio Morales,Masculino,2026-03-01,332.47,Antigua,Education,False
543785,Ana Mejia,Femenino,2026-01-17,239.48,Mixco,Education,False
552012,Ana Mejia,Femenino,2026-01-04,417.58,Guatemala,Retail,False
583015,Julio Morales,Masculino,2026-02-10,328.04,Quetzaltenango,Services,False
558949,Mario Lopez,Masculino,2026-01-25,145.01,Amatitlan,Services,False
524697,Pablo Perez,Femenino,2026-03-04,274.11,Guatemala,Education,False
513616,Ana Soto,Femenino,2026-01-08,424.1,Escuintla,Education,False
518257,Isabel Ramirez,Masculino,2026-02-16,259.74,Quetzaltenango,Food,False
599423,Rene Soto,Masculino,2026-01-07,75.45,Guatemala,Education,False
529070,Oscar Rojas,Masculino,2026-01-13,4029.95,Mixco,Education,False
551922,Ana Soto,Femenino,2026-03-26,48.23,Quetzaltenango,Services,False
568939,Paola Herrera,Masculino,2026-03-28,347.71,Antigua,Services,False
505884,Ana Mejia,Femenino,2026-03-13,5576.6,Amatitlan,Food,False
511418,Diego Ramirez,Masculino,2026-02-02,436.48,Guatemala,Services,False
568331,Patricia Soto,Femenino,2026-03-10,406.34,Amatitlan,Food,False
508079,Monica Lopez,Femenino,2026-02-08,141.63,Villa Nueva,Food,False
535994,Diego Ramirez,Masculino,2026-03-22,120.06,Amatitlan,Retail,False
503145,Isabel Ramirez,Femenino,2026-03-04,176.86,Amatitlan,Food,False
538798,Ana Mejia,Femenino,2026-02-04,132.41,Quetzaltenango,Retail,False
530711,Monica Lopez,Femenino,2026-03-19,201.16,Amatitlan,Food,False
593896,Patricia Soto,Femenino,2026-02-11,168.02,Antigua,Food,False
535988,Rene Soto,Masculino,2026-03-12,389.58,Guatemala,Education,False
502536,Paola Herrera,Femenino,2026-01-13,70.07,Amatitlan,Retail,False
509545,Ana Diaz,Femenino,2026-02-15,219.85,Escuintla,Retail,False
520375,Julio Morales,Masculino,2026-03-20,70.36,Villa Nueva,Retail,False
590999,Diego Ramirez,Femenino,2026-01-27,237.91,Villa Nueva,Food,False
514002,Julio Morales,Femenino,2026-03-24,187.18,Amatitlan,Food,False
521149,Patricia Soto,Masculino,2026-03-01,31.69,Quetzaltenango,Services,False
577117,Paola Herrera,Femenino,2026-01-25,382.31,Guatemala,Food,False
520624,Jorge Castillo,Masculino,2026-01-25,251.9,Mixco,Retail,True
596610,Lucia Perez,Masculino,2026-01-27,100.55,Villa Nueva,Food,False
548122,Lucia Perez,Femenino,2026-02-09,327.0,Escuintla,Food,False
541978,Diego Ramirez,Masculino,2026-03-28,440.33,Escuintla,Food,False
574130,Ana Soto,Femenino,2026-01-14,402.37,Mixco,Services,False
508170,Julio Morales,Femenino,2026-01-23,283.03,Mixco,Education,False
587543,Lucia Perez,Masculino,2026-01-27,233.64,Mixco,Education,False
592567,Patricia Soto,Femenino,2026-02-16,99.49,Mixco,Services,False
590082,Pedro Herrera,Masculino,2026-01-03,122.09,Guatemala,Education,False
552487,Ana Diaz,Femenino,2026-03-14,363.4,Guatemala,Food,False
592273,Ana Mejia,Femenino,2026-03-07,217.63,Escuintla,Education,False
510239,Diego Ramirez,Femenino,2026-03-28,229.6,Guatemala,Services,False
514976,Lucia Perez,Femenino,2026-01-19,138.16,Escuintla,Education,False
509569,Maria Paz,Femenino,2026-01-09,84.72,Antigua,Services,False
555237,Pedro Herrera,Femenino,2026-01-19,329.98,Villa Nueva,Education,False
535050,Monica Lopez,Femenino,2026-03-12,258.25,Antigua,Education,False
579433,Monica Lopez,Femenino,2026-03-08,250.22,Mixco,Services,True
558429,Julio Morales,Masculino,2026-02-17,322.1,Villa Nueva,Education,False
528050,Patricia Soto,Femenino,2026-02-24,223.89,Quetzaltenango,Education,False
591185,Pedro Herrera,Masculino,2026-02-11,389.95,Mixco,Retail,False
575096,Pedro Herrera,Masculino,2026-03-07,100.01,Guatemala,Services,False
506360,Paola Herrera,Femenino,2026-02-08,112.41,Villa Nueva,Food,False
545473,Mario Lopez,Masculino,2026-02-12,292.39,Escuintla,Education,False
547082,Pablo Perez,Femenino,2026-03-28,186.82,Amatitlan,Food,False
571588,Monica Lopez,Femenino,2026-01-11,337.15,Mixco,Food,False
567581,Luis Garcia,Masculino,2026-01-15,205.86,Amatitlan,Education,False
585299,Jorge Castillo,Femenino,2026-01-11,143.53,Villa Nueva,Food,False
582616,Paola Herrera,Femenino,2026-02-20,170.5,Antigua,Education,False
504142,Ana Mejia,Femenino,2026-01-25,404.57,Escuintla,Education,False
555409,Ana Soto,Femenino,2026-03-27,136.24,Quetzaltenango,Retail,False
590466,Isabel Ramirez,Femenino,2026-02-06,123.7,Mixco,Retail,False
513307,Julio Morales,Masculino,2026-02-06,229.31,Escuintla,Retail,False
548948,Pablo Perez,Masculino,2026-03-08,287.22,Antigua,Retail,False
538279,Ana Diaz,Femenino,2026-03-10,334.01,Quetzaltenango,Retail,False
577446,Monica Lopez,Femenino,2026-02-20,244.26,Guatemala,Food,True
544533,Isabel Ramirez,Femenino,2026-03-25,73.03,Amatitlan,Education,False
546323,Ana Diaz,Femenino,2026-03-07,204.49,Antigua,Food,False
532725,Luis Garcia,Femenino,2026-02-07,362.01,Amatitlan,Retail,False
554270,Rene Soto,Masculino,2026-02-15,411.89,Antigua,Education,False
537892,Ana Mejia,Femenino,2026-02-11,137.97,Mixco,Food,False
543973,Ana Soto,Masculino,2026-01-11,219.17,Guatemala,Services,False
566532,Lucia Perez,Femenino,2026-01-22,149.68,Escuintla,Services,False
580916,Monica Lopez,Masculino,2026-02-28,132.85,Guatemala,Retail,False
567595,Maria Paz,Femenino,2026-03-11,399.26,Antigua,Food,False
558731,Mario Lopez,Masculino,2026-03-17,419.36,Quetzaltenango,Education,False
516648,Maria Paz,Femenino,2026-03-12,377.64,Escuintla,Education,False
542103,Mario Lopez,Masculino,2026-03-15,69.57,Guatemala,Retail,False
578827,Ana Mejia,Masculino,2026-02-14,154.46,Antigua,Services,False
596598,Paola Herrera,Femenino,2026-02-03,245.19,Guatemala,Services,False
536778,Monica Lopez,Femenino,2026-03-14,396.55,Villa Nueva,Retail,False
502726,Luis Garcia,Masculino,2026-01-15,92.21,Guatemala,Education,False
526871,Mario Lopez,Masculino,2026-03-17,299.13,Antigua,Services,False
508066,Jorge Castillo,Masculino,2026-03-13,221.9,Quetzaltenango,Education,True
540447,Jorge Castillo,Femenino,2026-02-27,133.59,Villa Nueva,Services,False
583198,Ana Soto,Femenino,2026-02-15,328.97,Quetzaltenango,Food,False
566653,Luis Garcia,Masculino,2026-03-20,183.2,Antigua,Services,False
590990,Carlos Mendez,Masculino,2026-01-04,5491.4,Antigua,Services,False
577767,Monica Lopez,Femenino,2026-02-20,40.76,Quetzaltenango,Services,False
538324,Paola Morales,Femenino,2026-03-01,27.43,Amatitlan,Retail,False
537749,Ana Soto,Femenino,2026-02-09,409.1,Escuintla,Services,False
522575,Ana Mejia,Femenino,2026-01-06,270.92,Mixco,Education,False
523106,Oscar Rojas,Masculino,2026-02-26,123.24,Mixco,Education,False
535905,Isabel Ramirez,Femenino,2026-03-26,248.36,Antigua,Food,False
578078,Paola Morales,Femenino,2026-02-14,95.25,Mixco,Food,False
572181,Diego Ramirez,Masculino,2026-02-07,444.79,Villa Nueva,Retail,False
588636,Ana Mejia,Femenino,2026-02-23,68.43,Mixco,Retail,False
508322,Lucia Perez,Femenino,2026-02-09,351.59,Villa Nueva,Education,False
573723,Pedro Herrera,Masculino,2026-01-24,22.71,Villa Nueva,Retail,False
566616,Rene Soto,Masculino,2026-03-16,317.18,Amatitlan,Retail,False
533253,Mario Lopez,Masculino,2026-03-24,254.42,Escuintla,Services,False
534653,Carlos Mendez,Masculino,2026-03-03,130.04,Mixco,Services,False
534111,Julio Morales,Masculino,2026-01-28,140.55,Quetzaltenango,Services,False
569661,Paola Morales,Femenino,2026-01-19,159.34,Mixco,Education,False
504586,Luis Garcia,Masculino,2026-03-02,217.44,Antigua,Retail,False
546022,Ana Soto,Femenino,2026-01-22,380.66,Amatitlan,Food,False
587765,Maria Paz,Femenino,2026-03-28,5508.08,Villa Nueva,Retail,False
520376,Rene Soto,Masculino,2026-01-16,307.34,Escuintla,Education,False
562081,Lucia Perez,No Especificado,2026-01-26,347.51,Quetzaltenango,Retail,False
539702,Oscar Rojas,Masculino,2026-01-27,296.88,Escuintla,Food,False
517534,Isabel Ramirez,Femenino,2026-02-14,173.79,Guatemala,Services,False
540825,Rene Soto,Masculino,2026-01-01,418.37,Amatitlan,Services,False
586423,Pedro Herrera,Masculino,2026-02-08,137.66,Antigua,Retail,False
525583,Julio Morales,Masculino,2026-02-02,309.71,Escuintla,Education,False
511959,Isabel Ramirez,Femenino,2026-01-23,243.88,Villa Nueva,Education,False
546708,Isabel Ramirez,Femenino,2026-01-07,121.38,Mixco,Education,False
580413,Ana Soto,Masculino,2026-02-18,442.86,Amatitlan,Retail,False
519094,Paola Morales,Femenino,2026-01-21,175.4,Villa Nueva,Education,False
599284,Mario Lopez,Masculino,2026-03-08,246.79,Amatitlan,Education,False
583568,Oscar Rojas,Masculino,2026-03-11,80.38,Antigua,Retail,False
544517,Mario Lopez,Masculino,2026-03-28,353.91,Quetzaltenango,Food,False
598953,Mario Lopez,Masculino,2026-01-27,25.09,Antigua,Services,False
507112,Monica Lopez,No Especificado,2026-01-27,328.95,Quetzaltenango,Services,False
562831,Luis Garcia,Masculino,2026-02-08,129.8,Mixco,Education,False
534306,Ana Diaz,Femenino,2026-02-27,346.11,Antigua,Retail,False
508063,Pablo Perez,Femenino,2026-02-11,241.31,Mixco,Food,False
579154,Monica Lopez,Masculino,2026-03-05,147.44,Escuintla,Services,False
593915,Isabel Ramirez,Femenino,2026-03-06,405.95,Mixco,Education,False
506436,Paola Herrera,Masculino,2026-01-03,320.86,Mixco,Food,False
569205,Luis Garcia,Masculino,2026-02-22,243.48,Antigua,Retail,False
542724,Paola Herrera,Femenino,2026-03-23,144.26,Villa Nueva,Food,False
537776,Pablo Perez,Masculino,2026-03-05,261.89,Quetzaltenango,Services,False
586856,Carlos Mendez,Masculino,2026-02-26,320.55,Antigua,Education,False
572241,Diego Ramirez,Masculino,2026-02-03,135.75,Villa Nueva,Food,False
523395,Ana Soto,Femenino,2026-03-05,34.15,Guatemala,Retail,False
502934,Julio Morales,Masculino,2026-03-03,341.01,Guatemala,Food,False
559953,Oscar Rojas,Masculino,2026-01-09,135.92,Guatemala,Education,False
598805,Isabel Ramirez,No Especificado,2026-03-01,280.75,Villa Nueva,Education,False
572264,Rene Soto,Masculino,2026-03-14,101.25,Villa Nueva,Services,False
540553,Rene Soto,Femenino,2026-02-22,416.86,Escuintla,Food,False
537842,Patricia Soto,Masculino,2026-02-23,278.7,Villa Nueva,Education,False
568516,Isabel Ramirez,Femenino,2026-01-09,147.08,Quetzaltenango,Retail,False
519456,Rene Soto,Masculino,2026-02-22,285.18,Guatemala,Education,False
588650,Ana Diaz,Femenino,2026-03-02,442.2,Quetzaltenango,Retail,False
594146,Mario Lopez,Masculino,2026-02-14,234.97,Antigua,Food,False
575347,Diego Ramirez,Masculino,2026-03-04,24.41,Escuintla,Education,False
535744,Rene Soto,Femenino,2026-01-01,290.21,Escuintla,Services,False
568264,Ana Mejia,Femenino,2026-02-20,111.22,Escuintla,Services,False
516176,Carlos Mendez,Femenino,2026-03-21,60.35,No Especificado,Services,False
531027,Paola Herrera,Femenino,2026-02-16,242.88,Mixco,Food,False
504547,Ana Soto,Femenino,2026-01-10,383.43,Amatitlan,Food,False
559301,Mario Lopez,Masculino,2026-02-04,49.54,Escuintla,Food,False
548361,Julio Morales,Masculino,2026-03-25,326.66,Escuintla,Retail,False
517437,Maria Paz,Femenino,2026-03-24,370.14,Escuintla,Food,False
583382,Rene Soto,No Especificado,2026-02-15,97.78,Guatemala,Food,False
577076,Monica Lopez,Femenino,2026-03-01,413.95,Mixco,Retail,False
593907,Diego Ramirez,Masculino,2026-03-24,363.06,Escuintla,Food,False
515521,Pablo Perez,Masculino,2026-02-16,109.78,Quetzaltenango,Services,False
544420,Paola Herrera,Masculino,2026-01-13,252.3,Antigua,Food,False
535984,Paola Morales,Femenino,2026-02-16,183.06,Villa Nueva,Food,False
506513,Diego Ramirez,Masculino,2026-01-26,341.19,Villa Nueva,Retail,False
545919,Maria Paz,Masculino,2026-01-04,447.59,Villa Nueva,Education,False
524461,Oscar Rojas,Masculino,2026-02-14,419.31,Antigua,Education,False
529825,Paola Morales,Femenino,2026-01-01,212.78,Mixco,Services,False
536728,Diego Ramirez,Masculino,2026-03-20,281.64,Escuintla,Services,False
520667,Ana Mejia,Femenino,2026-02-16,181.91,Antigua,Services,False
585840,Luis Garcia,Masculino,2026-01-19,109.53,Mixco,Food,False
540814,Maria Paz,Femenino,2026-02-07,392.94,Amatitlan,Services,False
505415,Ana Mejia,Femenino,2026-02-23,131.88,Antigua,Retail,False
509277,Maria Paz,Femenino,2026-03-23,232.25,Mixco,Education,False
594040,Luis Garcia,Femenino,2026-01-15,447.88,Antigua,Food,False
567739,Patricia Soto,Femenino,2026-02-20,207.18,Villa Nueva,Services,False
544926,Ana Soto,Femenino,2026-02-05,371.59,Quetzaltenango,Food,False
563043,Lucia Perez,Masculino,2026-02-08,91.56,Guatemala,Services,False
526691,Lucia Perez,Femenino,2026-01-09,344.21,Quetzaltenango,Education,False
599583,Isabel Ramirez,Femenino,2026-01-03,383.62,Villa Nueva,Food,False
553616,Paola Herrera,Femenino,2026-01-02,389.34,Quetzaltenango,Food,False
538141,Ana Mejia,Femenino,2026-01-27,349.25,Amatitlan,Retail,False
526312,Paola Herrera,Masculino,2026-03-08,244.26,Antigua,Food,True
507873,Pablo Perez,Femenino,2026-02-14,66.93,Quetzaltenango,Food,False
521600,Paola Herrera,Femenino,2026-01-28,72.85,Antigua,Food,False
575263,Mario Lopez,Masculino,2026-02-24,273.73,Escuintla,Retail,False
514740,Diego Ramirez,Masculino,2026-03-18,297.26,Villa Nueva,Retail,False
590891,Pedro Herrera,Masculino,2026-03-14,120.89,Villa Nueva,Services,False
509039,Paola Herrera,Femenino,2026-01-04,305.91,Escuintla,Retail,False
583389,Ana Soto,Femenino,2026-03-12,221.9,Escuintla,Education,True
562706,Paola Morales,Femenino,2026-01-27,189.25,Amatitlan,Retail,False
531934,Paola Herrera,Femenino,2026-03-15,271.54,Villa Nueva,Services,False
540040,Carlos Mendez,Femenino,2026-03-16,256.4,Amatitlan,Services,False
587290,Jorge Castillo,No Especificado,2026-02-10,441.95,Escuintla,Food,False
574976,Mario Lopez,Femenino,2026-01-05,86.17,Antigua,Education,False
597466,Mario Lopez,Masculino,2026-01-03,352.55,Mixco,Retail,False
589878,Rene Soto,Masculino,2026-02-23,251.9,Guatemala,Retail,True
560842,Carlos Mendez,Masculino,2026-03-09,92.0,Guatemala,Education,False
576487,Paola Herrera,Femenino,2026-01-04,427.38,Amatitlan,Retail,False
564903,Monica Lopez,No Especificado,2026-01-10,426.59,Guatemala,Education,False
583322,Ana Diaz,Femenino,2026-02-19,273.27,Quetzaltenango,Services,False
549365,Patricia Soto,Masculino,2026-01-18,395.26,Villa Nueva,Education,False
528456,Pablo Perez,Femenino,2026-02-16,22.77,Mixco,Services,False
521601,Lucia Perez,Femenino,2026-01-16,432.58,Villa Nueva,Food,False
530393,Diego Ramirez,Masculino,2026-03-02,327.38,Villa Nueva,Education,False
546537,Jorge Castillo,Masculino,2026-01-23,251.76,Quetzaltenango,Food,False
578322,Maria Paz,Femenino,2026-02-15,157.55,Villa Nueva,Education,False
506230,Mario Lopez,Femenino,2026-02-11,271.7,Amatitlan,Retail,False
592992,Ana Diaz,Femenino,2026-03-01,287.02,Escuintla,Education,False
531360,Monica Lopez,Femenino,2026-01-27,218.21,Amatitlan,Retail,False
548689,Julio Morales,Masculino,2026-01-05,439.24,Escuintla,Services,False
560809,Ana Mejia,Femenino,2026-01-12,28.54,Guatemala,Education,False
544506,Isabel Ramirez,Femenino,2026-03-17,140.72,Amatitlan,Food,False
535600,Diego Ramirez,Masculino,2026-02-20,173.84,Villa Nueva,Food,False
597584,Oscar Rojas,Masculino,2026-02-11,416.15,Amatitlan,Education,False
509970,Julio Morales,Masculino,2026-03-08,397.39,Escuintla,Food,False
513182,Paola Morales,Femenino,2026-01-18,339.98,Mixco,Services,False
586277,Pablo Perez,Femenino,2026-03-08,26.84,Guatemala,Services,False
574761,Ana Diaz,Femenino,2026-01-14,279.43,Escuintla,Retail,False
599763,Julio Morales,Masculino,2026-01-28,352.57,Quetzaltenango,Retail,False
579215,Mario Lopez,Masculino,2026-02-18,446.15,Guatemala,Retail,False
564659,Patricia Soto,Femenino,2026-03-01,37.22,Villa Nueva,Services,False
523440,Ana Mejia,Femenino,2026-01-20,349.61,Villa Nueva,Retail,False
524518,Ana Mejia,Masculino,2026-03-21,298.41,Guatemala,Services,False
569335,Lucia Perez,Masculino,2026-01-02,296.38,Quetzaltenango,Food,False
501412,Julio Morales,Masculino,2026-01-17,82.64,Mixco,Food,False
579826,Mario Lopez,Femenino,2026-03-08,31.93,Mixco,Food,False
515097,Ana Soto,Femenino,2026-02-12,132.95,Quetzaltenango,Food,False
578407,Ana Mejia,Femenino,2026-03-03,221.81,Villa Nueva,Retail,False
503429,Lucia Perez,Femenino,2026-02-28,85.29,Quetzaltenango,Education,False
597133,Isabel Ramirez,Femenino,2026-01-15,108.51,Mixco,Services,False
562723,Ana Soto,Femenino,2026-03-27,59.16,Guatemala,Education,False
546778,Lucia Perez,Femenino,2026-03-18,84.11,Guatemala,Services,False
583398,Mario Lopez,Femenino,2026-03-21,251.9,Antigua,Retail,True
509169,Lucia Perez,Femenino,2026-03-06,433.71,Antigua,Services,False
502087,Ana Soto,Femenino,2026-01-14,219.14,Villa Nueva,Food,False
570937,Ana Mejia,Masculino,2026-02-10,270.74,Escuintla,Food,False
582042,Rene Soto,Masculino,2026-01-27,251.9,Amatitlan,Retail,True
576756,Luis Garcia,Masculino,2026-03-01,312.91,Antigua,Education,False
590854,Patricia Soto,Femenino,2026-02-01,136.09,Quetzaltenango,Education,False
587525,Paola Morales,Femenino,2026-01-18,32.83,Amatitlan,Retail,False
599153,Ana Mejia,Femenino,2026-02-17,187.73,Villa Nueva,Services,False
530346,Paola Morales,Femenino,2026-01-09,61.26,Antigua,Retail,False
583829,Maria Paz,Masculino,2026-02-22,345.57,Mixco,Services,False
599671,Carlos Mendez,Masculino,2026-01-15,172.69,Escuintla,Education,False
525333,Diego Ramirez,Femenino,2026-03-08,310.36,Guatemala,Education,False
557145,Rene Soto,Masculino,2026-01-05,56.53,Antigua,Food,False
568664,Jorge Castillo,Masculino,2026-03-04,225.46,Quetzaltenango,Services,False
558809,Isabel Ramirez,Femenino,2026-02-13,231.81,Antigua,Services,False
520783,Rene Soto,Masculino,2026-01-10,251.9,Antigua,Retail,True
544177,Paola Herrera,Femenino,2026-01-01,437.72,Quetzaltenango,Retail,False
562903,Pedro Herrera,Femenino,2026-03-04,144.87,Villa Nueva,Services,False
576852,Julio Morales,Masculino,2026-02-11,367.04,Quetzaltenango,Services,False
562255,Oscar Rojas,Masculino,2026-03-26,423.58,Mixco,Education,False
550208,Julio Morales,Masculino,2026-03-20,103.29,Escuintla,Retail,False
576168,Luis Garcia,Masculino,2026-02-18,31.42,Mixco,Services,False
502195,Patricia Soto,Femenino,2026-02-25,82.04,Escuintla,Education,False
533544,Maria Paz,Femenino,2026-01-28,156.27,Quetzaltenango,Education,False
575803,Luis Garcia,Masculino,2026-01-08,116.27,Antigua,Services,False
595202,Mario Lopez,Masculino,2026-01-23,251.9,Antigua,Retail,True
596507,Isabel Ramirez,Masculino,2026-03-12,262.39,Mixco,Education,False
594837,Patricia Soto,Femenino,2026-02-06,296.93,Antigua,Education,False
556231,Ana Soto,Femenino,2026-01-26,39.58,Amatitlan,Education,False
597045,Pablo Perez,Masculino,2026-03-01,132.18,Mixco,Food,False
597950,Pablo Perez,Masculino,2026-01-07,250.22,Amatitlan,Services,True
574659,Luis Garcia,Masculino,2026-03-07,408.78,Antigua,Services,False
523916,Julio Morales,No Especificado,2026-02-13,382.65,Amatitlan,Food,False
538134,Oscar Rojas,Masculino,2026-02-18,382.28,Mixco,Education,False
511685,Isabel Ramirez,Femenino,2026-03-15,423.03,Guatemala,Services,False
538847,Pablo Perez,Masculino,2026-01-25,164.76,Amatitlan,Services,False
546963,Paola Morales,Femenino,2026-03-04,338.11,Antigua,Food,False
578135,Luis Garcia,Femenino,2026-02-18,119.26,Escuintla,Retail,False
563758,Julio Morales,Masculino,2026-01-07,182.58,Antigua,Retail,False
594927,Carlos Mendez,Masculino,2026-01-03,40.52,Antigua,Services,False
530286,Rene Soto,Masculino,2026-01-02,342.2,Villa Nueva,Food,False
554147,Paola Herrera,Femenino,2026-02-12,373.15,Amatitlan,Education,False
513473,Paola Herrera,Femenino,2026-02-01,161.41,Guatemala,Education,False
521282,Diego Ramirez,Masculino,2026-01-23,101.18,Guatemala,Education,False
548333,Jorge Castillo,Masculino,2026-02-17,382.53,Amatitlan,Retail,False
548462,Paola Morales,Femenino,2026-03-12,448.38,Quetzaltenango,Education,False
553740,Julio Morales,Masculino,2026-01-02,292.03,Guatemala,Services,False
566266,Rene Soto,Masculino,2026-02-23,411.26,Quetzaltenango,Education,False
552021,Maria Paz,Femenino,2026-01-28,201.86,Quetzaltenango,Food,False
538811,Pablo Perez,Masculino,2026-03-01,316.52,Antigua,Retail,False
563985,Jorge Castillo,Masculino,2026-03-26,352.13,Quetzaltenango,Services,False
573451,Pablo Perez,Femenino,2026-02-26,249.77,Quetzaltenango,Services,False
550188,Rene Soto,Masculino,2026-01-03,251.9,Amatitlan,Retail,True
555673,Rene Soto,Masculino,2026-01-10,118.88,Guatemala,Education,False
542057,Ana Mejia,Femenino,2026-03-13,286.61,Escuintla,Food,False
524220,Isabel Ramirez,Femenino,2026-01-09,250.22,Antigua,Services,True
536888,Patricia Soto,Femenino,2026-02-18,365.75,Villa Nueva,Services,False
550801,Lucia Perez,Femenino,2026-03-10,211.38,Amatitlan,Education,False
535148,Pedro Herrera,Masculino,2026-01-07,136.65,Guatemala,Education,False
522365,Paola Morales,Masculino,2026-02-17,119.41,Mixco,Food,False
584347,Paola Morales,Femenino,2026-02-04,134.94,Guatemala,Retail,False
572662,Jorge Castillo,Femenino,2026-02-01,187.5,Mixco,Retail,False
541236,Oscar Rojas,Femenino,2026-03-04,255.4,Guatemala,Food,False
558151,Isabel Ramirez,Femenino,2026-02-19,223.09,Escuintla,Retail,False
517440,Oscar Rojas,Masculino,2026-02-05,387.14,Mixco,Retail,False
553660,Pedro Herrera,Masculino,2026-02-09,160.19,Escuintla,Retail,False
590609,Paola Morales,Femenino,2026-01-01,38.83,Antigua,Retail,False
526152,Ana Mejia,Femenino,2026-02-04,364.64,Quetzaltenango,Retail,False
590112,Carlos Mendez,No Especificado,2026-03-22,446.88,Antigua,Food,False
597000,Oscar Rojas,Masculino,2026-01-25,299.76,Mixco,Services,False
545447,Pablo Perez,Masculino,2026-01-10,368.36,Guatemala,Services,False
584223,Maria Paz,Femenino,2026-01-18,6613.89,Quetzaltenango,Food,False
552700,Julio Morales,Masculino,2026-01-25,300.52,Quetzaltenango,Services,False
504484,Jorge Castillo,Masculino,2026-03-14,285.18,Amatitlan,Education,False
526583,Ana Soto,Femenino,2026-02-24,30.72,Amatitlan,Education,False
585349,Isabel Ramirez,Masculino,2026-01-11,278.18,Guatemala,Food,False
535171,Rene Soto,Masculino,2026-02-07,170.38,Villa Nueva,Education,False
504921,Diego Ramirez,Femenino,2026-02-01,64.07,Escuintla,Services,False
553785,Ana Soto,Femenino,2026-03-13,145.8,Villa Nueva,Food,False
571364,Lucia Perez,Masculino,2026-01-09,239.99,Mixco,Education,False
587018,Ana Diaz,Femenino,2026-03-22,138.34,Villa Nueva,Services,False
578137,Rene Soto,Masculino,2026-01-28,33.17,Mixco,Services,False
578241,Jorge Castillo,Femenino,2026-03-25,212.51,Amatitlan,Retail,False
598189,Monica Lopez,Femenino,2026-01-20,68.99,Villa Nueva,Services,False
569809,Pedro Herrera,Masculino,2026-02-07,79.61,Mixco,Retail,False
541872,Oscar Rojas,Femenino,2026-02-09,343.2,Villa Nueva,Services,False
572909,Luis Garcia,Masculino,2026-01-13,250.22,Antigua,Services,True
590373,Monica Lopez,Femenino,2026-02-04,247.61,Amatitlan,Services,False
556664,Jorge Castillo,Masculino,2026-03-27,102.96,Quetzaltenango,Education,False
585489,Mario Lopez,Masculino,2026-01-12,297.04,Mixco,Services,False
553741,Jorge Castillo,Masculino,2026-03-23,261.78,Mixco,Education,False
594121,Luis Garcia,Femenino,2026-02-23,303.66,Villa Nueva,Food,False
549894,Luis Garcia,Femenino,2026-01-17,291.43,Villa Nueva,Retail,False
560119,Maria Paz,Masculino,2026-01-04,356.09,Amatitlan,Retail,False
555970,Ana Soto,Femenino,2026-01-04,132.08,Guatemala,Services,False
513579,Lucia Perez,Femenino,2026-03-24,20.21,Escuintla,Services,False
534671,Mario Lopez,Masculino,2026-01-19,174.35,Amatitlan,Education,False
515676,Carlos Mendez,Masculino,2026-03-01,178.28,Escuintla,Food,False
553523,Oscar Rojas,Masculino,2026-03-11,342.12,Antigua,Food,False
520958,Paola Herrera,Femenino,2026-03-11,341.18,Amatitlan,Education,False
573594,Diego Ramirez,Masculino,2026-03-12,348.17,Guatemala,Education,False
584487,Luis Garcia,Masculino,2026-02-05,284.37,Villa Nueva,Retail,False
553948,Oscar Rojas,Masculino,2026-03-26,186.67,Antigua,Services,False
567977,Rene Soto,Masculino,2026-01-01,344.62,Mixco,Food,False
502432,Pablo Perez,Femenino,2026-03-13,202.05,Mixco,Food,False
530994,Monica Lopez,Femenino,2026-03-20,244.26,Escuintla,Food,True
574169,Ana Mejia,Femenino,2026-02-10,124.29,Quetzaltenango,Education,False
591983,Paola Morales,Femenino,2026-01-26,283.12,Escuintla,Food,False
599725,Carlos Mendez,Femenino,2026-03-13,210.06,Amatitlan,Education,False
533052,Julio Morales,Femenino,2026-02-20,110.68,Quetzaltenango,Services,False
504952,Jorge Castillo,Masculino,2026-01-08,348.34,Antigua,Education,False
514144,Isabel Ramirez,Femenino,2026-03-13,382.35,Quetzaltenango,Education,False
585793,Pablo Perez,Masculino,2026-01-01,438.91,Quetzaltenango,Food,False
594178,Rene Soto,Masculino,2026-02-27,156.91,Amatitlan,Retail,False
505584,Paola Herrera,Femenino,2026-03-06,34.47,Villa Nueva,Education,False
542527,Pablo Perez,Masculino,2026-01-01,338.41,Antigua,Retail,False
535208,Mario Lopez,Masculino,2026-03-14,435.73,Guatemala,Education,False
579090,Paola Morales,Femenino,2026-01-25,263.68,Amatitlan,Retail,False
597186,Oscar Rojas,Masculino,2026-03-13,251.9,Mixco,Retail,True
587786,Julio Morales,Femenino,2026-02-19,302.17,Villa Nueva,Retail,False
505984,Julio Morales,Masculino,2026-01-20,323.5,Villa Nueva,Food,False
510705,Julio Morales,Masculino,2026-02-11,251.9,Quetzaltenango,Retail,True
522658,Pedro Herrera,Femenino,2026-03-08,372.61,Mixco,Retail,False
552761,Julio Morales,Masculino,2026-01-15,352.08,Quetzaltenango,Services,False
578882,Jorge Castillo,Masculino,2026-03-26,111.71,Guatemala,Education,False
524543,Monica Lopez,Femenino,2026-01-13,390.92,Amatitlan,Food,False
565205,Ana Mejia,Femenino,2026-01-25,191.83,Amatitlan,Services,False
517828,Ana Mejia,Femenino,2026-03-04,234.41,Mixco,Food,False
579650,Isabel Ramirez,Femenino,2026-02-12,94.42,Escuintla,Services,False
510018,Diego Ramirez,No Especificado,2026-02-10,416.77,Amatitlan,Food,False
545604,Luis Garcia,Masculino,2026-01-11,251.9,Escuintla,Retail,True
555748,Mario Lopez,Masculino,2026-01-25,396.2,Amatitlan,Services,False
524877,Julio Morales,Masculino,2026-01-01,100.56,Antigua,Education,False
580563,Ana Mejia,Femenino,2026-02-21,135.76,Mixco,Retail,False
511138,Pablo Perez,Masculino,2026-03-06,379.67,Mixco,Retail,False
556591,Diego Ramirez,Femenino,2026-02-25,257.04,Quetzaltenango,Education,False
525992,Carlos Mendez,Masculino,2026-03-11,8173.36,Guatemala,Services,False
594035,Mario Lopez,Femenino,2026-02-19,150.68,Escuintla,Services,False
527956,Isabel Ramirez,Femenino,2026-01-01,244.26,Guatemala,Food,True
588277,Luis Garcia,Femenino,2026-01-04,89.08,Quetzaltenango,Services,False
556962,Oscar Rojas,Masculino,2026-02-24,164.14,Mixco,Services,False
599660,Isabel Ramirez,Femenino,2026-01-21,280.63,Escuintla,Services,False
522801,Ana Soto,Femenino,2026-01-19,425.32,Antigua,Retail,False
567082,Diego Ramirez,Masculino,2026-02-16,330.95,Quetzaltenango,Education,False
583548,Carlos Mendez,Masculino,2026-02-14,252.23,Antigua,Food,False
574100,Jorge Castillo,Masculino,2026-02-22,75.91,Escuintla,Services,False
509952,Oscar Rojas,No Especificado,2026-02-04,113.46,Antigua,Food,False
549406,Ana Soto,Femenino,2026-03-13,232.6,Mixco,Services,False
568274,Carlos Mendez,Masculino,2026-01-08,68.88,Guatemala,Food,False
572482,Maria Paz,No Especificado,2026-03-08,71.06,Amatitlan,Services,False
594478,Jorge Castillo,Femenino,2026-03-04,140.25,Villa Nueva,Food,False
541617,Rene Soto,Femenino,2026-01-12,50.13,Villa Nueva,Food,False
596264,Ana Diaz,Masculino,2026-03-06,390.44,Antigua,Retail,False
556058,Julio Morales,Masculino,2026-03-02,244.26,Guatemala,Food,True
568629,Ana Diaz,Femenino,2026-01-03,244.26,Villa Nueva,Food,True
589287,Oscar Rojas,Masculino,2026-02-03,273.79,Mixco,Food,False
594388,Monica Lopez,Masculino,2026-02-21,232.72,Guatemala,Services,False
546365,Ana Mejia,Femenino,2026-01-18,322.03,Guatemala,Education,False
593765,Ana Soto,Masculino,2026-01-28,87.77,Amatitlan,Food,False
531283,Ana Diaz,Masculino,2026-01-22,81.92,Mixco,Retail,False
580281,Monica Lopez,Masculino,2026-01-13,390.55,Guatemala,Food,False
523866,Paola Herrera,Femenino,2026-02-26,368.6,Villa Nueva,Services,False
544784,Monica Lopez,Femenino,2026-03-23,103.48,Antigua,Food,False
527353,Rene Soto,Masculino,2026-02-14,344.49,Villa Nueva,Education,False
517364,Paola Herrera,Femenino,2026-01-27,244.26,Escuintla,Food,True
559377,Luis Garcia,Masculino,2026-02-04,105.05,Guatemala,Services,False
516074,Ana Diaz,Femenino,2026-03-01,25.81,Mixco,Education,False
503595,Lucia Perez,Femenino,2026-02-12,35.97,Amatitlan,Education,False
515516,Paola Herrera,Femenino,2026-02-14,6589.18,Quetzaltenango,Food,False
574406,Julio Morales,Femenino,2026-03-06,49.99,Quetzaltenango,Services,False
535474,Ana Soto,Femenino,2026-03-25,39.5,Quetzaltenango,Retail,False
508522,Lucia Perez,Masculino,2026-03-16,119.5,Antigua,Education,False
591060,Patricia Soto,Femenino,2026-03-24,185.2,Escuintla,Services,False
591077,Pedro Herrera,Femenino,2026-02-21,181.08,Amatitlan,Services,False
598437,Oscar Rojas,Masculino,2026-02-24,234.35,Amatitlan,Food,False
572677,Luis Garcia,Masculino,2026-03-20,270.4,Antigua,Retail,False
586236,Diego Ramirez,Masculino,2026-02-05,142.0,Escuintla,Services,False
560658,Pablo Perez,Femenino,2026-02-01,35.77,Quetzaltenango,Education,False
560231,Oscar Rojas,Masculino,2026-01-22,197.43,Escuintla,Food,False
575272,Julio Morales,Masculino,2026-01-16,183.64,Guatemala,Services,False
532496,Paola Morales,Femenino,2026-02-02,368.28,Quetzaltenango,Retail,False
517992,Paola Morales,Femenino,2026-03-20,69.64,Antigua,Retail,False
539115,Isabel Ramirez,Femenino,2026-03-11,149.85,Guatemala,Services,False
566827,Paola Morales,No Especificado,2026-02-04,151.66,Amatitlan,Services,False
518755,Mario Lopez,Masculino,2026-02-19,420.29,Amatitlan,Retail,False
597899,Luis Garcia,Masculino,2026-01-17,92.82,Escuintla,Retail,False
587161,Pedro Herrera,Femenino,2026-02-27,265.44,Mixco,Services,False
573706,Isabel Ramirez,Femenino,2026-01-19,68.87,Amatitlan,Services,False
550543,Paola Herrera,Femenino,2026-01-01,255.69,Mixco,Education,False
550179,Jorge Castillo,Masculino,2026-01-15,167.52,Mixco,Food,False
581231,Mario Lopez,Masculino,2026-02-16,265.71,Mixco,Education,False
550073,Rene Soto,Masculino,2026-01-01,221.84,Villa Nueva,Food,False
564109,Jorge Castillo,Femenino,2026-03-26,250.78,Guatemala,Services,False
561847,Ana Diaz,Femenino,2026-01-02,5912.06,Guatemala,Retail,False
574000,Jorge Castillo,Masculino,2026-03-17,240.4,Villa Nueva,Retail,False
583036,Diego Ramirez,Masculino,2026-01-18,160.16,Villa Nueva,Education,False
535311,Rene Soto,Masculino,2026-03-28,209.8,Antigua,Services,False
541286,Oscar Rojas,Masculino,2026-01-01,271.91,Quetzaltenango,Food,False
595744,Rene Soto,Masculino,2026-02-06,90.52,Mixco,Services,False
560431,Paola Morales,Femenino,2026-01-19,385.68,Mixco,Education,False
574847,Pablo Perez,Masculino,2026-02-18,221.9,Quetzaltenango,Education,True
557872,Carlos Mendez,Masculino,2026-02-14,100.04,Mixco,Food,False
568214,Oscar Rojas,Masculino,2026-01-25,364.05,Villa Nueva,Services,False
537617,Ana Diaz,Femenino,2026-02-09,427.62,Escuintla,Retail,False
572859,Rene Soto,Masculino,2026-02-19,386.5,Escuintla,Retail,False
569902,Lucia Perez,Femenino,2026-01-21,303.88,Amatitlan,Retail,False
546443,Rene Soto,Masculino,2026-02-09,33.23,Guatemala,Retail,False
565936,Lucia Perez,Femenino,2026-01-27,231.16,Antigua,Education,False
540734,Paola Herrera,Femenino,2026-02-10,332.03,Mixco,Food,False
587884,Paola Morales,Femenino,2026-01-15,387.71,Antigua,Retail,False
572228,Julio Morales,Masculino,2026-03-18,282.07,Villa Nueva,Services,False
581034,Ana Soto,Femenino,2026-01-09,348.62,Quetzaltenango,Services,False
515696,Isabel Ramirez,Femenino,2026-02-09,158.65,Villa Nueva,Food,False
522741,Monica Lopez,Femenino,2026-01-13,248.71,Villa Nueva,Food,False
526999,Isabel Ramirez,Femenino,2026-01-16,250.22,Antigua,Services,True
593462,Luis Garcia,Femenino,2026-02-18,439.96,Antigua,Education,False
517779,Julio Morales,Masculino,2026-01-28,85.12,Guatemala,Food,False
557053,Rene Soto,Masculino,2026-01-11,422.69,Mixco,Retail,False
585378,Isabel Ramirez,Femenino,2026-02-02,402.79,Guatemala,Retail,False
516076,Paola Herrera,Femenino,2026-01-05,286.13,Amatitlan,Retail,False
577205,Rene Soto,Masculino,2026-01-14,251.9,Villa Nueva,Retail,True
509105,Diego Ramirez,Masculino,2026-02-23,352.43,Escuintla,Food,False
525239,Isabel Ramirez,Masculino,2026-03-18,25.22,Villa Nueva,Food,False
531825,Mario Lopez,Masculino,2026-03-16,289.5,Antigua,Food,False
564556,Luis Garcia,Masculino,2026-02-26,351.79,Quetzaltenango,Food,False
575203,Monica Lopez,Masculino,2026-02-02,385.48,Escuintla,Education,False
551973,Luis Garcia,Masculino,2026-02-22,88.66,Guatemala,Food,False
503396,Patricia Soto,Femenino,2026-03-23,250.22,Escuintla,Services,True
565478,Rene Soto,Masculino,2026-02-22,219.0,Quetzaltenango,Food,False
516253,Ana Soto,Masculino,2026-02-02,162.24,Escuintla,Education,False
516710,Ana Diaz,Masculino,2026-01-25,240.55,Antigua,Services,False
567804,Paola Herrera,Femenino,2026-02-09,125.26,Guatemala,Food,False
512025,Isabel Ramirez,Femenino,2026-03-15,215.35,Quetzaltenango,Food,False
516713,Lucia Perez,Femenino,2026-02-28,77.43,Amatitlan,Food,False
559167,Ana Soto,Femenino,2026-01-15,66.18,Guatemala,Services,False
593978,Isabel Ramirez,Masculino,2026-01-25,228.76,Amatitlan,Services,False
512907,Luis Garcia,Femenino,2026-03-27,180.88,Quetzaltenango,Retail,False
512211,Julio Morales,Femenino,2026-02-06,379.98,Guatemala,Services,False
523024,Ana Soto,Femenino,2026-02-13,131.46,Guatemala,Retail,False
568234,Diego Ramirez,Masculino,2026-02-15,63.91,Villa Nueva,Education,False
594230,Ana Mejia,Femenino,2026-02-09,405.2,Escuintla,Retail,False
520839,Mario Lopez,Masculino,2026-03-07,187.61,Antigua,Retail,False
546600,Lucia Perez,Femenino,2026-02-05,310.89,Mixco,Education,False
567962,Jorge Castillo,Masculino,2026-01-10,305.75,Mixco,Retail,False
533999,Luis Garcia,Femenino,2026-01-20,221.9,Antigua,Education,True
559480,Jorge Castillo,Masculino,2026-03-18,187.03,Quetzaltenango,Food,False
556009,Pablo Perez,Masculino,2026-01-07,43.82,Villa Nueva,Education,False
597886,Monica Lopez,Femenino,2026-03-10,349.57,Escuintla,Services,False
527194,Isabel Ramirez,Femenino,2026-02-13,250.95,Amatitlan,Education,False
528059,Rene Soto,Femenino,2026-03-28,439.42,Mixco,Services,False
532509,Isabel Ramirez,Femenino,2026-01-21,262.7,Escuintla,Retail,False
535881,Pablo Perez,Masculino,2026-01-13,332.42,Mixco,Services,False
598951,Oscar Rojas,Masculino,2026-02-15,407.43,Guatemala,Education,False
507846,Carlos Mendez,Masculino,2026-02-18,435.45,Guatemala,Food,False
551134,Isabel Ramirez,Femenino,2026-01-08,437.81,Antigua,Education,False
558930,Paola Herrera,Femenino,2026-02-19,339.83,Antigua,Retail,False
523315,Mario Lopez,Masculino,2026-01-10,289.17,Antigua,Retail,False
578499,Paola Herrera,Femenino,2026-01-14,321.94,Antigua,Education,False
558110,Patricia Soto,Masculino,2026-02-10,96.04,Mixco,Retail,False
568457,Jorge Castillo,Femenino,2026-03-06,31.0,Villa Nueva,Education,False
542840,Pedro Herrera,Masculino,2026-01-27,66.89,Villa Nueva,Education,False
502716,Diego Ramirez,Masculino,2026-02-28,268.74,Mixco,Services,False
593713,Maria Paz,Masculino,2026-02-19,325.62,Villa Nueva,Food,False
590334,Jorge Castillo,Femenino,2026-02-11,53.0,Escuintla,Food,False
567104,Pedro Herrera,Masculino,2026-02-16,315.53,Amatitlan,Services,False
504537,Isabel Ramirez,Femenino,2026-03-26,51.36,Mixco,Retail,False
571854,Diego Ramirez,Masculino,2026-02-22,231.79,Guatemala,Food,False
582720,Monica Lopez,Femenino,2026-01-05,353.2,Antigua,Food,False
589076,Lucia Perez,Femenino,2026-01-23,178.74,Antigua,Services,False
515562,Rene Soto,Masculino,2026-03-05,415.35,Quetzaltenango,Food,False
561527,Pedro Herrera,Masculino,2026-03-11,272.78,Escuintla,Food,False
510470,Patricia Soto,Femenino,2026-02-24,273.84,Guatemala,Education,False
531467,Isabel Ramirez,Femenino,2026-02-11,359.49,Villa Nueva,Retail,False
510447,Jorge Castillo,Femenino,2026-02-18,411.82,Escuintla,Food,False
517036,Ana Mejia,Femenino,2026-02-05,221.9,Amatitlan,Education,True
501635,Pedro Herrera,Masculino,2026-03-24,303.11,Amatitlan,Retail,False
545923,Monica Lopez,Femenino,2026-03-04,330.23,Mixco,Services,False
577128,Ana Soto,Femenino,2026-02-01,432.68,Mixco,Food,False
508389,Rene Soto,Masculino,2026-01-24,411.25,Antigua,Retail,False
533783,Paola Morales,Masculino,2026-03-19,306.18,Mixco,Services,False
542634,Maria Paz,Femenino,2026-03-23,384.87,Guatemala,Food,False
550940,Isabel Ramirez,Femenino,2026-01-23,446.97,Villa Nueva,Services,False
541123,Rene Soto,Femenino,2026-03-25,239.29,Antigua,Food,False
549203,Maria Paz,Femenino,2026-02-23,44.25,Guatemala,Services,False
572331,Pablo Perez,Masculino,2026-01-25,332.85,Amatitlan,Services,False
547385,Luis Garcia,Masculino,2026-03-14,396.31,Villa Nueva,Services,False
547903,Ana Soto,No Especificado,2026-01-09,369.82,Escuintla,Services,False
567894,Rene Soto,Masculino,2026-03-07,8531.46,Guatemala,Services,False
592662,Lucia Perez,Masculino,2026-02-18,347.64,Amatitlan,Retail,False
509423,Diego Ramirez,Masculino,2026-03-22,103.38,Antigua,Education,False
589111,Julio Morales,No Especificado,2026-03-24,221.9,Villa Nueva,Education,True
510391,Mario Lopez,Masculino,2026-03-18,375.74,Mixco,Education,False
591154,Ana Soto,Femenino,2026-01-27,340.48,Guatemala,Services,False
579847,Paola Morales,Femenino,2026-01-23,346.66,Villa Nueva,Services,False
534346,Rene Soto,Masculino,2026-01-23,325.34,Quetzaltenango,Food,False
586547,Mario Lopez,Masculino,2026-01-06,233.53,Amatitlan,Services,False
539088,Pedro Herrera,No Especificado,2026-02-27,94.16,Guatemala,Food,False
524974,Lucia Perez,Femenino,2026-02-01,427.86,Amatitlan,Retail,False
558101,Pablo Perez,Masculino,2026-03-19,347.8,Antigua,Services,False
507949,Jorge Castillo,Masculino,2026-02-16,294.68,Escuintla,Education,False
566633,Luis Garcia,Masculino,2026-03-16,329.37,Mixco,Education,False
563682,Mario Lopez,Masculino,2026-03-22,374.08,Quetzaltenango,Retail,False
565246,Rene Soto,No Especificado,2026-02-06,167.39,Mixco,Services,False
544548,Patricia Soto,Femenino,2026-02-09,34.42,Mixco,Education,False
554281,Rene Soto,Masculino,2026-03-06,376.26,Quetzaltenango,Services,False
587406,Pedro Herrera,Masculino,2026-03-28,246.72,Villa Nueva,Food,False
571048,Ana Soto,Femenino,2026-03-20,53.01,Antigua,Education,False
558878,Diego Ramirez,No Especificado,2026-01-14,280.66,Villa Nueva,Education,False
568376,Pablo Perez,Masculino,2026-01-05,146.39,Villa Nueva,Education,False
582230,Paola Herrera,Femenino,2026-01-16,318.61,Villa Nueva,Education,False
503272,Ana Mejia,Femenino,2026-02-03,234.94,Guatemala,Services,False
590163,Isabel Ramirez,Femenino,2026-03-24,289.78,Escuintla,Education,False
509355,Paola Morales,Femenino,2026-01-04,212.07,Escuintla,Education,False
535071,Ana Mejia,Femenino,2026-01-11,383.05,Guatemala,Retail,False
558551,Luis Garcia,Masculino,2026-02-05,104.52,Quetzaltenango,Food,False
558179,Isabel Ramirez,Femenino,2026-02-03,404.36,Amatitlan,Retail,False
588103,Pablo Perez,Masculino,2026-02-21,250.22,Amatitlan,Services,True
544062,Diego Ramirez,Masculino,2026-01-14,157.77,Quetzaltenango,Services,False
554259,Isabel Ramirez,Femenino,2026-03-15,185.2,Antigua,Retail,False
588324,Carlos Mendez,Masculino,2026-02-13,288.56,Quetzaltenango,Services,False
530732,Mario Lopez,Masculino,2026-02-21,38.54,Guatemala,Education,False
597714,Luis Garcia,Masculino,2026-03-15,297.51,Antigua,Retail,False
520823,Ana Soto,Masculino,2026-02-02,161.02,Mixco,Education,False
567361,Lucia Perez,Femenino,2026-01-03,373.05,Quetzaltenango,Food,False
579005,Pedro Herrera,Masculino,2026-02-20,340.63,Amatitlan,Services,False
537042,Ana Mejia,Femenino,2026-01-05,349.09,Guatemala,Services,False
546502,Lucia Perez,Femenino,2026-02-03,319.13,Guatemala,Education,False
549205,Ana Diaz,Masculino,2026-01-13,213.26,Guatemala,Services,False
580865,Pablo Perez,Masculino,2026-02-14,191.82,Guatemala,Education,False
505889,Rene Soto,Masculino,2026-01-17,36.81,Mixco,Education,False
532352,Pablo Perez,Masculino,2026-01-13,234.36,Quetzaltenango,Services,False
537985,Lucia Perez,Femenino,2026-01-02,311.19,Guatemala,Retail,False
534594,Pablo Perez,Masculino,2026-03-11,312.68,Quetzaltenango,Services,False
564592,Paola Morales,Femenino,2026-03-25,31.75,Guatemala,Retail,False
535714,Ana Soto,Femenino,2026-03-11,63.16,Mixco,Services,False
560873,Rene Soto,Masculino,2026-01-14,133.25,Mixco,Education,False
521668,Mario Lopez,Masculino,2026-01-17,388.59,Amatitlan,Services,False
552833,Maria Paz,Femenino,2026-02-13,267.41,Mixco,Food,False
522040,Jorge Castillo,Masculino,2026-01-26,194.55,Mixco,Retail,False
559340,Paola Herrera,Femenino,2026-02-12,312.39,Antigua,Education,False
509139,Carlos Mendez,Masculino,2026-02-19,386.89,Amatitlan,Retail,False
522414,Patricia Soto,Masculino,2026-02-26,369.22,Mixco,Services,False
531916,Rene Soto,Masculino,2026-03-01,237.97,No Especificado,Retail,False
596941,Monica Lopez,Femenino,2026-01-03,152.16,Escuintla,Services,False
567482,Paola Herrera,Femenino,2026-01-17,244.26,Villa Nueva,Food,True
594783,Oscar Rojas,Masculino,2026-03-07,55.62,Villa Nueva,Retail,False
571837,Pedro Herrera,Masculino,2026-01-09,51.93,Antigua,Retail,False
514788,Jorge Castillo,Femenino,2026-01-10,103.49,Antigua,Education,False
557878,Lucia Perez,Femenino,2026-03-26,250.22,Quetzaltenango,Services,True
584261,Rene Soto,Masculino,2026-01-03,48.21,Quetzaltenango,Food,False
527192,Ana Soto,Femenino,2026-03-03,48.04,Escuintla,Services,False
549198,Isabel Ramirez,Femenino,2026-01-21,133.52,Escuintla,Services,False
570752,Carlos Mendez,Masculino,2026-02-09,179.56,Amatitlan,Retail,False
548707,Paola Herrera,Femenino,2026-03-09,443.4,Amatitlan,Education,False
529327,Ana Soto,Femenino,2026-02-12,331.04,Escuintla,Retail,False
505583,Monica Lopez,Femenino,2026-02-24,21.95,Escuintla,Food,False
599878,Mario Lopez,Femenino,2026-01-09,209.46,Mixco,Services,False
572430,Patricia Soto,Femenino,2026-02-03,386.26,Guatemala,Food,False
528745,Patricia Soto,Femenino,2026-01-12,351.56,Guatemala,Services,False
580192,Julio Morales,Masculino,2026-03-28,287.09,Antigua,Services,False
584274,Patricia Soto,Masculino,2026-03-02,412.25,Villa Nueva,Retail,False
551710,Julio Morales,Masculino,2026-03-21,90.89,Amatitlan,Services,False
582314,Monica Lopez,Femenino,2026-01-20,8922.7,Amatitlan,Food,False
552508,Mario Lopez,Masculino,2026-01-07,328.27,Quetzaltenango,Retail,False
574015,Maria Paz,Femenino,2026-01-28,262.98,Antigua,Services,False
558706,Pablo Perez,Masculino,2026-03-01,402.3,Escuintla,Services,False
586688,Paola Herrera,Masculino,2026-02-05,251.9,Guatemala,Retail,True
542226,Ana Diaz,Femenino,2026-01-13,250.22,Guatemala,Services,True
510570,Paola Herrera,Femenino,2026-02-06,306.16,Guatemala,Retail,False
575756,Carlos Mendez,Masculino,2026-02-13,407.66,Guatemala,Food,False
525836,Ana Soto,Masculino,2026-03-21,202.11,Mixco,Food,False
547572,Ana Diaz,Femenino,2026-03-22,361.87,Quetzaltenango,Retail,False
584310,Ana Diaz,Masculino,2026-01-25,285.9,Antigua,Food,False
590009,Carlos Mendez,Masculino,2026-03-23,339.82,Villa Nueva,Education,False
514860,Isabel Ramirez,Femenino,2026-01-15,262.71,Amatitlan,Retail,False
522486,Mario Lopez,Femenino,2026-03-11,176.07,Guatemala,Food,False
531770,Lucia Perez,Femenino,2026-01-25,340.33,Quetzaltenango,Services,False
523945,Ana Soto,Femenino,2026-02-09,80.61,Mixco,Education,False
515881,Isabel Ramirez,Femenino,2026-01-14,267.57,Mixco,Education,False
561020,Pedro Herrera,Masculino,2026-03-20,82.8,Escuintla,Food,False
506453,Maria Paz,Femenino,2026-02-11,29.21,Escuintla,Education,False
504601,Ana Mejia,Femenino,2026-02-27,35.51,Guatemala,Food,False
567394,Carlos Mendez,Masculino,2026-02-24,262.05,Quetzaltenango,Services,False
523762,Carlos Mendez,Masculino,2026-01-13,286.12,Quetzaltenango,Food,False
551408,Isabel Ramirez,Femenino,2026-02-11,255.06,Guatemala,Food,False
513326,Mario Lopez,Masculino,2026-02-09,209.66,Guatemala,Retail,False
578259,Carlos Mendez,Masculino,2026-01-19,82.63,Quetzaltenango,Education,False
552814,Pablo Perez,Masculino,2026-02-19,159.26,Mixco,Education,False
575538,Maria Paz,Femenino,2026-02-06,253.63,Escuintla,Retail,False
552812,Pablo Perez,Masculino,2026-02-18,407.58,Amatitlan,Retail,False
534191,Pablo Perez,Masculino,2026-01-21,326.57,Escuintla,Food,False
520471,Diego Ramirez,Femenino,2026-02-26,399.89,Antigua,Services,False
507823,Isabel Ramirez,Femenino,2026-03-08,149.05,Quetzaltenango,Retail,False
562298,Lucia Perez,Femenino,2026-01-15,54.32,Villa Nueva,Retail,False
561815,Rene Soto,Masculino,2026-03-15,234.54,Villa Nueva,Food,False
555912,Pedro Herrera,Masculino,2026-02-16,386.73,Guatemala,Retail,False
544852,Oscar Rojas,Masculino,2026-01-28,415.38,Villa Nueva,Services,False
524663,Julio Morales,Femenino,2026-02-09,328.57,Antigua,Education,False
561440,Luis Garcia,Masculino,2026-03-02,433.75,Antigua,Services,False
543491,Isabel Ramirez,Masculino,2026-03-02,183.59,Amatitlan,Services,False
516952,Ana Diaz,Femenino,2026-03-22,432.57,Villa Nueva,Education,False
577095,Ana Soto,Femenino,2026-03-16,252.49,Escuintla,Education,False
566028,Pedro Herrera,Femenino,2026-03-07,275.87,Villa Nueva,Education,False
569844,Isabel Ramirez,Femenino,2026-01-14,117.66,Amatitlan,Education,False
518457,Jorge Castillo,Masculino,2026-03-22,244.26,Mixco,Food,True
522220,Mario Lopez,Masculino,2026-03-06,380.47,Guatemala,Education,False
521675,Maria Paz,Femenino,2026-01-10,204.34,Guatemala,Education,False
537341,Monica Lopez,Femenino,2026-01-21,380.4,Guatemala,Services,False
580921,Patricia Soto,Femenino,2026-01-05,176.95,Amatitlan,Services,False
538120,Paola Herrera,Femenino,2026-01-06,97.82,Villa Nueva,Services,False
564634,Ana Soto,Masculino,2026-03-16,318.17,Quetzaltenango,Retail,False
522117,Julio Morales,Femenino,2026-03-07,284.3,Antigua,Food,False
505267,Ana Soto,Femenino,2026-02-03,135.79,Quetzaltenango,Retail,False
545967,Julio Morales,Masculino,2026-02-21,278.17,Escuintla,Services,False
516382,Isabel Ramirez,Femenino,2026-01-10,144.09,Antigua,Services,False
527998,Carlos Mendez,Masculino,2026-03-28,71.72,Amatitlan,Services,False
567088,Julio Morales,Masculino,2026-02-05,163.95,Villa Nueva,Services,False
570323,Patricia Soto,Femenino,2026-02-02,283.21,Guatemala,Education,False
556002,Pedro Herrera,Femenino,2026-03-01,326.52,Villa Nueva,Food,False
566364,Jorge Castillo,Masculino,2026-03-19,127.24,Amatitlan,Food,False
594619,Carlos Mendez,Femenino,2026-03-20,440.84,Mixco,Food,False
574756,Pedro Herrera,Masculino,2026-01-23,8641.15,Guatemala,Retail,False
536760,Julio Morales,Masculino,2026-02-06,61.37,Villa Nueva,Services,False
564641,Jorge Castillo,Masculino,2026-03-06,439.85,Guatemala,Food,False
540496,Paola Herrera,Femenino,2026-02-06,139.93,Guatemala,Food,False
569630,Maria Paz,Femenino,2026-03-08,72.44,Mixco,Education,False
591339,Carlos Mendez,Masculino,2026-03-22,98.08,Quetzaltenango,Food,False
528705,Patricia Soto,Femenino,2026-02-26,367.11,Villa Nueva,Food,False
522275,Julio Morales,Masculino,2026-03-24,22.66,Mixco,Services,False
577701,Paola Herrera,Femenino,2026-01-23,240.26,Quetzaltenango,Retail,False
542672,Oscar Rojas,Masculino,2026-01-09,21.85,Antigua,Services,False
500768,Oscar Rojas,Femenino,2026-01-22,400.73,Guatemala,Services,False
558643,Ana Diaz,Femenino,2026-01-07,373.89,Escuintla,Education,False
550779,Rene Soto,Femenino,2026-01-01,344.32,Villa Nueva,Retail,False
568745,Jorge Castillo,Femenino,2026-03-19,251.9,Quetzaltenango,Retail,True
574295,Ana Mejia,Femenino,2026-01-23,363.64,Antigua,Retail,False
530983,Pablo Perez,Masculino,2026-01-19,128.72,Antigua,Food,False
556126,Patricia Soto,Masculino,2026-01-22,137.61,Mixco,Food,False
549450,Patricia Soto,Femenino,2026-02-08,106.89,Guatemala,Retail,False
534785,Ana Soto,Masculino,2026-02-23,350.47,Amatitlan,Services,False
567691,Patricia Soto,Femenino,2026-01-05,60.1,Quetzaltenango,Education,False
597599,Paola Morales,Femenino,2026-02-14,428.89,Antigua,Retail,False
510831,Rene Soto,Masculino,2026-01-12,117.35,Escuintla,Education,False
580887,Luis Garcia,Masculino,2026-02-07,205.68,Amatitlan,Retail,False
598826,Maria Paz,Masculino,2026-02-16,301.06,Antigua,Food,False
599382,Luis Garcia,Masculino,2026-03-20,204.52,Escuintla,Food,False
548422,Carlos Mendez,Masculino,2026-03-05,355.23,Guatemala,Services,False
510112,Pablo Perez,Femenino,2026-03-25,221.9,Mixco,Education,True
564589,Oscar Rojas,No Especificado,2026-01-13,413.14,Mixco,Education,False
557723,Lucia Perez,No Especificado,2026-03-14,241.7,Guatemala,Food,False
519742,Mario Lopez,Masculino,2026-03-22,137.95,Mixco,Retail,False
525348,Luis Garcia,Masculino,2026-03-25,299.86,Quetzaltenango,Services,False
573332,Paola Herrera,Femenino,2026-01-14,345.31,Mixco,Retail,False
596345,Ana Diaz,Femenino,2026-02-04,324.93,Escuintla,Retail,False
550777,Jorge Castillo,Masculino,2026-02-07,109.96,Mixco,Retail,False
534458,Ana Soto,Masculino,2026-02-11,259.37,Amatitlan,Food,False
539117,Ana Mejia,Femenino,2026-02-08,333.72,Quetzaltenango,Retail,False
558495,Monica Lopez,Femenino,2026-01-25,63.58,Antigua,Food,False
574354,Mario Lopez,Femenino,2026-01-13,144.29,Guatemala,Food,False
568881,Rene Soto,Femenino,2026-03-25,363.31,Amatitlan,Food,False
553151,Paola Morales,Femenino,2026-02-12,134.48,Escuintla,Food,False
533740,Rene Soto,Masculino,2026-03-27,344.63,Guatemala,Education,False
584999,Julio Morales,Masculino,2026-01-19,270.89,Villa Nueva,Food,False
548831,Lucia Perez,Femenino,2026-02-11,421.1,Quetzaltenango,Services,False
581510,Paola Herrera,Femenino,2026-03-24,79.31,Escuintla,Education,False
570509,Maria Paz,Masculino,2026-01-26,107.34,Escuintla,Retail,False
598345,Julio Morales,Femenino,2026-02-09,134.71,Guatemala,Services,False
593434,Ana Diaz,Femenino,2026-02-28,221.9,Guatemala,Education,True
581284,Ana Soto,Masculino,2026-02-12,404.32,Quetzaltenango,Education,False
515160,Paola Herrera,Femenino,2026-01-21,188.65,Mixco,Education,False
508198,Pedro Herrera,No Especificado,2026-03-27,414.0,Villa Nueva,Food,False
583705,Paola Morales,Femenino,2026-03-18,403.01,Quetzaltenango,Retail,False
540310,Lucia Perez,Femenino,2026-01-24,226.43,Guatemala,Services,False
536783,Rene Soto,Masculino,2026-01-26,338.72,Quetzaltenango,Retail,False
539785,Jorge Castillo,Femenino,2026-02-08,232.94,Villa Nueva,Food,False
587125,Rene Soto,Femenino,2026-02-23,344.79,Escuintla,Services,False
538140,Lucia Perez,Femenino,2026-01-14,171.92,Villa Nueva,Retail,False
560190,Luis Garcia,No Especificado,2026-02-23,337.94,Villa Nueva,Services,False
563722,Ana Soto,No Especificado,2026-02-06,270.88,Quetzaltenango,Retail,False
517943,Ana Diaz,Masculino,2026-01-12,448.29,Mixco,Services,False
588702,Paola Herrera,Femenino,2026-02-03,295.27,Amatitlan,Services,False
584473,Paola Morales,Femenino,2026-02-06,367.28,Mixco,Retail,False
516146,Mario Lopez,Masculino,2026-02-10,238.49,Villa Nueva,Retail,False
531429,Patricia Soto,Femenino,2026-01-02,178.96,Escuintla,Education,False
513163,Paola Herrera,Femenino,2026-01-01,24.34,Escuintla,Retail,False
531381,Ana Mejia,Femenino,2026-01-04,187.74,Escuintla,Retail,False
525799,Isabel Ramirez,Masculino,2026-03-16,170.25,Antigua,Food,False
509540,Luis Garcia,Masculino,2026-01-05,57.82,Amatitlan,Retail,False
582983,Jorge Castillo,Masculino,2026-03-12,221.08,Amatitlan,Retail,False
543694,Oscar Rojas,Masculino,2026-03-21,246.47,Guatemala,Food,False
539607,Jorge Castillo,Masculino,2026-03-26,205.96,Villa Nueva,Education,False
501762,Oscar Rojas,Masculino,2026-02-21,269.35,Quetzaltenango,Education,False
537558,Diego Ramirez,Masculino,2026-01-02,347.36,Antigua,Food,False
537347,Paola Herrera,Femenino,2026-02-22,84.37,Guatemala,Food,False
563512,Diego Ramirez,Masculino,2026-01-03,93.37,Amatitlan,Services,False
513933,Paola Herrera,Femenino,2026-03-26,244.26,Mixco,Food,True
549640,Mario Lopez,Masculino,2026-02-13,298.32,Amatitlan,Education,False
530946,Diego Ramirez,Femenino,2026-02-07,393.24,Amatitlan,Food,False
542605,Luis Garcia,Masculino,2026-01-14,6255.4,Guatemala,Food,False
538980,Paola Morales,Femenino,2026-02-08,424.17,Quetzaltenango,Food,False
506220,Paola Morales,Femenino,2026-02-17,358.88,Escuintla,Food,False
592367,Ana Mejia,Femenino,2026-03-27,221.9,Quetzaltenango,Education,True
545519,Paola Herrera,No Especificado,2026-01-26,242.47,Quetzaltenango,Retail,False
552585,Isabel Ramirez,Femenino,2026-03-20,221.9,Guatemala,Education,True
587852,Pedro Herrera,Masculino,2026-02-26,185.35,Mixco,Education,False
595843,Ana Mejia,Masculino,2026-01-20,99.64,Mixco,Services,False
552109,Lucia Perez,Femenino,2026-03-19,304.81,Mixco,Services,False
502510,Patricia Soto,Femenino,2026-02-20,447.1,Amatitlan,Services,False
585084,Ana Soto,Masculino,2026-03-07,426.06,Antigua,Education,False
507314,Pablo Perez,Masculino,2026-02-11,6251.25,Amatitlan,Education,False
557519,Lucia Perez,Femenino,2026-02-17,332.07,Villa Nueva,Food,False
540436,Ana Diaz,Masculino,2026-03-05,411.92,Amatitlan,Education,False
594640,Ana Diaz,Femenino,2026-01-23,250.22,Amatitlan,Services,True
595384,Pedro Herrera,Masculino,2026-01-15,308.46,Escuintla,Education,False
560469,Rene Soto,Femenino,2026-01-24,429.17,Antigua,Food,False
502110,Ana Soto,Femenino,2026-03-04,22.6,Antigua,Retail,False
541278,Pablo Perez,No Especificado,2026-03-26,331.57,Amatitlan,Food,False
598876,Maria Paz,Femenino,2026-03-16,360.05,Mixco,Education,False
502495,Monica Lopez,Femenino,2026-02-16,32.81,Antigua,Retail,False
564647,Pedro Herrera,Masculino,2026-03-22,250.04,Amatitlan,Retail,False
535739,Oscar Rojas,Masculino,2026-02-01,215.56,Quetzaltenango,Food,False
541309,Oscar Rojas,No Especificado,2026-02-28,173.9,Quetzaltenango,Food,False
546253,Carlos Mendez,Masculino,2026-02-09,151.65,Guatemala,Food,False
518055,Rene Soto,Masculino,2026-02-23,388.32,Mixco,Education,False
554296,Jorge Castillo,Masculino,2026-02-05,188.19,Guatemala,Retail,False
523984,Oscar Rojas,Masculino,2026-03-23,31.96,Villa Nueva,Food,False
510655,Jorge Castillo,Masculino,2026-01-25,424.03,Quetzaltenango,Services,False
538628,Lucia Perez,Femenino,2026-02-08,105.83,Guatemala,Retail,False
591357,Paola Morales,Masculino,2026-03-17,384.56,Quetzaltenango,Services,False
500422,Lucia Perez,Masculino,2026-01-18,8200.52,Escuintla,Retail,False
581758,Carlos Mendez,Masculino,2026-03-25,250.22,Guatemala,Services,True
576441,Paola Morales,Femenino,2026-01-28,182.33,Villa Nueva,Retail,False
569848,Lucia Perez,Femenino,2026-01-16,5009.73,Quetzaltenango,Services,False
588409,Isabel Ramirez,Femenino,2026-03-12,392.5,Mixco,Food,False
532941,Maria Paz,Femenino,2026-03-22,251.9,Escuintla,Retail,True
582876,Isabel Ramirez,Femenino,2026-02-12,117.26,Villa Nueva,Retail,False
599914,Pablo Perez,Masculino,2026-01-12,71.26,Quetzaltenango,Services,False
506763,Oscar Rojas,Masculino,2026-03-25,244.26,Villa Nueva,Food,True
570149,Mario Lopez,Masculino,2026-03-02,131.33,Villa Nueva,Education,False
545904,Ana Diaz,Femenino,2026-03-19,205.44,Antigua,Food,False
539262,Paola Herrera,Femenino,2026-02-19,73.03,Antigua,Retail,False
500272,Lucia Perez,Femenino,2026-02-08,157.85,Escuintla,Food,False
590000,Oscar Rojas,Masculino,2026-02-17,330.14,Mixco,Food,False
539018,Carlos Mendez,Masculino,2026-01-12,51.64,Guatemala,Food,False
593702,Pedro Herrera,Femenino,2026-03-03,56.36,Quetzaltenango,Food,False
551415,Patricia Soto,Femenino,2026-03-15,143.12,Antigua,Education,False
575139,Monica Lopez,Masculino,2026-01-17,79.52,Antigua,Food,False
566544,Carlos Mendez,Masculino,2026-01-02,339.84,Escuintla,Food,False
574320,Monica Lopez,Femenino,2026-01-15,93.22,Villa Nueva,Retail,False
558426,Julio Morales,Masculino,2026-03-25,267.4,Antigua,Retail,False
503789,Pablo Perez,Masculino,2026-02-05,257.89,Escuintla,Services,False
529483,Carlos Mendez,Masculino,2026-02-03,321.36,Guatemala,Education,False
572346,Oscar Rojas,Femenino,2026-01-05,344.85,Quetzaltenango,Retail,False
543516,Maria Paz,Femenino,2026-01-23,316.69,Guatemala,Education,False
572324,Ana Soto,Femenino,2026-03-09,105.37,Guatemala,Retail,False
534240,Lucia Perez,Femenino,2026-01-11,432.7,Amatitlan,Retail,False
513042,Oscar Rojas,Masculino,2026-03-16,189.42,Guatemala,Education,False
547768,Pedro Herrera,Masculino,2026-02-20,411.74,Amatitlan,Education,False
562485,Maria Paz,Femenino,2026-02-28,409.33,Villa Nueva,Services,False
508830,Paola Herrera,Femenino,2026-03-04,412.54,Guatemala,Food,False
589147,Pedro Herrera,Femenino,2026-03-01,247.13,Antigua,Retail,False
506526,Ana Diaz,Femenino,2026-03-06,89.53,Guatemala,Retail,False
530299,Isabel Ramirez,Masculino,2026-02-11,86.17,Antigua,Food,False
557328,Pablo Perez,Femenino,2026-02-16,67.14,Amatitlan,Education,False
561435,Monica Lopez,Femenino,2026-02-12,119.92,Amatitlan,Education,False
571861,Isabel Ramirez,Femenino,2026-02-23,73.47,Escuintla,Services,False
520511,Lucia Perez,Masculino,2026-03-11,93.5,Villa Nueva,Retail,False
596486,Luis Garcia,Masculino,2026-03-06,358.87,Antigua,Education,False
587820,Ana Soto,Masculino,2026-03-18,429.29,Mixco,Education,False
514149,Ana Mejia,Femenino,2026-03-24,367.22,Escuintla,Education,False
595600,Jorge Castillo,Masculino,2026-01-06,35.09,Mixco,Services,False
578965,Isabel Ramirez,Femenino,2026-03-10,355.68,Guatemala,Food,False
574327,Lucia Perez,No Especificado,2026-03-11,251.9,Mixco,Retail,True
569514,Oscar Rojas,Masculino,2026-02-01,221.9,Antigua,Education,True
511656,Patricia Soto,Femenino,2026-03-16,81.33,Escuintla,Education,False
522976,Monica Lopez,Femenino,2026-03-04,50.97,Guatemala,Retail,False
595235,Mario Lopez,Masculino,2026-03-08,78.0,Escuintla,Food,False
523463,Monica Lopez,Femenino,2026-03-06,84.44,Guatemala,Food,False
596124,Paola Morales,Femenino,2026-02-06,388.94,Amatitlan,Education,False
500851,Mario Lopez,Masculino,2026-01-03,275.49,Villa Nueva,Food,False
560163,Paola Herrera,Femenino,2026-03-20,184.41,Guatemala,Education,False
532150,Paola Herrera,Femenino,2026-02-19,75.34,Escuintla,Services,False
529297,Ana Diaz,Femenino,2026-02-12,358.27,Quetzaltenango,Retail,False
595486,Lucia Perez,Masculino,2026-01-18,183.52,Mixco,Retail,False
596663,Lucia Perez,Femenino,2026-02-05,244.26,Guatemala,Food,True
503312,Paola Morales,Femenino,2026-01-27,275.38,Escuintla,Food,False
534683,Pedro Herrera,Masculino,2026-02-02,189.35,Mixco,Education,False
549788,Lucia Perez,Femenino,2026-03-10,56.8,Antigua,Education,False
502492,Luis Garcia,Masculino,2026-03-22,372.1,Amatitlan,Education,False
540020,Julio Morales,Masculino,2026-02-21,278.51,Guatemala,Food,False
510050,Pedro Herrera,Masculino,2026-01-10,160.14,Villa Nueva,Services,False
529681,Monica Lopez,Femenino,2026-01-23,78.06,Villa Nueva,Education,False
531951,Luis Garcia,Femenino,2026-03-09,374.59,Amatitlan,Education,False
540989,Pablo Perez,Masculino,2026-01-04,237.21,Escuintla,Services,False
594725,Maria Paz,Femenino,2026-01-16,434.15,Escuintla,Services,False
569649,Patricia Soto,Masculino,2026-03-13,433.23,Guatemala,Services,False
599911,Pedro Herrera,Femenino,2026-02-03,341.69,Antigua,Retail,False
595851,Paola Herrera,Femenino,2026-02-15,321.0,Villa Nueva,Services,False
564369,Patricia Soto,Femenino,2026-03-08,309.05,Antigua,Education,False
507119,Diego Ramirez,No Especificado,2026-02-24,33.89,Escuintla,Education,False
556686,Oscar Rojas,Masculino,2026-01-24,322.6,Guatemala,Food,False
584603,Monica Lopez,Femenino,2026-03-20,89.97,Mixco,Retail,False
581449,Paola Morales,Femenino,2026-03-05,298.29,Antigua,Services,False
560797,Monica Lopez,Femenino,2026-02-23,51.39,Antigua,Retail,False
570441,Monica Lopez,Femenino,2026-03-05,323.08,Villa Nueva,Retail,False
593305,Mario Lopez,Femenino,2026-02-01,251.9,Guatemala,Retail,True
517453,Ana Mejia,Femenino,2026-03-24,249.05,Guatemala,Retail,False
553560,Pablo Perez,Femenino,2026-03-25,434.16,Mixco,Education,False
505112,Pablo Perez,Masculino,2026-02-11,186.33,Amatitlan,Food,False
510168,Diego Ramirez,Masculino,2026-02-05,29.81,Quetzaltenango,Retail,False
589161,Ana Soto,Femenino,2026-03-02,429.61,Amatitlan,Services,False
564366,Paola Herrera,Femenino,2026-01-14,87.29,Amatitlan,Food,False
509634,Rene Soto,Masculino,2026-03-11,205.77,Quetzaltenango,Education,False
541443,Ana Mejia,Femenino,2026-03-15,120.24,Amatitlan,Education,False
560478,Luis Garcia,Masculino,2026-01-24,228.1,Escuintla,Services,False
579859,Paola Morales,Masculino,2026-01-01,388.68,Antigua,Retail,False
504531,Ana Diaz,No Especificado,2026-02-12,38.47,Villa Nueva,Education,False
511553,Isabel Ramirez,Femenino,2026-01-16,215.25,Antigua,Food,False
567707,Lucia Perez,Femenino,2026-01-15,179.42,Antigua,Food,False
526607,Oscar Rojas,Masculino,2026-02-04,443.01,Antigua,Retail,False
516077,Monica Lopez,Masculino,2026-03-04,302.32,Villa Nueva,Services,False
584485,Ana Diaz,Femenino,2026-03-16,244.11,Antigua,Services,False
523970,Diego Ramirez,Masculino,2026-03-08,367.98,Villa Nueva,Services,False
517255,Paola Morales,Femenino,2026-03-22,281.55,Quetzaltenango,Retail,False
525966,Mario Lopez,Femenino,2026-01-09,400.46,Antigua,Retail,False
593100,Patricia Soto,Femenino,2026-03-05,221.9,Amatitlan,Education,True
573073,Pedro Herrera,Femenino,2026-02-08,229.45,Amatitlan,Education,False
504752,Mario Lopez,Masculino,2026-01-05,418.7,Villa Nueva,Services,False
567136,Pablo Perez,Femenino,2026-03-24,90.92,Escuintla,Food,False
559950,Rene Soto,Femenino,2026-03-27,324.83,Quetzaltenango,Retail,False
500728,Paola Morales,Femenino,2026-01-09,25.17,Amatitlan,Education,False
503154,Pablo Perez,Masculino,2026-03-28,213.97,Amatitlan,Education,False
508582,Paola Herrera,Femenino,2026-02-19,54.96,Escuintla,Retail,False
586906,Ana Soto,Femenino,2026-02-24,139.9,Antigua,Retail,False
540312,Oscar Rojas,Masculino,2026-01-04,372.33,Guatemala,Food,False
529459,Ana Mejia,Femenino,2026-01-18,107.96,Escuintla,Retail,False
545388,Pedro Herrera,Masculino,2026-01-06,70.87,Guatemala,Services,False
502828,Luis Garcia,Femenino,2026-02-25,210.84,Antigua,Retail,False
500019,Lucia Perez,Femenino,2026-03-07,439.15,Quetzaltenango,Education,False
562832,Lucia Perez,Masculino,2026-01-26,434.17,Antigua,Education,False
583603,Maria Paz,Femenino,2026-02-21,176.16,Villa Nueva,Education,False
518444,Paola Herrera,Masculino,2026-02-09,4839.96,Amatitlan,Education,False
559772,Diego Ramirez,Masculino,2026-02-14,171.92,Antigua,Retail,False
510077,Maria Paz,Femenino,2026-03-05,189.62,Villa Nueva,Services,False
583112,Maria Paz,Femenino,2026-01-21,38.4,Antigua,Retail,False
581603,Maria Paz,Femenino,2026-01-01,71.45,Escuintla,Retail,False
509071,Maria Paz,Femenino,2026-02-14,244.26,Guatemala,Food,True
517854,Paola Herrera,Femenino,2026-02-03,250.22,Guatemala,Services,True
503314,Pablo Perez,Masculino,2026-01-16,440.4,Mixco,Education,False
552370,Maria Paz,Femenino,2026-03-15,143.43,Mixco,Services,False
524803,Diego Ramirez,Masculino,2026-01-24,372.94,Villa Nueva,Services,False
545781,Jorge Castillo,Masculino,2026-03-28,375.84,Guatemala,Education,False
560982,Ana Soto,Femenino,2026-02-13,355.51,Villa Nueva,Retail,False
572752,Monica Lopez,Femenino,2026-02-13,72.55,Escuintla,Retail,False
513726,Isabel Ramirez,Femenino,2026-02-14,161.55,Quetzaltenango,Retail,False
521631,Maria Paz,Femenino,2026-03-24,378.93,Villa Nueva,Services,False
586080,Jorge Castillo,Masculino,2026-01-16,187.74,Amatitlan,Food,False
553127,Lucia Perez,Femenino,2026-01-15,4438.4,Amatitlan,Services,False
523517,Isabel Ramirez,Femenino,2026-01-01,206.61,Quetzaltenango,Food,False
578922,Ana Mejia,Masculino,2026-01-10,94.5,Antigua,Education,False
553000,Julio Morales,Femenino,2026-02-21,244.26,Guatemala,Food,True
508797,Pablo Perez,Masculino,2026-01-25,282.58,Escuintla,Services,False
556471,Ana Soto,Femenino,2026-03-11,58.41,Escuintla,Retail,False
558256,Pablo Perez,No Especificado,2026-01-16,253.08,Guatemala,Education,False
549376,Ana Diaz,Femenino,2026-01-18,395.43,Villa Nueva,Education,False
561700,Diego Ramirez,Masculino,2026-01-28,344.44,Mixco,Food,False
564367,Paola Herrera,Femenino,2026-03-12,53.84,Mixco,Services,False
597514,Julio Morales,Masculino,2026-03-03,173.5,Escuintla,Food,False
555084,Ana Soto,Femenino,2026-03-05,316.21,Antigua,Services,False
511986,Jorge Castillo,Masculino,2026-03-09,276.26,Villa Nueva,Education,False
589597,Pedro Herrera,Masculino,2026-02-20,115.24,Amatitlan,Retail,False
516744,Jorge Castillo,Femenino,2026-03-24,421.62,Antigua,Services,False
552025,Isabel Ramirez,Femenino,2026-03-20,265.77,Escuintla,Retail,False
576374,Ana Soto,Femenino,2026-02-11,429.42,Mixco,Services,False
525205,Maria Paz,Femenino,2026-03-07,387.68,Antigua,Services,False
568537,Ana Soto,Masculino,2026-02-28,116.41,Villa Nueva,Education,False
504059,Monica Lopez,Masculino,2026-01-20,257.45,Antigua,Services,False
566581,Pablo Perez,Masculino,2026-01-23,376.67,Mixco,Services,False
525195,Carlos Mendez,Femenino,2026-01-06,417.89,Antigua,Retail,False
588137,Mario Lopez,Masculino,2026-02-24,162.96,Escuintla,Services,False
507563,Ana Mejia,Femenino,2026-03-25,173.16,Antigua,Food,False
575995,Oscar Rojas,Femenino,2026-01-05,251.9,Villa Nueva,Retail,True
545485,Paola Morales,Femenino,2026-02-25,387.36,Villa Nueva,Retail,False
534633,Carlos Mendez,Femenino,2026-03-27,149.29,Mixco,Food,False
570165,Ana Mejia,Femenino,2026-03-02,107.34,Mixco,Food,False
579261,Julio Morales,Femenino,2026-02-07,126.13,Guatemala,Services,False
561457,Lucia Perez,Femenino,2026-01-11,182.05,Antigua,Food,False
559723,Diego Ramirez,Masculino,2026-03-24,422.21,Escuintla,Retail,False
531298,Maria Paz,Femenino,2026-02-20,141.83,Escuintla,Retail,False
565990,Pablo Perez,Masculino,2026-03-23,431.09,Amatitlan,Retail,False
507815,Monica Lopez,Femenino,2026-03-01,59.8,Guatemala,Services,False
529261,Carlos Mendez,Masculino,2026-02-27,129.18,Mixco,Food,False
587725,Paola Herrera,Masculino,2026-02-14,22.9,Guatemala,Services,False
557067,Isabel Ramirez,Masculino,2026-02-04,261.84,Amatitlan,Food,False
548017,Pedro Herrera,Masculino,2026-02-06,239.15,Escuintla,Food,False
532742,Ana Mejia,Femenino,2026-01-18,110.07,Antigua,Services,False
564382,Carlos Mendez,Masculino,2026-01-08,323.57,Escuintla,Retail,False
536135,Carlos Mendez,Femenino,2026-02-20,427.24,Villa Nueva,Retail,False
552415,Carlos Mendez,Femenino,2026-01-18,155.0,Antigua,Education,False
590146,Patricia Soto,Femenino,2026-01-07,173.6,Quetzaltenango,Services,False
588675,Ana Soto,Masculino,2026-01-21,90.29,Amatitlan,Retail,False
594902,Pedro Herrera,Masculino,2026-03-09,284.62,Villa Nueva,Food,False
574968,Lucia Perez,Femenino,2026-02-17,437.52,Amatitlan,Food,False
583732,Pablo Perez,Masculino,2026-03-27,45.68,Quetzaltenango,Retail,False
558879,Isabel Ramirez,Femenino,2026-03-06,250.49,Mixco,Retail,False
566043,Lucia Perez,Femenino,2026-01-18,115.03,Mixco,Food,False
531626,Paola Morales,Femenino,2026-01-04,375.54,Villa Nueva,Retail,False
500411,Luis Garcia,Masculino,2026-01-25,250.22,Antigua,Services,True
517448,Paola Herrera,Femenino,2026-02-07,147.76,Amatitlan,Services,False
582250,Ana Soto,Femenino,2026-02-15,386.32,Villa Nueva,Education,False
598477,Oscar Rojas,Masculino,2026-02-24,156.13,Antigua,Retail,False
567421,Pablo Perez,Masculino,2026-03-09,346.23,Antigua,Food,False
573612,Rene Soto,Masculino,2026-03-18,180.58,Amatitlan,Education,False
579187,Carlos Mendez,Masculino,2026-03-15,340.44,Quetzaltenango,Retail,False
599842,Mario Lopez,Masculino,2026-01-14,152.85,Antigua,Services,False
581150,Monica Lopez,Femenino,2026-01-02,186.4,Amatitlan,Education,False
503087,Pablo Perez,Masculino,2026-01-14,351.2,Escuintla,Retail,False
511975,Ana Diaz,Masculino,2026-03-07,242.42,Villa Nueva,Food,False
544085,Pablo Perez,Femenino,2026-01-20,154.86,Antigua,Services,False
593715,Carlos Mendez,Femenino,2026-03-07,49.24,Villa Nueva,Retail,False
505694,Julio Morales,Masculino,2026-01-20,67.07,Mixco,Education,False
594919,Pablo Perez,Masculino,2026-02-03,51.96,Quetzaltenango,Retail,False
583912,Ana Diaz,Femenino,2026-03-18,127.76,Escuintla,Food,False
543400,Ana Diaz,Masculino,2026-03-09,66.27,Mixco,Services,False
594923,Isabel Ramirez,Femenino,2026-01-24,437.28,Guatemala,Retail,False
581633,Carlos Mendez,Masculino,2026-03-27,250.22,Villa Nueva,Services,True
516212,Pedro Herrera,Femenino,2026-02-10,104.66,Escuintla,Retail,False
509285,Jorge Castillo,Masculino,2026-01-05,416.11,Escuintla,Food,False
584458,Lucia Perez,Femenino,2026-01-20,77.2,Mixco,Services,False
598616,Maria Paz,Femenino,2026-01-28,79.41,Escuintla,Services,False
527244,Maria Paz,Masculino,2026-02-16,379.01,Villa Nueva,Services,False
520928,Ana Mejia,Masculino,2026-02-04,36.92,Escuintla,Services,False
511145,Lucia Perez,Femenino,2026-01-08,307.78,Amatitlan,Services,False
555417,Oscar Rojas,Masculino,2026-03-20,237.14,Mixco,Food,False
588185,Rene Soto,Masculino,2026-03-28,420.66,Escuintla,Education,False
588620,Julio Morales,Masculino,2026-02-01,228.52,Mixco,Retail,False
545277,Maria Paz,Femenino,2026-02-23,408.05,Antigua,Services,False
532082,Pedro Herrera,Masculino,2026-01-21,313.01,Mixco,Retail,False
508709,Pedro Herrera,Masculino,2026-01-15,45.94,Guatemala,Services,False
591871,Pedro Herrera,Masculino,2026-02-28,221.9,Quetzaltenango,Education,True
587531,Pedro Herrera,Femenino,2026-01-01,252.2,Antigua,Retail,False
536356,Jorge Castillo,Masculino,2026-02-10,268.22,Amatitlan,Education,False
546442,Pablo Perez,Masculino,2026-03-26,398.42,Amatitlan,Retail,False
565740,Luis Garcia,Femenino,2026-01-08,213.3,Escuintla,Services,False
565063,Oscar Rojas,Masculino,2026-02-05,52.0,Quetzaltenango,Education,False
512935,Maria Paz,Femenino,2026-03-13,261.08,Guatemala,Services,False
526187,Ana Diaz,Masculino,2026-01-22,83.76,Quetzaltenango,Education,False
581041,Monica Lopez,Femenino,2026-01-10,54.08,Villa Nueva,Education,False
517653,Jorge Castillo,Masculino,2026-01-10,113.29,Guatemala,Education,False
588514,Ana Soto,Femenino,2026-03-25,399.42,Escuintla,Food,False
505045,Lucia Perez,No Especificado,2026-03-07,327.32,Villa Nueva,Services,False
506747,Carlos Mendez,Femenino,2026-02-25,185.44,Quetzaltenango,Retail,False
569808,Ana Diaz,Femenino,2026-02-19,407.59,Mixco,Food,False
535119,Ana Mejia,Femenino,2026-01-17,314.79,Quetzaltenango,Retail,False
525763,Patricia Soto,Femenino,2026-03-25,141.09,Mixco,Education,False
593047,Ana Soto,Femenino,2026-01-17,366.53,Escuintla,Services,False
505784,Monica Lopez,Femenino,2026-02-27,298.83,Mixco,Food,False
536794,Rene Soto,Masculino,2026-02-10,265.24,Guatemala,Education,False
566470,Paola Morales,Masculino,2026-01-02,197.46,Guatemala,Services,False
548857,Rene Soto,Masculino,2026-03-15,346.7,Villa Nueva,Retail,False
562275,Ana Diaz,Femenino,2026-01-15,397.68,Antigua,Retail,False
538440,Jorge Castillo,Masculino,2026-02-07,408.81,Escuintla,Education,False
527045,Rene Soto,Masculino,2026-02-19,435.96,Mixco,Education,False
570142,Carlos Mendez,Masculino,2026-01-26,67.89,Amatitlan,Education,False
542177,Julio Morales,Masculino,2026-02-17,54.35,Guatemala,Education,False
535910,Luis Garcia,Masculino,2026-02-12,176.33,Amatitlan,Food,False
592673,Patricia Soto,Femenino,2026-01-27,87.93,Amatitlan,Services,False
554142,Ana Diaz,Masculino,2026-03-06,201.75,Antigua,Education,False
581724,Luis Garcia,Masculino,2026-02-08,221.9,Mixco,Education,True
538666,Ana Mejia,Femenino,2026-03-20,192.53,Mixco,Retail,False
547719,Pablo Perez,Masculino,2026-03-27,270.03,Quetzaltenango,Services,False
514110,Patricia Soto,Femenino,2026-01-13,406.16,Villa Nueva,Food,False
565029,Julio Morales,Masculino,2026-01-14,78.12,Escuintla,Services,False
555596,Lucia Perez,Femenino,2026-01-14,97.81,Guatemala,Education,False
579243,Diego Ramirez,Masculino,2026-03-24,159.82,Amatitlan,Education,False
585234,Ana Soto,Femenino,2026-01-16,249.16,Mixco,Food,False
556256,Carlos Mendez,Masculino,2026-01-18,200.13,Mixco,Education,False
583161,Maria Paz,Femenino,2026-01-15,165.83,Villa Nueva,Retail,False
527436,Ana Soto,Femenino,2026-03-12,235.83,Antigua,Food,False
584424,Mario Lopez,Femenino,2026-03-14,405.45,Guatemala,Retail,False
584115,Rene Soto,Femenino,2026-01-21,172.54,Escuintla,Services,False
562953,Ana Soto,No Especificado,2026-01-25,81.94,No Especificado,Education,False
508498,Diego Ramirez,No Especificado,2026-02-27,196.19,Guatemala,Food,False
525816,Oscar Rojas,Masculino,2026-03-24,221.03,Escuintla,Retail,False
581221,Oscar Rojas,Masculino,2026-03-23,71.27,Quetzaltenango,No Especificado,False
504386,Monica Lopez,Femenino,2026-03-26,361.11,Guatemala,Retail,False
582458,Oscar Rojas,Masculino,2026-02-22,156.54,Guatemala,Services,False
580748,Paola Herrera,Femenino,2026-03-27,120.79,Antigua,Retail,False
515119,Patricia Soto,Femenino,2026-03-02,447.44,Guatemala,Food,False
548282,Julio Morales,Masculino,2026-03-05,58.03,Quetzaltenango,Education,False
516043,Ana Diaz,Femenino,2026-02-12,86.75,Guatemala,Services,False
570477,Isabel Ramirez,Femenino,2026-03-09,167.89,Villa Nueva,Food,False
572152,Oscar Rojas,Femenino,2026-01-13,72.33,Guatemala,Food,False
565474,Ana Mejia,Femenino,2026-01-13,139.74,Quetzaltenango,Education,False
518866,Diego Ramirez,Masculino,2026-02-04,391.79,Escuintla,Education,False
551045,Paola Herrera,Femenino,2026-02-17,188.54,Villa Nueva,Services,False
531139,Paola Herrera,Masculino,2026-01-08,221.9,Amatitlan,Education,True
515213,Oscar Rojas,Masculino,2026-02-06,110.51,Escuintla,Services,False
510146,Diego Ramirez,Masculino,2026-01-24,251.9,Villa Nueva,Retail,True
523622,Oscar Rojas,Masculino,2026-01-10,440.57,Guatemala,Education,False
513138,Diego Ramirez,Masculino,2026-02-25,92.16,Guatemala,Services,False
532935,Monica Lopez,Femenino,2026-03-15,288.31,Guatemala,Services,False
588634,Lucia Perez,Masculino,2026-01-15,25.82,Antigua,Retail,False
544145,Jorge Castillo,Masculino,2026-01-06,43.05,Guatemala,Retail,False
551794,Carlos Mendez,Masculino,2026-02-18,98.17,Mixco,Education,False
531732,Mario Lopez,Masculino,2026-01-09,145.07,Quetzaltenango,Services,False
556497,Oscar Rojas,Masculino,2026-02-09,204.13,Guatemala,Education,False
537353,Carlos Mendez,Masculino,2026-02-23,418.15,Villa Nueva,Food,False
568932,Rene Soto,Masculino,2026-03-17,245.5,Quetzaltenango,Food,False
528588,Lucia Perez,Femenino,2026-02-03,284.53,Guatemala,Food,False
546946,Paola Herrera,Femenino,2026-03-25,35.86,Mixco,Food,False
545600,Lucia Perez,Femenino,2026-02-28,80.15,Mixco,Services,False
555225,Ana Mejia,Femenino,2026-01-07,35.32,Escuintla,Services,False
547901,Diego Ramirez,Masculino,2026-01-03,409.73,Guatemala,Education,False
508469,Luis Garcia,Masculino,2026-01-05,352.49,Mixco,Food,False
507722,Lucia Perez,Femenino,2026-02-07,282.27,Quetzaltenango,Education,False
593983,Julio Morales,Masculino,2026-01-13,41.34,Villa Nueva,Services,False
583995,Ana Soto,Masculino,2026-02-17,351.44,Amatitlan,Services,False
564108,Jorge Castillo,Femenino,2026-01-20,108.52,Antigua,Services,False
502393,Diego Ramirez,Masculino,2026-01-01,201.27,Antigua,Food,False
511186,Diego Ramirez,Masculino,2026-03-19,244.42,Mixco,Services,False
585657,Ana Diaz,Femenino,2026-02-09,389.34,Escuintla,Retail,False
532813,Pedro Herrera,Masculino,2026-02-10,30.55,Mixco,Retail,False
520828,Paola Morales,Femenino,2026-03-12,265.43,Antigua,Services,False
571897,Monica Lopez,Femenino,2026-03-28,240.51,Mixco,Services,False
580928,Mario Lopez,Masculino,2026-03-08,147.27,Guatemala,Food,False
521161,Pablo Perez,Masculino,2026-02-04,397.13,Antigua,Retail,False
544916,Lucia Perez,Femenino,2026-02-27,198.28,Villa Nueva,Food,False
519987,Maria Paz,Femenino,2026-03-08,62.65,Escuintla,Retail,False
540006,Ana Diaz,Femenino,2026-02-23,54.1,Quetzaltenango,Food,False
572251,Ana Mejia,Femenino,2026-02-19,309.74,Villa Nueva,Services,False
597144,Patricia Soto,Masculino,2026-03-18,159.28,Antigua,Education,False
536227,Ana Diaz,Femenino,2026-01-20,264.49,Antigua,Food,False
560304,Ana Diaz,Femenino,2026-01-01,428.06,Antigua,Services,False
525023,Pablo Perez,Masculino,2026-02-16,297.85,Amatitlan,Education,False
565012,Pedro Herrera,Masculino,2026-03-13,325.02,Quetzaltenango,Education,False
576446,Julio Morales,Masculino,2026-03-06,434.15,Guatemala,Food,False
566652,Ana Mejia,Femenino,2026-01-15,124.43,Guatemala,Food,False
554184,Patricia Soto,Femenino,2026-01-22,377.98,Quetzaltenango,Food,False
538905,Mario Lopez,Masculino,2026-02-20,221.9,Quetzaltenango,Education,True
539694,Rene Soto,Masculino,2026-01-28,162.53,Villa Nueva,Services,False
528970,Ana Soto,Femenino,2026-02-09,92.02,Villa Nueva,Retail,False
503983,Patricia Soto,Femenino,2026-02-21,297.69,Guatemala,Services,False
599350,Rene Soto,Femenino,2026-01-07,223.5,Antigua,Education,False
540753,Diego Ramirez,Masculino,2026-02-12,423.84,Guatemala,Services,False
515908,Maria Paz,Femenino,2026-02-25,190.82,Mixco,Education,False
597129,Diego Ramirez,Femenino,2026-01-08,370.15,Amatitlan,Food,False
510658,Oscar Rojas,Femenino,2026-03-19,99.55,Mixco,Services,False
518749,Paola Morales,Femenino,2026-03-20,251.5,Mixco,Services,False
585634,Luis Garcia,Masculino,2026-02-21,113.32,Antigua,Services,False
509533,Oscar Rojas,Femenino,2026-01-20,320.26,Antigua,Food,False
506852,Monica Lopez,No Especificado,2026-02-17,321.78,Antigua,Education,False
539768,Ana Soto,Femenino,2026-02-24,4848.89,Amatitlan,Food,False
574448,Luis Garcia,Masculino,2026-02-09,112.7,Quetzaltenango,Retail,False
506616,Diego Ramirez,Femenino,2026-01-03,220.82,Antigua,Retail,False
544272,Patricia Soto,Femenino,2026-01-20,190.77,Antigua,Retail,False
575471,Isabel Ramirez,Femenino,2026-01-02,218.04,Mixco,Food,False
542814,Oscar Rojas,Masculino,2026-01-28,387.17,Guatemala,Retail,False
506606,Maria Paz,Masculino,2026-02-09,253.2,Amatitlan,Education,False
510767,Carlos Mendez,Masculino,2026-01-07,96.43,Antigua,Services,False
527131,Ana Diaz,Femenino,2026-02-06,244.26,Quetzaltenango,Food,True
504202,Patricia Soto,Femenino,2026-03-06,146.84,Antigua,Education,False
516976,Pedro Herrera,Masculino,2026-03-09,289.68,Amatitlan,Education,False
590162,Patricia Soto,Femenino,2026-03-23,357.74,Villa Nueva,Retail,False
502109,Monica Lopez,Femenino,2026-01-09,108.06,Villa Nueva,Services,False
526191,Pedro Herrera,Femenino,2026-03-17,441.54,Escuintla,Retail,False
525259,Isabel Ramirez,Femenino,2026-03-05,263.34,Antigua,Services,False
528143,Pablo Perez,Femenino,2026-01-06,404.51,Antigua,Retail,False
541427,Patricia Soto,Femenino,2026-03-24,299.5,Quetzaltenango,Food,False
587688,Oscar Rojas,Masculino,2026-01-10,194.57,Quetzaltenango,Food,False
582914,Oscar Rojas,Femenino,2026-03-07,258.3,Amatitlan,Retail,False
534538,Maria Paz,Femenino,2026-03-19,34.67,Quetzaltenango,Food,False
529069,Lucia Perez,Femenino,2026-01-25,396.31,Quetzaltenango,Services,False
500369,Lucia Perez,Femenino,2026-02-08,267.6,Antigua,Services,False
545634,Ana Mejia,Femenino,2026-03-04,291.55,Villa Nueva,Food,False
591864,Maria Paz,Masculino,2026-02-20,382.33,Villa Nueva,Retail,False
548479,Isabel Ramirez,Femenino,2026-01-07,244.26,Antigua,Food,True
537198,Ana Diaz,Femenino,2026-01-12,351.34,Escuintla,Retail,False
503465,Pedro Herrera,Masculino,2026-02-06,221.64,Quetzaltenango,Retail,False
509078,Isabel Ramirez,Femenino,2026-01-04,7989.54,Villa Nueva,Food,False
564861,Lucia Perez,Femenino,2026-03-24,33.97,Guatemala,Services,False
531373,Oscar Rojas,Masculino,2026-01-15,260.59,Villa Nueva,Food,False
524209,Diego Ramirez,Masculino,2026-01-11,431.82,Escuintla,Retail,False
554357,Jorge Castillo,Masculino,2026-02-12,433.75,Guatemala,Food,False
545102,Isabel Ramirez,Masculino,2026-03-21,74.11,Mixco,Education,False
539844,Rene Soto,Masculino,2026-02-22,320.61,Mixco,Services,False
543207,Paola Herrera,Masculino,2026-02-20,229.32,Antigua,Food,False
500838,Lucia Perez,Femenino,2026-01-08,264.27,Quetzaltenango,Services,False
533856,Paola Morales,No Especificado,2026-02-15,329.32,Amatitlan,Food,False
533269,Luis Garcia,Masculino,2026-01-27,221.9,Guatemala,Education,True
553711,Oscar Rojas,Masculino,2026-01-27,383.76,Amatitlan,Services,False
524180,Rene Soto,Masculino,2026-02-11,416.93,Escuintla,Food,False
557971,Isabel Ramirez,Femenino,2026-02-05,370.61,Mixco,Retail,False
579473,Paola Morales,Femenino,2026-01-18,434.55,Villa Nueva,Food,False
565061,Paola Morales,Femenino,2026-01-16,444.18,Guatemala,Food,False
505265,Diego Ramirez,Masculino,2026-01-10,350.73,Quetzaltenango,Food,False
532190,Luis Garcia,Femenino,2026-03-10,376.63,Guatemala,Food,False
599167,Rene Soto,Masculino,2026-03-05,252.94,Escuintla,Retail,False
548418,Julio Morales,Masculino,2026-02-04,108.88,Escuintla,Food,False
520427,Lucia Perez,Femenino,2026-01-25,78.88,Amatitlan,Services,False
557307,Rene Soto,Masculino,2026-02-07,368.1,Villa Nueva,Retail,False
583926,Jorge Castillo,Masculino,2026-01-27,115.95,Quetzaltenango,Education,False
523880,Carlos Mendez,Masculino,2026-02-15,184.14,Amatitlan,Education,False
513075,Ana Mejia,Femenino,2026-01-21,307.32,Antigua,Retail,False
501522,Paola Herrera,Femenino,2026-03-08,151.27,Escuintla,Education,False
551862,Ana Soto,Femenino,2026-01-08,362.86,Villa Nueva,Retail,False
518501,Lucia Perez,Femenino,2026-03-22,167.2,Quetzaltenango,Services,False
521778,Rene Soto,Masculino,2026-01-18,353.21,Escuintla,Food,False
577488,Julio Morales,Masculino,2026-02-22,254.12,Escuintla,Services,False
588993,Paola Herrera,Femenino,2026-01-06,210.92,Mixco,Education,False
552078,Ana Soto,Masculino,2026-01-18,23.32,Antigua,Education,False
529626,Diego Ramirez,Masculino,2026-01-25,86.86,Amatitlan,Services,False
560375,Maria Paz,Femenino,2026-03-12,53.06,Amatitlan,Services,False
591899,Oscar Rojas,Femenino,2026-02-27,287.44,Amatitlan,Education,False
516020,Jorge Castillo,Masculino,2026-02-27,8573.63,Amatitlan,Food,False
519565,Jorge Castillo,Masculino,2026-01-11,164.15,Antigua,Education,False
536223,Julio Morales,Masculino,2026-02-22,142.06,Antigua,Education,False
522677,Oscar Rojas,Masculino,2026-03-06,305.35,Quetzaltenango,Food,False
584312,Diego Ramirez,Masculino,2026-01-22,244.26,Villa Nueva,Food,True
536723,Jorge Castillo,Masculino,2026-01-07,114.98,Mixco,Retail,False
538550,Diego Ramirez,Masculino,2026-03-01,78.29,Antigua,Services,False
570088,Diego Ramirez,Femenino,2026-02-02,244.26,Mixco,Food,True
515803,Lucia Perez,Femenino,2026-02-09,265.99,Mixco,Services,False
533526,Ana Diaz,Femenino,2026-02-19,139.9,Escuintla,Food,False
509705,Mario Lopez,Masculino,2026-03-20,400.21,Amatitlan,Retail,False
