id_cliente,nombre,genero,fecha_registro,gasto_q,ciudad,categoria
540080,Ana Mejia, m ,24/01/2026,"232,41",Villa Nueva,Retail
579164,Jorge Castillo,F,2026-02-19,,Quetzaltenango,Retail
529560,MONICA LOPEZ,F,2026-02-27,"358,82",Antigua,Education
518822,Rene Soto,m,2026-01-13,249.89,Quetzaltenango,RETAIL
550874,Diego Ramirez,F,2026-01-12,"105,80",Amatitlan,Education
537664,Lucia Perez,M,2026-02-28,153.21,Amatitlan,RETAIL
505663,ana mejia ,M,14/03/2026,"397,60",guatemala,food
588546,diego ramirez , m ,2026-01-21,392.56,Mixco,Services
541476,rene soto,M,2026-02-07,257.38, Quetzaltenango,Retail
527755,Ana Diaz,,28/01/2026,"76,86",Antigua,Food
532967,Carlos Mendez,M,2026-03-12,"142,65",guatemala,Retail
523232,MARIA PAZ,f,20/01/2026,"70,66",ESCUINTLA,Retail
566186,Monica Lopez,F,2026-02-06,"140,58", Antigua,Retail
506187,Luis  Garcia,M,2026-03-17,91.30,Mixco,Food
505322,Mario Lopez,,23/02/2026,"37,22",Villa Nueva,Food
549769,pablo perez, M ,2026-02-23,"171,38",Antigua,RETAIL
509309,Pablo  Perez,M,2026-02-25,"158,99",Villa Nueva,Food
510578,Rene  Soto, M ,2026-03-08,280.10,ANTIGUA,Education
524765,Jorge Castillo,m,2026-02-08,"205,15",Villa  Nueva,Retail
587637,Oscar Rojas , m ,02/01/2026,444.06,Mixco,Education
505500,Pedro  Herrera,m,2026-03-06,"242,89",Escuintla,Food
584212,Pablo Perez,M,2026-01-11,"254,87",Villa Nueva ,FOOD
541231,  Monica Lopez , F ,2026-01-28,180.75, Mixco ,RETAIL
506163,Patricia Soto, f ,2026-03-26,,Amatitlan,Education
562950,Oscar Rojas,m,2026-01-26,"392,33", Guatemala,Retail
541296,Pedro Herrera, m ,11/03/2026,"423,29",Guatemala,Food
588286,Pablo Perez, m ,2026-01-07,103.06,Quetzaltenango,Services
548924,ANA  DIAZ,F,2026-02-06,"358,02",Villa Nueva,Services
547098,Monica  Lopez , f ,2026-02-18,132.21,Antigua,Food
581521,patricia soto, f ,11/03/2026,412.97,amatitlan ,Food
580106, Monica Lopez,f,14/02/2026,36.54,quetzaltenango,Education
556298,mario lopez, m ,12/02/2026,406.17,Antigua,Retail
550999,Diego Ramirez,M,2026-02-26,"325,17",Mixco,Education
538398, Mario Lopez,m,2026-03-26,95.01,Villa Nueva,Education
566613,Maria Paz,f,2026-03-09,"48,09",Villa Nueva,Education
506476, Mario Lopez, m ,24/01/2026,419.86,Quetzaltenango,Education
593568,Ana Mejia,,2026-03-13,"229,97",Mixco,Education
516453,OSCAR ROJAS, M ,01/03/2026,158.53, Villa Nueva,Education
571348,paola herrera,f,2026-02-08,334.33,ESCUINTLA,Food
516591, Isabel Ramirez,F,24/02/2026,"135,52",GUATEMALA,Food
541870,Paola Morales,f,2026-01-13,448.34,Mixco,Education
559101,Rene Soto ,m,2026-01-24,"159,55",Mixco,Food
582641,Luis Garcia, f ,2026-02-23,,Antigua,Education
524962,pablo perez,m,2026-03-17,"355,02",AMATITLAN,Food
521624,Monica Lopez, m ,2026-01-19,195.95,Mixco,Food
597729, Jorge Castillo,m,2026-01-10,183.15,Villa Nueva ,Food
543227,PEDRO HERRERA, m ,22/02/2026,95.13,MIXCO ,Services
512602,Pedro Herrera, f ,22/03/2026,"379,33",Mixco ,Services
501430,Diego Ramirez,m,2026-03-15,"272,28",Escuintla ,Retail
583787,Ana Mejia, m ,2026-03-21,372.18,amatitlan,Retail
518581,Monica Lopez,m,2026-02-25,72.07,ESCUINTLA,Retail
583758, paola morales ,f,2026-02-24,"346,13",Escuintla,Services
512789,Oscar Rojas, m ,26/03/2026,"273,15",VILLA NUEVA,Food
518739,Jorge  Castillo, m ,2026-02-16,"83,59",Villa Nueva,Services
579203,Mario Lopez,,2026-01-13,"36,86",quetzaltenango,Food
587911,PABLO PEREZ,m,2026-01-23,"397,50",VILLA NUEVA ,Education
521279,Jorge Castillo,M,2026-03-18,"419,71",Quetzaltenango ,Services
543194,Oscar  Rojas,m,2026-01-05,"116,16", GUATEMALA,Food
500174,Diego Ramirez ,m,19/02/2026,"135,73",Villa Nueva,Education
540106,Ana Mejia, f ,2026-02-17,4342.90,Quetzaltenango,Services
544470,Paola  Morales,f,2026-02-28,,Amatitlan,EDUCATION
580530,Paola Herrera,f,20/02/2026,"322,38",Mixco,Food
566873,Diego Ramirez, M ,2026-03-08,"341,70",Guatemala,Food
525980,Jorge Castillo, m ,2026-03-08,165.52,Amatitlan,food
532366,Pablo Perez, F ,08/02/2026,79.93,Amatitlan,Education
573118,Pedro Herrera, m ,2026-01-04,384.92,QUETZALTENANGO,Services
527689,PAOLA MORALES,m,2026-01-02,73.69,Quetzaltenango,retail
573540,Paola Herrera , f ,2026-03-10,131.32, Mixco ,Education
542359,Mario Lopez, m ,2026-01-21,"95,63",Quetzaltenango,education
558411,Paola Morales, m ,2026-01-12,"293,67",Guatemala ,Retail
590503,Pablo Perez, f ,26/03/2026,308.59,mixco,Services
512489,PEDRO HERRERA,F,2026-02-06,"29,36",Villa Nueva ,SERVICES
590530,Julio Morales,m,17/01/2026,129.18,Quetzaltenango ,Retail
598281,maria paz,F,2026-03-27,"37,49",Mixco,Retail
518608,Julio Morales,M,19/02/2026,,Mixco,Food
502338,pedro herrera, m ,2026-03-01,355.66,Escuintla,Services
580682, carlos mendez ,M,2026-02-17,406.33,Villa Nueva,Services
570976,Rene Soto ,m,2026-01-01,"129,27",Guatemala,Services
563571,Pedro Herrera,f,2026-01-21,"398,55",Amatitlan,Education
585750, Isabel Ramirez,F,18/01/2026,"106,71",Mixco,Food
531264,Diego Ramirez, m ,2026-03-08,"194,35",escuintla,Education
504953,Paola Herrera,f,2026-03-20,"35,14",Guatemala,EDUCATION
524216,ana diaz, f ,2026-02-25,222.25,Guatemala,RETAIL
528538,Julio Morales, M ,2026-02-15,80.26,Amatitlan,Retail
568602, Ana Soto,m,01/01/2026,"272,95",Villa Nueva,Food
545690,Mario Lopez,m,2026-01-20,"27,40",Quetzaltenango,Retail
549701,ANA SOTO,f,07/01/2026,251.90,Mixco  ,Retail
539586,Luis Garcia , F ,2026-03-16,425.58,quetzaltenango,Services
551152,PAOLA HERRERA, F ,2026-01-03,209.12, Guatemala,Services
597637, Julio Morales, m ,2026-03-01,335.47,Antigua,Services
592429, Ana Soto,F,2026-03-11,166.72,Amatitlan,Services
522108,Jorge Castillo,m,2026-02-26,89.30,guatemala,food
573579,Oscar Rojas, M ,27/01/2026,164.14,Guatemala,Food
581605, Carlos Mendez, f ,2026-03-03,381.10,Mixco ,Services
571985,maria paz ,f,2026-01-18,27.69,MIXCO,Food
576252,Ana Diaz,F,2026-03-27,"170,65",Quetzaltenango,Services
545160,pablo perez, f ,2026-03-06,"376,67",Escuintla,Retail
528611,Mario Lopez, M ,06/02/2026,"135,05",VILLA NUEVA,Food
530964, Patricia Soto ,f,2026-02-22,"307,56",Guatemala,Education
504840,Oscar Rojas, M ,2026-03-01,303.70,Mixco,Education
536721,Monica Lopez,f,2026-03-09,286.56,Guatemala,Services
540124,Paola Morales,f,2026-02-22,"274,85",Quetzaltenango,education
552827,Jorge Castillo,m,2026-01-11,242.04,  Quetzaltenango,Education
500127,Julio Morales,m,23/01/2026,"448,92",escuintla,Food
550561,Pablo Perez, f ,2026-02-15,295.89,Mixco,Education
563047,pedro herrera, m ,2026-02-19,"322,73",Escuintla,Services
566006,Pedro Herrera,F,2026-02-21,287.65,Villa Nueva,Education
588126,Paola  Herrera , f ,17/01/2026,"235,94",Escuintla,services
531240,  Julio Morales,m,13/03/2026,"94,57", Quetzaltenango,Retail
514273,Monica  Lopez, f ,2026-01-18,406.57,Antigua,Education
513963,Oscar Rojas,M,2026-03-27,345.48,Mixco,Education
538096,Oscar Rojas,f,23/02/2026,,Escuintla ,Food
588670,Maria Paz, m ,28/01/2026,"135,12",antigua ,Retail
590677,Luis Garcia,m,2026-02-17,"396,07",Amatitlan,Education
576379,Luis Garcia, f ,2026-03-15,"30,84",Quetzaltenango  ,Retail
535426,Jorge Castillo,m,2026-01-21,"429,68", Escuintla,Services
567800,Diego  Ramirez, m ,2026-01-13,169.71,Mixco ,EDUCATION
549971,Julio Morales,m,2026-01-24,"187,60", ANTIGUA,Food
568724,PAOLA HERRERA,M,2026-03-27,"35,59",escuintla,Services
506347,Paola Morales,F,19/03/2026,383.12,Guatemala ,Retail
533739,Oscar Rojas,m,27/01/2026,"81,40",Amatitlan,Retail
559575,Pablo  Perez,,2026-02-19,369.17,Antigua,Education
523571,LUIS GARCIA,f,15/03/2026,301.97,Villa Nueva,Retail
575516,Maria Paz,F,2026-02-21,379.26,Villa Nueva,services
553118,Maria Paz,f,2026-01-22,386.58,Amatitlan,education
535751, Carlos Mendez,F,2026-02-16,105.56,Quetzaltenango,Services
550977,Monica Lopez ,F,2026-02-23,"384,97",Guatemala,Retail
526493,oscar  rojas,f,2026-02-09,"178,37",Guatemala ,Education
568002,mario lopez , m ,2026-01-02,322.01,Villa Nueva ,FOOD
531504,Mario Lopez,,2026-01-01,"239,85",Mixco,Services
522706,Ana Soto,f,2026-02-22,384.44,Guatemala,Food
575671, julio morales,m,19/03/2026,235.60,Guatemala ,retail
558146, Ana Soto , f ,05/01/2026,"430,11", GUATEMALA,Education
552395,Ana Mejia,f,2026-02-26,169.75,Antigua ,Food
542867,Monica Lopez, f ,2026-03-03,206.18,Quetzaltenango,Food
517284,ana soto, m ,2026-02-22,47.78,Antigua,RETAIL
534713,Ana Soto,f,18/01/2026,"394,94",ANTIGUA,Food
554846,Monica Lopez, F ,2026-02-08,375.93,villa nueva,education
520607,CARLOS MENDEZ, m ,2026-03-20,323.71,Escuintla,Food
506068,Ana Soto,f,2026-03-14,,Amatitlan,Retail
570059,isabel ramirez,f,2026-03-09,"321,34",Antigua,food
555749, Pedro Herrera,m,2026-01-25,"118,25",quetzaltenango,Retail
543752,Monica Lopez, F ,2026-03-24,286.30,Mixco,Retail
544063,Mario Lopez,M,01/03/2026,"154,89",amatitlan,Education
511854,Ana Mejia,f,2026-01-15,,guatemala,Food
573686,jorge castillo,M,2026-03-06,"212,05",Guatemala,FOOD
555887,Carlos Mendez,m,2026-03-11,265.83,MIXCO ,Education
560943,Maria  Paz ,f,2026-01-12,4031.22,guatemala,Services
547018,Pablo Perez ,f,2026-03-16,,Quetzaltenango,Education
513663, Patricia Soto,F,2026-02-06,100.42, Villa Nueva,Food
597619,Patricia Soto,M,27/02/2026,427.90,MIXCO,Education
539613,Jorge Castillo, M ,2026-03-04,"20,33", Villa Nueva ,Education
500924, Carlos Mendez,m,2026-01-01,387.18,escuintla,Food
567286,Lucia Perez,M,2026-01-18,"36,16",Antigua ,Retail
549805,Ana Diaz, f ,11/01/2026,"142,62",Amatitlan,Education
508152,Luis Garcia,M,2026-03-08,"199,09",Antigua ,Education
568782,Lucia Perez, F ,19/03/2026,298.10,Guatemala ,Education
590351,Ana Mejia,F,2026-02-05,,Guatemala,RETAIL
552204,Patricia Soto,m,2026-03-01,"308,98",Villa Nueva,Retail
586090,Pedro Herrera, m ,2026-03-06,213.24,Villa Nueva,Retail
542982,CARLOS MENDEZ, m ,2026-01-26,"267,66",Guatemala,Services
522964, Luis Garcia, m ,28/03/2026,159.31,Antigua,Education
567803,MONICA LOPEZ,f,2026-02-15,36.08,Quetzaltenango,Education
513031,Lucia Perez, f ,2026-02-24,"244,32",MIXCO ,Food
550992,ana soto,f,2026-02-08,85.84,Amatitlan,Food
572828,Mario Lopez, m ,07/02/2026,"416,40", Quetzaltenango,Education
523896,Mario Lopez,f,2026-03-04,67.61,Villa Nueva,food
576181,Luis Garcia,M,2026-01-02,422.39,Villa Nueva,Retail
544326,Pedro Herrera,m,2026-03-20,361.45,Amatitlan ,Retail
594405,oscar rojas,m,02/01/2026,191.87,Villa Nueva,services
563739,Monica  Lopez ,M,2026-02-13,"359,77",AMATITLAN,Education
563629,PAOLA MORALES, f ,2026-03-26,77.97,Guatemala,Food
583605,Paola Morales, f ,05/02/2026,"167,84",Antigua ,Education
511098,Luis  Garcia, f ,2026-03-19,271.70,Mixco,RETAIL
503442,Oscar Rojas,F,2026-01-10,175.75,Quetzaltenango,Retail
514802,JORGE CASTILLO, M ,08/03/2026,34.17,Escuintla,Education
581341,Maria Paz,m,2026-02-18,122.50,Escuintla,education
568889,Ana Mejia, f ,2026-02-01,"147,08",Guatemala,Services
578014,Pedro Herrera,m,2026-02-05,"373,98",quetzaltenango ,Education
502151,Paola  Herrera,f,09/03/2026,,guatemala,Retail
517233,LUCIA PEREZ ,f,07/01/2026,95.72,Villa Nueva,Education
504910,Ana Mejia, f ,2026-01-26,"78,96",Antigua,Food
545091,ana diaz,M,2026-01-07,,Guatemala,Food
575079,DIEGO RAMIREZ,M,2026-02-18,4224.04,Antigua ,Food
544388,Oscar  Rojas,M,2026-02-11,"289,72",Amatitlan,retail
560238,Rene Soto,m,2026-03-20,"237,96",Mixco,Education
554864,Maria  Paz , F ,03/01/2026,"437,61",Antigua,sin dato
540597, Isabel Ramirez,F,17/01/2026,336.98,Mixco,RETAIL
582606,Patricia Soto,f,2026-02-04,206.68,Villa Nueva,FOOD
534643,Maria Paz, f ,2026-02-14,"240,08", Escuintla,Retail
525850,Ana Soto,F,2026-02-09,148.90,Amatitlan ,RETAIL
549592,Lucia Perez,m,2026-01-21,93.35,VILLA NUEVA ,Services
539955, Lucia Perez, m ,2026-01-23,373.48,Mixco ,Education
506537,Oscar Rojas,m,11/03/2026,"225,35",antigua,Food
577386,Paola Herrera, f ,2026-01-02,"150,62",  MIXCO,Food
535033,Isabel Ramirez, F ,2026-01-05,303.71, Escuintla,Food
599296,Paola  Herrera,f,2026-03-01,"390,73",Mixco,Services
518461,Ana  Diaz,F,2026-02-02,,guatemala,Education
556565,Pedro Herrera, f ,2026-01-02,370.24,Quetzaltenango,FOOD
514579,Isabel Ramirez,f,2026-03-18,377.03,Villa Nueva,education
563936,Patricia Soto, F ,2026-03-13,448.49,Quetzaltenango,Food
505712,DIEGO RAMIREZ, m ,2026-01-09,"39,42",Escuintla,Services
506633,Oscar Rojas,m,2026-02-20,,Quetzaltenango ,Food
579986,Lucia Perez , f ,2026-02-03,"245,80",Amatitlan,Services
529166,Ana Mejia,m,2026-03-01,"130,63",Mixco,RETAIL
573463,Carlos Mendez, f ,2026-02-25,"315,31", escuintla,Education
520653,  PAOLA MORALES,f,2026-02-22,331.41,MIXCO,RETAIL
563042, Maria Paz ,f,2026-02-27,"358,69",Amatitlan ,EDUCATION
515323,Julio Morales,M,2026-01-28,"152,64",Antigua ,Retail
544964, Pablo Perez ,f,2026-02-25,"312,03",Amatitlan,Services
598574,Ana Diaz,f,2026-03-18,279.32,Mixco,Services
520381,lucia perez,f,2026-01-24,"133,04",Escuintla,Food
545343,Mario Lopez ,m,2026-02-03,"144,19",Antigua,food
511589,Patricia Soto, f ,2026-01-18,"114,90",antigua,food
563300, Lucia Perez,m,2026-03-07,113.69,Amatitlan,Food
533192, Oscar Rojas ,f,07/02/2026,105.21,Amatitlan,Education
502729,Rene Soto,f,02/03/2026,372.73,Amatitlan,Food
512816,Ana Diaz, f ,2026-01-01,"74,99",mixco ,Retail
536042,Jorge Castillo,m,2026-03-06,"6693,04",ESCUINTLA,Retail
536777,Patricia Soto,M,2026-02-23,"223,66",Escuintla,Food
563932,Ana Mejia, F ,17/03/2026,445.83,QUETZALTENANGO,Services
538854,MARIA PAZ,f,2026-01-14,"315,77",Antigua,Services
563648,Pablo Perez ,m,2026-03-25,,Escuintla,Retail
521994,Ana Soto,F,19/03/2026,"76,89",GUATEMALA,Education
534377, Oscar Rojas, m ,2026-03-18,"40,87",quetzaltenango,Retail
593632,Ana Diaz ,f,15/02/2026,"421,73",Quetzaltenango ,Retail
548375, jorge castillo, f ,2026-01-27,142.30,Antigua,Retail
549897,jorge castillo ,M,2026-03-01,231.07,Antigua,Services
507327,pedro herrera,m,19/03/2026,"424,51",Mixco,Retail
547964,Oscar Rojas,m,03/01/2026,"182,09",Amatitlan,Retail
568201,LUCIA PEREZ, F ,2026-02-04,442.69,QUETZALTENANGO ,Services
570196, PABLO PEREZ,m,01/01/2026,305.77,Amatitlan,Education
507902,JORGE CASTILLO,f,16/02/2026,"175,47",Guatemala,Food
584345,Lucia Perez,f,2026-02-01,"257,30",Villa Nueva,Education
537111,Luis Garcia,,08/02/2026,228.20,Mixco,food
530756,Julio Morales,m,2026-03-19,412.94,Mixco,Education
506229,Maria Paz ,,25/02/2026,47.59, Villa Nueva,Retail
594036,pedro herrera,M,2026-02-20,"189,01", Escuintla,RETAIL
540023,Lucia Perez,f,2026-02-12,"243,85",Mixco,Food
509549,Rene Soto,M,2026-03-05,"261,12",Guatemala,Services
583842,Rene Soto,m,2026-01-16,177.32, Mixco,Education
568790,  Maria Paz , f ,06/03/2026,358.25,Amatitlan,Services
518006,Ana Mejia, F ,2026-03-22,55.13,villa nueva,Food
523025,Maria Paz, m ,2026-02-18,"8322,62",Antigua,Retail
544950,Ana Diaz,m,28/03/2026,"415,47", mixco,Retail
505108,Ana Soto,F,2026-02-20,270.84,Antigua,food
599748,Ana Mejia,f,21/02/2026,443.59,Escuintla,Education
586731,Jorge Castillo,f,2026-02-23,152.86,Escuintla,Retail
599853,Julio Morales ,m,2026-01-05,221.90,Mixco,Education
505994,Luis Garcia , M ,28/02/2026,194.24,Guatemala,Services
565666, Paola Herrera,F,2026-01-23,213.69, Amatitlan,food
515270,Rene  Soto, M ,08/02/2026,"312,50",Antigua,Education
598384,Carlos Mendez,M,2026-03-24,"169,08",MIXCO,Food
508321, Ana Soto, F ,2026-02-13,"184,03",Mixco,Food
529250, Pedro Herrera,m,16/03/2026,229.02,Villa Nueva,Retail
566213,Pablo Perez ,F,15/03/2026,156.85,Villa Nueva,Education
541537, Ana Diaz ,F,21/01/2026,166.29,Amatitlan ,Retail
581878,Maria Paz,F,14/02/2026,"173,30", AMATITLAN ,Food
564919,Ana Diaz,F,24/02/2026,"315,21",Quetzaltenango,Education
561087,Carlos Mendez,f,2026-02-24,379.54,Mixco,food
561293,Isabel Ramirez, F ,2026-02-13,"5601,06",Villa Nueva,Education
580350,Julio Morales , M ,2026-02-14,"392,01",escuintla,Services
512017,Paola Morales , M ,2026-01-18,,escuintla,Education
582840,OSCAR ROJAS,m,2026-03-20,"353,40",AMATITLAN,Services
580659,Ana Diaz,m,2026-03-24,27.20,Quetzaltenango ,services
513043, jorge castillo,M,2026-02-27,"246,30", Amatitlan,Services
519660,Rene  Soto,M,2026-01-15,43.76,Antigua,Food
567419,Ana Diaz, F ,2026-03-02,"35,35",Escuintla,Services
557352,Rene Soto, m ,2026-02-08,161.88,Amatitlan,Services
535611,Rene Soto,M,23/03/2026,"446,90",Quetzaltenango,Food
596721,Paola Herrera, F ,2026-01-10,440.16,Antigua,Food
585510,Julio Morales,M,2026-03-26,"144,59", Guatemala,Food
562606,Monica Lopez , f ,2026-01-16,426.54,Antigua,Education
596107,Maria Paz ,f,06/03/2026,"27,61",Quetzaltenango,FOOD
555241,Pablo Perez,M,2026-03-01,189.25,Mixco,Food
509347,Mario Lopez,f,2026-01-22,"408,24",Mixco,Education
542983,Ana Diaz,f,2026-02-12,112.47,QUETZALTENANGO,Services
527129, Pablo Perez, m ,2026-02-23,434.46,Quetzaltenango,EDUCATION
573961,Diego Ramirez,M,2026-02-18,"93,65",ANTIGUA,Retail
543156,OSCAR ROJAS,m,06/01/2026,"28,16",Villa Nueva,Education
548303,RENE SOTO,m,09/01/2026,"211,12", Amatitlan,Services
590039, JORGE CASTILLO,m,16/01/2026,"244,52",Escuintla,Education
596809,Monica Lopez, f ,2026-02-08,71.38,antigua,RETAIL
545688,Luis  Garcia, M ,2026-01-21,219.47,Guatemala,Food
543113,Luis  Garcia ,M,2026-01-27,305.67,Quetzaltenango,Services
538850,Pablo Perez, m ,2026-03-16,"256,90",AMATITLAN,Education
508661,Rene Soto, M ,2026-01-25,"213,23",Mixco ,RETAIL
571112,pablo perez,f,2026-02-15,"397,41",Escuintla,Retail
569283,Carlos Mendez , M ,2026-03-18,"314,02",Escuintla,RETAIL
532812,Ana Diaz,F,2026-02-19,7924.81,escuintla,Food
534561,monica lopez,f,2026-01-11,"176,47",Mixco,Services
583818,Isabel Ramirez,F,2026-03-17,"292,54",amatitlan,education
535276,Ana Mejia,f,2026-01-08,348.33,Guatemala,food
533162,Isabel Ramirez, f ,2026-03-11,"127,97", Antigua,RETAIL
540075,Isabel Ramirez,f,2026-01-24,418.85,antigua,retail
592138,Julio Morales,m,2026-01-23,"212,58",MIXCO,Education
561496,isabel ramirez,f,2026-03-20,,VILLA NUEVA,education
553248,Patricia Soto, F ,2026-01-08,"427,91",mixco ,Food
588723,  Luis Garcia, m ,2026-01-01,108.09, antigua,food
568565,Julio Morales,f,21/01/2026,"129,70",Mixco,Food
500555,Monica Lopez,F,17/03/2026,380.03,QUETZALTENANGO,services
531218,PAOLA MORALES, m ,2026-02-15,"375,71",Mixco,FOOD
520632, Rene Soto,M,2026-01-15,299.44,VILLA NUEVA,Food
519749,Oscar Rojas ,M,18/01/2026,"30,26",Amatitlan ,Food
573364,Jorge Castillo,m,2026-03-12,"395,09",Guatemala,Education
500161,Paola Herrera,F,2026-02-09,"434,43",Quetzaltenango,Services
537379,Julio Morales , F ,2026-01-15,"439,64",Guatemala ,Food
568611, Rene Soto,M,2026-01-06,"259,75",Amatitlan,Retail
597233,Carlos  Mendez,,17/01/2026,"156,03",Antigua,Education
515053,Oscar Rojas,M,2026-03-15,"140,31",Amatitlan,Food
579536,Oscar Rojas,M,2026-01-02,238.46,Amatitlan,Food
577378,PEDRO  HERRERA,f,2026-03-09,"374,69",Escuintla,Education
596750,Oscar Rojas,,2026-01-10,"395,27",Guatemala,Food
553438,Ana Mejia, f ,2026-02-11,173.19,Villa Nueva,Retail
558827,Paola Morales,f,2026-02-14,"428,17",Quetzaltenango,Food
573948, Ana Diaz,f,2026-03-07,20.98, quetzaltenango ,Education
501389,Patricia Soto,F,2026-02-25,108.82,Escuintla,Education
573324,Ana Diaz,f,2026-01-07,"63,24",Amatitlan,education
551646,Patricia Soto,M,2026-02-20,373.61,Escuintla,Retail
577558,Ana Diaz,f,2026-02-19,79.03,Escuintla,Food
501332,  Oscar Rojas, m ,03/01/2026,400.29,Guatemala,Services
580766,Carlos Mendez,m,2026-01-20,333.62, Mixco ,Services
574585,Isabel Ramirez ,F,2026-02-22,"306,84",Antigua,RETAIL
570781, Mario Lopez,M,2026-03-19,267.76,quetzaltenango  ,Education
554921,julio morales,M,2026-01-12,144.77,Amatitlan,Education
542002,Lucia Perez,f,2026-03-24,,Villa Nueva ,Food
534094,Oscar Rojas,m,2026-03-26,425.94, Villa Nueva ,Food
521319,Ana Diaz, f ,2026-03-05,384.68,quetzaltenango,Services
577654,diego  ramirez, f ,2026-03-04,,ESCUINTLA,Food
508529,Lucia Perez,f,2026-02-11,224.49,VILLA NUEVA,Retail
531652,Jorge Castillo,m,2026-03-14,"399,19",Amatitlan,Education
521226,ana diaz,f,2026-03-04,"371,57",Amatitlan,Services
515056,Diego Ramirez , f ,2026-03-23,188.50,Escuintla,Food
577167,Pablo  Perez,m,2026-01-16,"68,40",escuintla,Services
509478,Paola Morales,f,15/03/2026,"240,70",antigua,Retail
538344,Paola Morales,M,2026-03-01,70.20,Amatitlan,Food
539590, Ana Diaz ,m,2026-01-17,"120,45",villa nueva,Retail
536389, Patricia Soto ,f,18/03/2026,139.73,QUETZALTENANGO,Food
532699,Jorge Castillo , M ,2026-03-10,108.83,Amatitlan,Food
586605,Pablo Perez,M,09/02/2026,20.73,AMATITLAN,food
511074,PATRICIA SOTO,F,2026-02-15,"193,32", ANTIGUA,food
501047,maria paz,F,2026-03-19,434.97,Escuintla,food
514349,Ana Soto,F,26/03/2026,"43,11", Antigua,Food
556170,pablo perez,,08/03/2026,"173,56",MIXCO ,Retail
582064,Paola Morales,m,2026-02-28,"47,02",  Antigua ,EDUCATION
512814,CARLOS MENDEZ ,m,2026-01-17,"132,98",Amatitlan,Education
585115,Mario Lopez, m ,04/02/2026,"368,80",Mixco ,Education
585370,Mario Lopez ,M,2026-01-11,"377,70",antigua,Education
578475, Oscar Rojas,m,2026-01-18,399.85,Guatemala,Retail
592521,Diego Ramirez,M,2026-02-11,418.75,Villa Nueva,Education
573289,Ana Diaz,F,2026-01-21,"313,85", Mixco,RETAIL
587139,paola morales, F ,05/03/2026,"448,86",Amatitlan,Retail
594421,pablo perez,M,2026-01-28,,Antigua,Retail
525666,LUIS GARCIA , m ,2026-01-08,"374,23",Guatemala ,Services
563257,Luis  Garcia,m,2026-03-04,249.47,VILLA NUEVA ,Food
577219,Mario Lopez ,f,18/02/2026,137.47,Antigua,Services
599687, Diego Ramirez,,2026-03-09,"37,64", quetzaltenango,EDUCATION
506964,Ana Diaz ,F,08/02/2026,110.77,Guatemala,Retail
575296,Patricia Soto,F,25/01/2026,306.54, Guatemala ,Services
554295,Oscar Rojas, F ,2026-02-15,67.67,Quetzaltenango,Retail
561144,julio morales,f,04/01/2026,"376,52",Guatemala,Services
514702,Ana Mejia,F,2026-01-10,181.75,ANTIGUA ,Retail
518532, Luis Garcia,m,2026-01-06,287.61,Mixco,food
516166,Ana  Diaz,f,2026-02-24,31.38,Escuintla,Education
559461,Ana Diaz, F ,2026-02-23,263.72,Villa Nueva,Services
560897,Oscar Rojas , m ,2026-01-13,212.17,QUETZALTENANGO,retail
562572,Patricia Soto,f,2026-02-01,356.79,Quetzaltenango,Retail
573344,Rene Soto,M,2026-03-25,"113,76",ANTIGUA ,Food
524055,pablo perez , f ,10/01/2026,300.11,amatitlan ,Services
581826,Rene Soto,f,2026-02-18,125.09,Guatemala ,Education
528729,Ana Soto, f ,2026-03-13,141.89,Antigua,retail
566164,Maria Paz,F,02/03/2026,341.38,Guatemala,Retail
506968,Paola Morales,M,2026-01-05,59.26, Mixco,Retail
528148, LUIS GARCIA, M ,2026-03-05,"387,98",Villa Nueva,Education
509777,Monica Lopez,f,2026-01-04,95.96,Guatemala,Food
570637,Paola Herrera,f,27/03/2026,100.67,Mixco ,Education
511677,ANA SOTO,F,2026-03-08,358.77,Quetzaltenango,Food
548952,Diego Ramirez, m ,11/03/2026,76.26,Amatitlan ,Education
538191,Ana Mejia, f ,2026-03-23,"349,90",Escuintla ,Food
509790,Maria Paz, M ,2026-03-23,215.98,Amatitlan,food
565264,Maria  Paz, F ,2026-02-08,389.13,Quetzaltenango,education
581946,  Julio Morales,m,2026-01-26,198.78,MIXCO,Services
529618,rene soto, m ,2026-01-20,175.86,Mixco,Retail
546621,Lucia Perez ,m,2026-01-24,346.44,Escuintla ,Services
529513,LUCIA PEREZ, f ,07/01/2026,81.69,Antigua ,Retail
530932,Maria Paz ,f,02/01/2026,20.62,Villa Nueva,Retail
520732,Isabel Ramirez, m ,2026-03-25,"94,00",Antigua,Education
503991,Luis Garcia,m,2026-01-12,248.53, Quetzaltenango,Retail
587143,Oscar Rojas ,m,12/02/2026,"341,35",Guatemala ,Services
585095,DIEGO RAMIREZ, m ,2026-02-24,261.44,Amatitlan,Retail
519062,Mario  Lopez, m ,16/01/2026,"39,61",Mixco ,Education
566394, Monica Lopez, f ,2026-01-16,189.94,Mixco,Retail
511733,Luis Garcia,m,2026-01-16,"74,67",amatitlan,Education
547134, Carlos Mendez , m ,26/01/2026,401.57,Antigua,Education
547791,OSCAR ROJAS, m ,2026-02-02,33.80,Mixco ,Education
507188,Monica Lopez , F ,2026-01-18,"67,57",Quetzaltenango,Education
567114,Ana Soto,F,23/03/2026,184.68,QUETZALTENANGO,Food
507851, Carlos Mendez,F,2026-03-11,"266,45",Escuintla ,SERVICES
533154,Julio  Morales, m ,2026-03-28,"364,37", Guatemala,Services
540554,Ana Diaz,M,2026-02-13,103.75,Guatemala,Retail
570705,Rene Soto,F,2026-01-28,"374,61",Amatitlan,retail
518224,Paola Morales,f,2026-02-20,"364,21",guatemala,Retail
560264,Isabel Ramirez, F ,2026-03-26,57.37,Villa Nueva ,food
538376,oscar rojas,f,2026-03-11,316.01, Guatemala ,Retail
518088,Lucia Perez, f ,08/02/2026,"383,48",null,Food
512774,Paola Morales,F,2026-03-12,,Escuintla,Education
518105,Diego Ramirez,M,2026-02-12,349.79,escuintla,RETAIL
597115,Jorge Castillo,F,2026-03-22,"8698,02",Guatemala,Retail
533900,Carlos  Mendez,m,2026-02-25,419.86,Mixco,Retail
551242,Ana Mejia, f ,2026-01-09,77.91,Mixco,Education
596307,Luis Garcia ,m,2026-03-23,172.18, Villa Nueva,Services
503030, PATRICIA SOTO , f ,2026-01-22,"400,17", Villa Nueva ,Retail
525275, JORGE CASTILLO,M,02/03/2026,,MIXCO,Services
564061, julio morales,,25/01/2026,"256,96",Escuintla,Services
535693,Carlos Mendez,m,2026-02-13,"258,26",Antigua,Education
523509, Pedro Herrera , m ,27/02/2026,"387,59",Guatemala ,education
502674,lucia perez,f,2026-01-11,"38,05",VILLA NUEVA ,EDUCATION
503443,PABLO PEREZ,m,27/01/2026,"28,61",Quetzaltenango,Services
531966,Rene Soto, m ,21/03/2026,347.01,Amatitlan,Education
579845,Julio Morales, m ,2026-01-28,150.48,Escuintla,education
561124,Rene Soto,m,2026-01-22,177.68,Antigua,Services
579777,Paola Morales, F ,2026-02-22,"190,52",N/A,Education
512394,jorge castillo , m ,2026-03-27,"287,45",mixco,food
506973, Paola Herrera,f,11/02/2026,"344,00",Escuintla,Services
599453,Monica Lopez,m,2026-01-28,"243,09",Guatemala,retail
588181,Maria Paz,m,2026-01-19,"171,03",Guatemala,Services
532410,JORGE CASTILLO,m,09/02/2026,388.60, QUETZALTENANGO ,EDUCATION
528513,monica lopez, f ,2026-03-26,,Escuintla,Food
570544,Pedro Herrera,m,2026-02-16,209.55,Quetzaltenango,Services
554642,Ana Soto,M,2026-03-02,434.78,Amatitlan,Education
523814,Isabel Ramirez, F ,2026-01-01,"240,43",Amatitlan,Education
525084,OSCAR ROJAS, m ,2026-01-27,"303,93",mixco,Services
527569,Lucia Perez, m ,2026-02-09,"4628,55", Quetzaltenango,Food
581104,Paola Herrera,M,2026-02-22,"281,12", Guatemala,Services
547436,Pablo Perez ,F,2026-01-20,"68,33",Villa Nueva ,Education
531635,Rene Soto, m ,2026-03-05,, Escuintla,Retail
598253,Pedro Herrera, m ,2026-01-12,"438,91",Mixco,FOOD
536702, Ana Mejia, f ,2026-01-15,323.09, Villa Nueva ,Education
574518,DIEGO RAMIREZ, m ,2026-01-24,124.07,AMATITLAN,Education
554198,Ana  Soto ,f,2026-02-01,,Mixco,Education
572383,Jorge Castillo, M ,24/02/2026,215.84,Guatemala,Education
578213, Lucia Perez,f,2026-02-07,302.14,Amatitlan,Food
526643,Paola Herrera, f ,2026-01-07,"399,81",  Mixco,Food
555995,Paola Morales,M,06/01/2026,167.73, Guatemala,Food
568827,Lucia Perez ,F,21/01/2026,"292,00",mixco,EDUCATION
551455, Patricia Soto, M ,2026-02-07,"268,53",Escuintla,Food
592928,LUCIA PEREZ,,2026-01-18,"421,17", Villa Nueva,retail
517827,Luis Garcia,m,09/02/2026,178.52,Escuintla ,Food
587539,Oscar Rojas,m,2026-03-24,"253,26",Villa Nueva,Retail
513396,Paola Herrera,f,2026-03-22,"83,73", Villa Nueva,Services
521686,Paola Morales, F ,2026-01-05,400.38,Villa Nueva,RETAIL
563095,Maria Paz,F,2026-02-23,"404,53", Guatemala,EDUCATION
502542,Luis  Garcia,f,27/01/2026,222.77,AMATITLAN,SERVICES
555488,Pablo Perez,m,2026-02-12,434.97,Amatitlan,Education
555548,Lucia Perez,F,03/02/2026,"408,94",QUETZALTENANGO,Education
562808,Monica Lopez ,m,2026-02-18,"426,40", Quetzaltenango ,Retail
514382,Julio Morales,m,2026-03-13,280.89,Antigua,Services
548018,PAOLA MORALES, f ,2026-03-02,,Villa Nueva,Services
511866,Diego Ramirez,m,2026-02-01,"141,83",guatemala  ,SERVICES
550982,Diego Ramirez,f,2026-02-10,"68,68",Villa Nueva,Retail
528565,Paola Herrera,f,2026-01-07,295.72,QUETZALTENANGO,Services
514925,Mario Lopez, m ,2026-03-08,324.42,VILLA NUEVA,Retail
545104,Jorge Castillo,F,2026-03-19,368.75,Villa Nueva,Services
586885,Lucia Perez,f,2026-02-24,"203,65",Mixco,EDUCATION
532789,Maria Paz, F ,2026-02-12,"324,93",Escuintla,Retail
527127,Jorge Castillo , m ,18/03/2026,"325,11",  Amatitlan,EDUCATION
540638,Ana Mejia,f,2026-03-01,224.16,Quetzaltenango,Education
508502,Mario Lopez, m ,2026-02-25,"118,27",Antigua,Services
590410,isabel  ramirez, F ,2026-03-17,68.03,Guatemala ,Education
598695,DIEGO RAMIREZ,M,2026-02-04,"155,99", Amatitlan,EDUCATION
595827,MONICA LOPEZ,f,2026-02-19,"365,79", Villa Nueva ,RETAIL
533798,Jorge Castillo,m,2026-02-13,398.06,Guatemala,Services
559140,Carlos Mendez, F ,2026-01-24,"332,83",Villa Nueva,Food
524382, ana soto, f ,28/01/2026,"140,49",Villa Nueva ,Food
588246, Julio Morales, m ,2026-01-28,"314,55",AMATITLAN,Education
563618, Maria Paz,f,22/03/2026,,Mixco ,Education
539138,Oscar  Rojas ,m,2026-02-14,"318,00", Guatemala,Food
519192,Julio Morales,f,2026-01-27,,Amatitlan,food
587118,Julio Morales ,m,07/03/2026,"60,64",Antigua,Food
576964,Pablo Perez,M,15/03/2026,199.03,Guatemala ,Education
539276,MARIO LOPEZ , f ,2026-02-11,"131,22",villa nueva,Education
569106,Paola Morales,f,2026-01-20,45.03,Amatitlan,Services
558701, Ana Mejia, f ,2026-03-23,307.81, Escuintla,Food
577220,Pablo  Perez,m,2026-03-04,205.77,Guatemala,RETAIL
527159,Paola Herrera,F,2026-02-27,281.91,Amatitlan,Retail
563665,  Monica Lopez,F,2026-02-04,"145,02",ANTIGUA ,Education
509289,Patricia Soto,f,18/03/2026,426.27,Guatemala,Services
507720, Isabel Ramirez,F,2026-01-25,,Mixco ,Retail
510925,Paola Morales,m,2026-02-09,"409,15",Guatemala ,Education
576456,Rene  Soto,m,2026-02-01,47.01,Amatitlan,Education
592410,paola herrera,,2026-01-07,"418,42",ESCUINTLA,services
593877,Ana Mejia,f,14/01/2026,29.07,Escuintla,Services
510846,Oscar Rojas,m,2026-03-22,"370,96",Villa Nueva,RETAIL
584715,Diego Ramirez,F,2026-03-15,"167,92",Quetzaltenango,RETAIL
565887,Pablo Perez,m,2026-03-13,411.98,QUETZALTENANGO,services
591025,Monica Lopez, F ,2026-03-13,173.57,GUATEMALA ,retail
517397,Ana Soto, M ,2026-01-17,414.11,Villa Nueva,Retail
513539,Patricia Soto , m ,23/02/2026,34.53, villa nueva ,Services
587936,Carlos Mendez, M ,2026-02-03,"273,22",escuintla,Services
521068, Paola Herrera,f,2026-03-01,"143,33", Mixco ,Education
521618,Paola Herrera,F,2026-03-04,"403,57",Mixco,Retail
551789,Jorge Castillo, M ,22/02/2026,"39,79",Amatitlan ,Education
563024,Julio  Morales,m,27/03/2026,"218,62",Villa Nueva,Food
547762, Luis Garcia,m,12/01/2026,248.37,Escuintla,Education
597537,PAOLA HERRERA, f ,2026-02-23,67.67,Mixco,Education
542272,Carlos Mendez,M,2026-03-13,156.06, guatemala,Retail
563432,Maria Paz, f ,2026-01-10,"359,86",antigua,Retail
547865,lucia perez,,2026-02-14,220.68,Villa Nueva,Retail
570710,LUCIA PEREZ,F,20/02/2026,"294,63",VILLA NUEVA,Services
571768,maria paz ,f,2026-03-08,"346,83",QUETZALTENANGO ,Food
583223,Lucia Perez , m ,2026-01-27,238.53,MIXCO,Food
501026,paola morales,f,2026-02-26,"369,59",amatitlan,Retail
544552,Patricia Soto, m ,2026-02-15,218.90,Escuintla,Education
521336, PEDRO HERRERA,m,2026-02-03,202.95,Villa  Nueva,Education
580647,Pedro Herrera, M ,2026-02-27,"346,96",Escuintla,Services
580494, Carlos Mendez,M,2026-01-20,"263,76",Antigua,Services
529691,Pedro Herrera, F ,2026-02-24,"205,81",Antigua,Food
519329,Maria Paz,F,2026-02-16,381.71,Escuintla,Food
557005,Monica  Lopez,f,12/02/2026,"356,42",Mixco,Education
581939,Julio Morales,m,2026-01-16,337.64, Guatemala,Services
519399,Monica Lopez , f ,2026-03-08,"48,36",Villa Nueva,Retail
552138,Ana  Diaz , F ,03/03/2026,"370,60",Quetzaltenango,EDUCATION
588146,Pedro Herrera,m,22/03/2026,127.92,Mixco,Retail
580785,ana mejia, f ,2026-02-18,"78,88",Antigua,Services
529598,Mario Lopez, m ,2026-02-23,"215,48",Guatemala ,Services
535916,MARIA  PAZ,F,07/02/2026,288.93,Mixco ,Food
530484,Luis Garcia, f ,2026-03-04,"328,04",Amatitlan,Education
581570,rene soto, f ,2026-03-17,"264,41", Escuintla,FOOD
560541,Luis Garcia,M,2026-01-16,, Amatitlan,food
596191,Mario Lopez ,,10/03/2026,"396,22",Villa Nueva,services
542460,Pedro  Herrera, F ,16/01/2026,263.10,Escuintla,Retail
556356,Oscar Rojas ,M,2026-02-05,423.37,  quetzaltenango,Services
564807,Ana Diaz ,f,2026-01-09,"434,23",Mixco,Food
544352,LUCIA PEREZ, m ,08/01/2026,167.73,Escuintla  ,Education
579716,Paola Morales,F,2026-03-22,35.88,Amatitlan,FOOD
565224,Carlos Mendez, m ,2026-03-05,"57,35",ANTIGUA,Food
546634,Monica Lopez,f,2026-03-21,"36,33",Mixco,Food
512569,Mario Lopez ,F,27/03/2026,"49,77",Villa Nueva,Retail
541693,Pedro Herrera, m ,2026-01-26,32.19,Amatitlan,EDUCATION
519069,RENE SOTO, m ,2026-01-05,45.41,Mixco,Retail
576819,Ana Mejia,f,2026-01-25,"442,18",Quetzaltenango,EDUCATION
530817,Maria Paz ,f,28/02/2026,296.36,villa nueva,Services
554151,Diego Ramirez,m,04/01/2026,"131,61",Mixco,Services
546510,Rene Soto,f,18/01/2026,145.31,Escuintla ,Food
504715,Rene Soto,m,2026-03-09,56.86,Amatitlan ,Education
512299,rene soto,m,13/01/2026,127.50,Amatitlan,Food
538024,Ana  Diaz,f,2026-01-06,"165,73",Mixco,Retail
595998,DIEGO RAMIREZ,m,2026-01-19,7292.65,Quetzaltenango,SERVICES
590958, diego ramirez, m ,2026-02-09,334.32,Antigua,Retail
524845,Paola Morales, f ,2026-02-06,"30,64", ANTIGUA,FOOD
508327,Pablo Perez,m,23/01/2026,309.61, Mixco,Education
516650,Oscar Rojas, M ,12/02/2026,368.79, Antigua,Retail
513908,Lucia Perez,f,2026-02-21,195.59, Amatitlan,Education
528271,Paola  Morales,f,2026-02-26,154.91,Escuintla,Retail
590565, Patricia Soto,f,17/02/2026,175.29, Quetzaltenango ,Retail
589360,Oscar Rojas, m ,2026-02-17,299.29,Escuintla,Education
554689, Oscar Rojas, M ,2026-01-16,8713.39,Escuintla,education
598210,Diego  Ramirez,M,2026-03-07,134.28,Villa Nueva ,Education
562415,Carlos  Mendez,m,2026-02-19,418.16,Escuintla,Services
556659,Pablo Perez , f ,2026-02-01,"154,81",Guatemala,Retail
599113,Oscar Rojas,f,15/03/2026,"138,02",Mixco,Education
511107,carlos mendez,F,2026-02-14,364.14,NA,FOOD
551982,Lucia Perez, f ,2026-03-25,,Escuintla ,Services
582348,julio  morales,M,2026-02-28,102.27,Guatemala,food
568341,Maria Paz, F ,26/02/2026,"315,30",Antigua,Services
500539,ANA DIAZ,f,2026-02-13,295.25,Villa Nueva,Services
554690,Jorge  Castillo, m ,2026-02-14,"330,06",Guatemala,Retail
514313,Mario Lopez, m ,2026-01-10,195.95,Quetzaltenango ,Services
511621,luis garcia, F ,2026-01-17,"6661,18",amatitlan,Education
511065, Mario Lopez, m ,2026-03-26,"42,94",Antigua,Food
547398, Pedro Herrera,m,22/01/2026,153.01,Amatitlan,FOOD
597228,Diego Ramirez, m ,16/01/2026,237.11,QUETZALTENANGO ,Services
513404,Isabel Ramirez,F,2026-02-09,"25,77", AMATITLAN,Services
578958,Luis Garcia,M,14/02/2026,"433,40",Amatitlan,Food
575290, Diego Ramirez,m,2026-02-28,"308,83",Quetzaltenango,Retail
505792, Ana Soto,f,2026-02-07,367.88,Villa Nueva,Retail
515575,Paola Morales,f,2026-02-25,,Amatitlan ,Services
544920,Isabel Ramirez, f ,2026-01-25,440.20,Antigua,Services
595659,Paola Morales,f,2026-01-26,"305,84",Quetzaltenango,Services
543143,Ana Soto, f ,15/02/2026,"367,27",guatemala,Retail
599909,Diego Ramirez , f ,2026-02-02,"115,85",mixco ,Retail
505721, Diego Ramirez, m ,25/02/2026,371.29, Mixco,Education
580730,ANA MEJIA,,14/03/2026,"48,22", Antigua,Services
534105,PAOLA HERRERA,f,2026-01-11,424.90,VILLA NUEVA,Food
534051,Ana Soto, F ,2026-03-01,"102,51",Antigua,Services
589218,ANA MEJIA,f,2026-01-18,"249,57",Antigua ,FOOD
598076,Paola Morales,f,2026-01-28,61.98,Amatitlan,Services
531589,Oscar Rojas, m ,2026-01-24,"237,22",AMATITLAN,FOOD
524202,Pablo Perez,m,2026-03-13,293.72,Guatemala,Retail
510716, Paola Herrera , f ,22/02/2026,22.68,Mixco,education
589184,Carlos Mendez, M ,2026-02-22,181.65,Guatemala,services
597490,Julio Morales,M,2026-03-13,"164,82",Mixco ,Services
586485,  Ana Diaz, f ,2026-03-05,"399,51",VILLA NUEVA,Services
581227,Paola Herrera,,2026-03-17,351.32,Quetzaltenango,Education
526265,Carlos Mendez,M,08/01/2026,4555.15,Antigua ,Retail
582172,Ana Mejia, f ,2026-03-07,"31,95",Mixco,FOOD
514496, Ana Soto ,f,2026-01-04,"28,12",quetzaltenango,EDUCATION
528679, Pedro Herrera, f ,2026-03-15,439.91, Villa Nueva,services
548163,patricia soto, F ,2026-02-15,163.89,Amatitlan,Education
562146,Pedro Herrera,f,2026-03-23,"356,64",Guatemala,Retail
538793,Rene Soto,f,24/02/2026,344.31,Villa Nueva,Retail
522861, Julio Morales,m,2026-02-12,240.91,Quetzaltenango,Education
563983,Jorge Castillo,m,2026-02-24,"353,46",Escuintla ,Retail
535320,MARIO LOPEZ,f,2026-02-24,217.90,Escuintla,Education
531212, Mario Lopez, f ,2026-01-13,"190,36", VILLA NUEVA,services
520879,Ana Mejia ,f,07/02/2026,159.37,Guatemala,services
566342,Lucia Perez, m ,2026-02-01,38.72,Villa Nueva,Food
558294,Lucia Perez,m,2026-02-11,"394,64", quetzaltenango,Food
549521,Diego Ramirez ,m,2026-02-13,242.19,Mixco,Education
564656,patricia soto, F ,03/02/2026,153.58, Amatitlan ,Retail
565583,ana mejia,f,2026-01-24,"107,73",Guatemala,Food
567705,PEDRO HERRERA,F,2026-03-11,"278,65",QUETZALTENANGO,services
579768,Patricia Soto, f ,2026-03-23,"57,69",Antigua ,Education
579002,Paola Herrera, m ,2026-03-17,"8233,76",Amatitlan,FOOD
507922,Maria Paz , F ,19/03/2026,197.20,Escuintla,services
545127,Maria Paz ,F,2026-02-02,76.24,Amatitlan,Education
538940,Paola Herrera ,f,2026-02-21,"116,06", Mixco,Services
584086,Paola Morales, f ,2026-01-26,361.78,Mixco,Services
588369,ana diaz,F,12/01/2026,"71,97",Antigua,Food
559718,diego  ramirez, m ,2026-01-27,"406,46",N/A,Retail
553579,Diego Ramirez,F,2026-01-26,27.25,Escuintla,Services
531548,Patricia Soto,F,2026-01-28,"191,72",Quetzaltenango,food
565538,Maria Paz, F ,06/02/2026,51.16,Quetzaltenango,retail
510472,Patricia Soto ,F,22/03/2026,"41,31",escuintla,Education
570430,Isabel Ramirez,F,2026-01-08,321.63,ESCUINTLA,Food
580700,LUCIA PEREZ, M ,15/02/2026,"4853,93",Guatemala ,FOOD
516293,patricia soto, M ,2026-01-11,251.58,Guatemala,Retail
540486,Oscar Rojas, M ,04/02/2026,"72,30",Mixco,Education
528251,Pablo  Perez, m ,2026-02-27,"310,56", Villa Nueva,Education
565801,Pedro Herrera,m,09/02/2026,78.40,Antigua,SERVICES
589313,Oscar Rojas, F ,2026-01-23,"160,40",Antigua,Services
546458,Diego Ramirez,m,2026-03-13,,Guatemala,Services
574569,Julio Morales,m,2026-03-21,"371,31",Villa Nueva,Services
579024,Paola Herrera,M,27/03/2026,"213,23",Mixco,Retail
558614, Ana Diaz,f,2026-01-04,"267,24",Mixco,Services
594921,Carlos  Mendez, m ,2026-02-08,310.83,Villa Nueva,Education
513974, rene soto, m ,2026-03-19,347.22,Guatemala,Education
510824,Ana Diaz,m,2026-02-07,"138,79",Amatitlan,Education
520573, Isabel Ramirez ,F,2026-01-08,"205,88", Mixco,Education
559062,Ana Diaz,,2026-03-13,409.79,Amatitlan ,Education
519739,monica lopez, f ,2026-02-23,"399,20",Quetzaltenango,Services
500197,Ana Soto,F,2026-01-22,"73,19", Mixco,Food
581837,Isabel Ramirez,F,2026-01-09,332.18,ANTIGUA,EDUCATION
510210,Oscar Rojas,m,2026-01-09,"67,76", Quetzaltenango,Education
526805,Patricia Soto, F ,2026-03-27,304.62, Mixco,Retail
595093,RENE SOTO,m,04/01/2026,323.53,amatitlan,Services
551602, Oscar Rojas, m ,2026-02-06,195.98,Quetzaltenango,EDUCATION
580390,JULIO  MORALES, m ,2026-03-06,"333,13",Mixco,Retail
510844, Oscar Rojas,m,2026-01-02,373.33,Villa Nueva,Retail
594756,Julio Morales, m ,22/03/2026,"280,31",Quetzaltenango,SERVICES
555042,maria paz, f ,2026-02-26,"60,43",Amatitlan,Services
586846,Maria Paz,F,2026-01-26,,Escuintla,Services
575767,ana soto, f ,2026-01-22,"72,99",  Villa Nueva,Food
507875,ana mejia, f ,2026-02-06,, ANTIGUA,Retail
569352,Pablo Perez,f,14/01/2026,"434,52",Mixco,Services
590289,Pedro Herrera, m ,22/03/2026,294.82,Mixco,Food
553207,Patricia Soto, F ,05/02/2026,431.52,Escuintla,Food
541316,CARLOS  MENDEZ,m,2026-02-10,"428,67",Mixco,Services
501823,pedro  herrera,m,2026-02-28,334.93,Guatemala,Food
582151,Lucia Perez,f,2026-03-03,314.14,Mixco,Retail
548902,Jorge Castillo, m ,19/03/2026,398.55,Antigua,Services
587536,Luis Garcia,F,2026-02-17,5208.42,Guatemala,Retail
517446,MARIO LOPEZ, m ,2026-01-04,"127,54",Mixco,education
542263,Luis Garcia,m,2026-01-12,"288,37",quetzaltenango,Education
598733,Oscar Rojas ,m,2026-03-05,198.31,Mixco,Retail
501891,maria paz,,2026-01-26,336.95,MIXCO,Services
503907, Lucia Perez, M ,2026-01-22,"273,33",Mixco,RETAIL
593630,Pablo Perez , M ,2026-02-04,198.05,Guatemala,Services
505751,Maria  Paz,F,2026-01-01,334.16,VILLA NUEVA,Food
598634,Paola Herrera,f,2026-03-15,351.41,Villa  Nueva,Retail
582032, Oscar Rojas,m,2026-03-14,"411,70",Antigua ,EDUCATION
514433,Luis  Garcia,f,15/02/2026,448.83,Antigua,Services
538919,Diego Ramirez,m,2026-03-22,152.61,Mixco,Food
535107,RENE SOTO,F,2026-03-01,"414,25",Quetzaltenango,RETAIL
586350,Oscar Rojas,F,2026-03-26,"339,14",  Villa Nueva,Food
501086,carlos mendez,f,2026-02-12,"335,72",Quetzaltenango ,Food
528522,  Pablo Perez ,m,01/03/2026,259.55,Antigua,Education
539341,Ana  Soto,f,2026-02-26,31.61,Amatitlan,education
585976, Diego Ramirez , m ,2026-02-21,"209,45",guatemala,Education
557964, Carlos Mendez,m,2026-02-07,61.11,escuintla,Food
590850,Ana Diaz,m,2026-03-16,"344,34",Guatemala,Services
543526,maria paz,m,15/03/2026,206.59,quetzaltenango,Retail
538406,Mario Lopez,,2026-03-01,"350,79",Antigua,Services
529430, Luis Garcia,f,2026-01-20,, GUATEMALA,Education
521269,ana diaz, f ,05/02/2026,223.43,Quetzaltenango,services
587536,Luis Garcia,F,2026-02-17,5208.42,Guatemala,Retail
518373,Paola Herrera, m ,12/01/2026,321.15,Mixco,retail
598468,Monica Lopez, m ,25/03/2026,"6415,49",Mixco,Retail
538565,Mario Lopez,m,20/02/2026,,Guatemala,education
552963,Ana Soto, m ,14/01/2026,39.50,Amatitlan,Retail
579232, Maria Paz,F,2026-01-18,"31,66",Guatemala ,Retail
552203,Pablo Perez,m,2026-03-08,"134,26", Quetzaltenango,Education
566556,RENE SOTO,m,09/03/2026,395.12,Mixco,Retail
500894,Oscar  Rojas,M,24/01/2026,"216,38", Guatemala,Education
577813,Maria Paz,m,2026-01-12,"6064,96",Quetzaltenango ,Food
531889,Mario Lopez,M,2026-01-13,163.13,Escuintla,Food
598654,Pablo Perez,m,13/02/2026,"63,90",Villa Nueva,Education
550659,Ana Soto,,2026-02-13,428.46,Mixco,Food
523271,Mario Lopez, m ,15/02/2026,59.66, Quetzaltenango,Services
529374,Maria  Paz, f ,2026-01-12,"4025,00",Mixco,Retail
543455,Carlos Mendez ,f,2026-02-20,37.67,Antigua,retail
581992,ISABEL RAMIREZ,f,17/03/2026,"180,73",Villa Nueva,Food
578362, Maria Paz ,F,2026-03-24,"353,92", Amatitlan,SERVICES
507053,Pablo Perez, m ,2026-02-22,392.30,  Villa Nueva,Services
564766,Jorge Castillo,m,2026-03-18,"101,82",Guatemala,Food
548578,Patricia Soto, M ,2026-01-12,137.81,Guatemala ,RETAIL
515190,maria paz , F ,2026-03-21,"206,33",Antigua,Food
501562,Ana  Soto,F,2026-01-06,155.38, ESCUINTLA,Services
580919, Pedro Herrera, m ,2026-02-26,"250,52",Amatitlan ,Retail
508238,Ana Diaz,f,2026-01-09,176.01,Quetzaltenango,Education
537435,Pedro Herrera,m,04/02/2026,"448,98", Escuintla,Services
561750,Patricia Soto, m ,2026-03-11,"373,90",  Mixco,Retail
538311,Ana Mejia,f,2026-03-13,388.33,Amatitlan,Food
524982,Pedro Herrera,f,2026-02-22,"282,46",Escuintla,Retail
529931, Carlos Mendez ,f,2026-02-09,139.55,Mixco,Food
587149,isabel  ramirez,f,2026-03-10,399.82,Mixco,Services
514459,monica lopez,F,2026-01-26,193.35, Escuintla ,Services
516048,isabel ramirez, F ,2026-03-08,341.75,villa nueva ,Education
560257,Ana Soto, f ,17/02/2026,443.35,Escuintla,RETAIL
503263,ana soto, F ,2026-02-12,71.81,Escuintla,Education
568848,Jorge Castillo, m ,2026-01-24,94.28,Mixco  ,food
580331,Maria Paz,f,2026-01-11,"70,72", quetzaltenango,Services
530949, Patricia Soto,M,2026-02-27,417.70,Mixco,Food
576685,Paola Herrera, F ,08/01/2026,"299,89",Mixco ,Food
506191,Diego Ramirez,m,2026-02-02,"91,88",AMATITLAN ,SERVICES
509051,Mario Lopez,,2026-02-23,"201,77",VILLA NUEVA,Food
572578,Oscar Rojas , m ,2026-03-16,317.36,Quetzaltenango,Retail
501003, Isabel Ramirez ,f,2026-01-19,416.41,QUETZALTENANGO,Education
522769,ana mejia, F ,09/02/2026,"206,77",Quetzaltenango ,Services
599496,Pedro Herrera,m,2026-03-04,"70,45", Amatitlan,Retail
557945,Jorge Castillo,m,2026-03-06,"60,64",Escuintla,Retail
585141,Pedro Herrera, M ,03/01/2026,306.22,Amatitlan,Education
588104,PATRICIA SOTO , F ,2026-02-06,"241,02",Quetzaltenango,Retail
535941,Diego Ramirez,m,18/01/2026,"153,67", Antigua,RETAIL
599553,Luis Garcia ,M,20/03/2026,"68,66",Antigua,education
599472,Oscar Rojas, m ,2026-01-28,"316,99",Escuintla,Retail
573550,Pablo Perez, m ,2026-01-18,283.14,Amatitlan,retail
519172, Ana Soto,m,10/01/2026,"386,16",ANTIGUA,Food
597544,Paola Morales,,2026-03-03,"22,29",Escuintla,Retail
518514,Mario Lopez,f,2026-03-10,131.93, Escuintla ,FOOD
531096,Jorge Castillo,M,2026-01-11,"71,66",Villa  Nueva,Food
557397,Maria Paz, F ,2026-01-14,373.23,Guatemala,Food
572942,Oscar Rojas,M,2026-03-21,,Villa Nueva,Services
549806,Ana Mejia, f ,2026-02-04,"85,39",Quetzaltenango,Food
539581, Pedro Herrera,f,2026-01-13,255.95,antigua,Food
539554,Monica Lopez,F,2026-01-17,403.34,Villa Nueva,SERVICES
515982,Oscar Rojas,m,2026-01-08,"192,93",VILLA NUEVA,Education
519126,Oscar Rojas,m,2026-03-04,163.96,Guatemala,Services
522404,Pablo Perez, m ,23/03/2026,"194,49",villa nueva,education
524305,Julio  Morales, f ,2026-02-01,"280,96",Quetzaltenango,Education
524368,PAOLA MORALES, f ,2026-02-07,102.35,Amatitlan,Services
566988,Mario Lopez ,m,2026-02-18,"329,40",VILLA NUEVA,Retail
576030,Ana Mejia,m,2026-01-27,"388,01",GUATEMALA,Education
518773,Patricia Soto,m,2026-02-12,257.52,guatemala,Food
523594,Lucia  Perez,f,19/03/2026,"225,89",Amatitlan,Retail
557945,Jorge Castillo,m,2026-03-01,"60,64",Escuintla,Retail
537717,Paola Herrera, M ,2026-03-10,273.29, AMATITLAN,SERVICES
593059,Diego Ramirez, f ,2026-01-07,321.68,ANTIGUA,services
570197,Paola Morales,M,14/03/2026,147.65, Antigua ,FOOD
588031,Ana Diaz ,f,23/01/2026,,Villa Nueva,Services
574003,Patricia Soto,F,2026-01-17,43.14,ESCUINTLA,Food
535040,Pedro Herrera,m,09/03/2026,"198,85",Escuintla ,Retail
530484,Paola Morales,F,2026-01-14,"180,82",Guatemala,Services
598663,Jorge Castillo, f ,25/02/2026,"191,17", Escuintla,Education
513409,Isabel  Ramirez, f ,2026-01-23,"449,00",Antigua,services
580536,Diego Ramirez ,M,2026-03-01,"418,16",escuintla,FOOD
577889,Oscar Rojas, f ,2026-02-25,"277,72",null,Food
592626,Jorge Castillo, F ,2026-03-12,"62,30",Escuintla,Food
503168,Ana Soto,F,2026-03-15,388.89,ANTIGUA,retail
553621,Paola Morales , f ,2026-03-11,200.48,quetzaltenango,Education
539452,Maria Paz,F,2026-02-24,229.13,Antigua,EDUCATION
536022,Isabel Ramirez,f,2026-03-25,"385,75", Antigua,RETAIL
588659,Ana Mejia, m ,2026-03-20,288.97, villa nueva ,Services
503335,patricia soto , m ,17/03/2026,183.05,Mixco,Education
586964,Monica Lopez, F ,09/03/2026,"92,88",GUATEMALA,Services
535877,Rene Soto, m ,2026-02-17,54.27, Escuintla,Food
532187, Pedro Herrera, M ,2026-03-15,"168,75", Guatemala ,Retail
507907,Jorge Castillo,M,2026-01-07,"416,26",Amatitlan,RETAIL
584717,lucia perez,F,12/01/2026,"236,02",Quetzaltenango ,Education
508039,Carlos  Mendez, M ,2026-02-16,"233,27",Antigua,Services
576697,Pedro Herrera,m,2026-01-13,"350,81",VILLA NUEVA,Retail
597495,isabel ramirez, m ,2026-01-12,"439,73", Mixco,Education
553113,Rene Soto,m,2026-01-18,"114,96",Villa Nueva,Education
550836,Paola  Herrera, m ,2026-03-15,"406,09",Amatitlan ,food
578132,Ana Soto,m,2026-03-21,"306,07",amatitlan,Education
544488,Jorge Castillo, m ,2026-03-21,"250,03",Amatitlan,Food
531144, Ana Diaz,,2026-02-26,395.18,mixco,EDUCATION
525665,Jorge Castillo,f,2026-01-23,"310,03",Amatitlan,Services
543533, MARIO LOPEZ,M,2026-01-13,194.94,MIXCO,Services
570312,ANA MEJIA,f,2026-02-17,"215,64",Guatemala,Education
559834,Jorge Castillo, m ,21/02/2026,"422,84",mixco,SERVICES
530009,Isabel Ramirez,,2026-02-11,,Guatemala,Food
545493,Paola Herrera,F,2026-02-01,"262,56",ESCUINTLA,Retail
538093,Lucia Perez, f ,2026-01-02,137.88,Escuintla,Retail
557619,Lucia Perez,F,10/02/2026,196.03,Antigua,Education
551157,isabel ramirez, f ,2026-01-02,"374,85",Guatemala,Retail
580460, carlos mendez ,M,2026-01-04,264.62,Villa Nueva ,Services
550454,Carlos Mendez,M,25/02/2026,170.01, AMATITLAN,Retail
532807,OSCAR ROJAS,,28/03/2026,,Amatitlan ,Retail
559063,RENE SOTO,m,2026-01-06,154.45,AMATITLAN,Food
522622,Isabel Ramirez, f ,2026-02-20,260.42, Quetzaltenango,Services
560004,Rene Soto ,m,2026-02-25,"227,29",Escuintla ,Education
593917, oscar rojas,m,10/01/2026,164.84,Amatitlan,Services
550274, Paola Morales , f ,2026-03-16,312.06,amatitlan ,Services
569523,Monica Lopez, f ,2026-03-08,38.49, Escuintla,Services
574044,Diego Ramirez, m ,2026-01-20,"59,89",Quetzaltenango,Education
527608, Maria Paz ,f,2026-01-09,"299,20", Amatitlan,services
560582,OSCAR ROJAS, m ,04/01/2026,,Amatitlan,Food
561390,Patricia Soto,F,2026-01-09,"393,88",Guatemala,Retail
521795,Mario  Lopez,m,2026-03-14,62.27,Villa Nueva ,Education
534493,Patricia Soto,f,2026-03-21,415.50,QUETZALTENANGO ,Retail
581385,lucia perez,f,2026-02-02,123.35,Quetzaltenango,Food
513358,Lucia Perez,M,2026-01-04,151.59,Villa Nueva,RETAIL
586049,Carlos Mendez,M,21/03/2026,252.23,AMATITLAN ,Retail
504910,Julio Morales, f ,2026-03-05,"295,44",Escuintla,Education
506404,Maria Paz ,M,2026-02-17,8669.53,Guatemala,Food
579206, Paola Herrera,m,2026-03-07,"63,74",Mixco,Retail
558768, ANA MEJIA,F,2026-02-15,256.35,ANTIGUA,Services
557905,Lucia Perez,f,2026-02-22,"27,39",Escuintla,Education
524472,Carlos Mendez,m,11/01/2026,123.13,quetzaltenango,Food
584277, Maria Paz, f ,2026-02-24,28.80, Amatitlan ,Services
537039,Carlos  Mendez,M,2026-01-28,"395,61",Escuintla,services
589248,Isabel Ramirez, F ,2026-03-04,"179,74",Quetzaltenango,Education
596125,Luis Garcia,m,2026-01-13,"389,84",mixco,SERVICES
581999,  Carlos Mendez,M,06/03/2026,362.36,  Amatitlan ,Food
542541,paola herrera, f ,2026-01-04,"317,09",Villa Nueva,Retail
532629, Pablo Perez,,2026-01-11,417.28,Antigua,Services
599704,Ana Soto, f ,2026-03-19,"403,29",Mixco,Services
568261,jorge castillo,m,2026-02-22,310.26,Amatitlan,Services
540497,Patricia Soto,f,01/03/2026,"23,12",Amatitlan,Education
510306,ANA SOTO,m,2026-02-10,"396,88",villa nueva,RETAIL
590765,Paola Herrera,f,2026-01-11,160.22,Quetzaltenango,Food
587573,DIEGO  RAMIREZ ,M,2026-03-12,"219,90",Amatitlan,Education
520351,Mario Lopez, M ,2026-01-15,212.83,Escuintla,Retail
517296,carlos mendez,f,2026-03-22,130.63,quetzaltenango,Education
577536,JULIO  MORALES,m,05/01/2026,263.76,  amatitlan,Food
533522,Ana Mejia, f ,2026-03-15,"270,72",Mixco,Retail
580626,Paola Herrera,m,2026-03-25,322.69,Amatitlan,education
582205,Julio Morales, f ,2026-01-28,203.67,Mixco,Food
550406,LUCIA PEREZ,f,2026-02-13,"34,84",Guatemala,Food
516149,pedro herrera,m,2026-03-10,"364,17",Villa Nueva,education
576285,Pedro Herrera ,m,2026-01-23,"441,39",Amatitlan,Services
560957,Jorge Castillo, M ,2026-03-22,"225,30",Villa Nueva,Services
509414,Pedro Herrera, m ,25/02/2026,"118,95",Amatitlan,Services
513065,Rene Soto, M ,2026-03-15,33.84,Villa Nueva,Services
580661,paola herrera, M ,2026-03-25,"297,47",Villa Nueva,FOOD
595093,RENE SOTO,m,04/01/2026,323.53,amatitlan,Services
552998,Carlos Mendez, M ,2026-02-25,"375,48",Guatemala,food
528203,Jorge Castillo,m,22/02/2026,"85,76", Villa Nueva,services
575135,Pedro Herrera, m ,14/01/2026,198.47,Amatitlan,Education
518982,Ana Soto, F ,2026-02-07,445.11,Antigua,Food
582862,Paola Herrera, m ,12/01/2026,89.09,Quetzaltenango,Education
521273,Patricia Soto,f,2026-01-02,424.00,Villa Nueva,Services
543202,Maria Paz ,M,2026-01-03,"256,94",Escuintla,Food
571340,Diego Ramirez, M ,2026-01-28,148.92,Escuintla,Retail
582646,RENE SOTO , m ,2026-03-18,"236,52",Amatitlan,Retail
516737,Ana Diaz,f,2026-02-07,"398,76",Villa Nueva,Retail
577160,luis garcia ,f,2026-03-02,"378,11", Escuintla,Education
503732,Luis Garcia,m,01/02/2026,394.44,Escuintla,RETAIL
548453,Julio  Morales,M,2026-03-17,"189,22",Antigua,EDUCATION
576145, Ana Mejia,F,2026-02-19,398.81,Guatemala,Food
580077,Ana Soto,m,2026-01-04,"68,24",Amatitlan,Food
510151,Lucia Perez ,f,08/02/2026,"225,14",Mixco,Food
562932,carlos  mendez,m,2026-01-20,76.25,Mixco ,Food
534470,OSCAR ROJAS, M ,2026-02-10,5941.56, Escuintla,Services
541562,Jorge Castillo,M,2026-03-08,"418,23",Mixco,Services
582256,Ana Soto, m ,2026-01-15,"113,76",AMATITLAN,Services
549076,Lucia Perez, f ,06/02/2026,156.58,Amatitlan,Food
500134,Diego Ramirez, m ,10/03/2026,405.16,Guatemala,Services
545002,Ana Soto,F,2026-02-07,108.94,Amatitlan,Services
584531, Rene Soto, m ,2026-01-16,"244,47",MIXCO,Retail
527806,Isabel Ramirez,F,2026-01-22,"103,79",Amatitlan,education
564307,Luis Garcia,m,2026-02-24,236.21,Amatitlan,Education
591461, Ana Mejia,m,2026-01-15,37.92, Quetzaltenango,Services
501891,maria paz,,2026-01-26,336.95,MIXCO,Services
541434,Pedro Herrera,F,2026-02-01,"263,24",Quetzaltenango,Education
587865,monica lopez, M ,04/03/2026,"43,97",Amatitlan,services
577125,Maria Paz,f,2026-03-25,"368,69",Escuintla,retail
528917,Carlos  Mendez, M ,2026-01-15,"48,82",ESCUINTLA,Retail
504285,Julio Morales , m ,2026-01-21,"211,22",Mixco ,Education
586103, Rene Soto,m,2026-02-10,"106,80",Mixco,Education
548374,Luis  Garcia, M ,2026-03-20,"162,57",Guatemala ,Services
564588,Monica Lopez,f,2026-03-18,"227,10",ANTIGUA,retail
506483,monica lopez , f ,2026-03-18,"292,30",QUETZALTENANGO,Services
510738,CARLOS MENDEZ,M,2026-01-21,"193,29",Escuintla,Retail
547985,Ana Mejia,m,2026-01-24,36.39,Guatemala,Services
531353, Diego Ramirez, M ,2026-02-28,"108,77",Antigua ,Food
572093,Jorge Castillo, f ,2026-03-09,"162,31",Escuintla,Food
521868,ANA SOTO,f,07/03/2026,,Antigua,RETAIL
527246,Paola Morales,F,2026-01-10,"320,79",Amatitlan,Food
594119,Paola Herrera, F ,2026-01-05,,villa nueva,EDUCATION
533787,paola morales,F,2026-01-26,"221,10",Villa Nueva ,Food
565884,Monica Lopez,f,2026-02-18,135.04,Mixco,retail
528814,Diego Ramirez,m,2026-03-22,,Antigua,Food
525647,oscar rojas,m,2026-01-13,83.97,Villa Nueva,Services
567656,Mario Lopez,f,2026-01-03,125.40,Escuintla,FOOD
550262,Ana Mejia,,2026-03-10,, antigua,Services
546646,PATRICIA SOTO, f ,2026-02-11,176.71,AMATITLAN,Services
585105,  Jorge Castillo, m ,16/03/2026,"412,56", Antigua,Education
502646,  Patricia Soto , f ,2026-03-10,"349,37",Escuintla ,Food
581042, Ana Mejia, f ,2026-03-27,"30,59",ANTIGUA ,EDUCATION
570215,Diego Ramirez, M ,2026-03-19,132.40,Villa Nueva,EDUCATION
573481, Lucia Perez, f ,10/03/2026,32.77, Mixco ,Retail
524355, Ana Soto,f,2026-01-03,"420,79",Mixco,Retail
521123,Monica Lopez, F ,2026-03-07,113.27,VILLA NUEVA,RETAIL
510211,Diego Ramirez, f ,2026-03-17,"117,81",Escuintla,Retail
562655, Rene Soto, m ,2026-01-19,"229,12",Quetzaltenango,Services
535318,pablo perez,m,2026-03-27,407.16, Antigua ,Services
598281,maria paz,F,2026-03-01,"37,49",Mixco,Retail
522678,lucia perez, f ,2026-02-18,5218.24,Villa Nueva,Retail
598299,  oscar rojas,m,2026-03-21,"364,79",Guatemala,Food
525851,Pedro Herrera,m,2026-03-11,"313,57",   ,Services
533748,Ana Soto, m ,2026-01-03,"278,74",Villa Nueva,Food
515975,Jorge Castillo ,m,2026-03-11,162.05,Villa Nueva,Food
541910,Ana Diaz ,f,03/03/2026,"33,60",Escuintla,food
564499,Rene Soto ,M,2026-03-20,393.34,Guatemala,Education
519999,Monica Lopez ,f,2026-03-09,142.67,Antigua,Education
596790,OSCAR  ROJAS , M ,2026-02-08,"409,04",GUATEMALA,Retail
560905, Maria Paz,F,2026-02-28,83.28,MIXCO,Food
530767,CARLOS MENDEZ, M ,2026-02-07,"296,36",Villa  Nueva,Retail
500876,Mario Lopez,M,27/01/2026,"79,02",Guatemala,Retail
511800,Jorge Castillo , m ,2026-01-28,211.54, Villa Nueva,Services
564892,Isabel Ramirez,f,2026-01-28,"352,21",Amatitlan,Retail
565316,paola herrera,f,2026-03-25,"339,21",QUETZALTENANGO,Services
591944, Paola Herrera,F,28/03/2026,"261,86",quetzaltenango,Food
529734,Pablo Perez,m,2026-01-28,33.67,Antigua,RETAIL
518958,Mario Lopez,m,2026-02-01,"75,21", ESCUINTLA ,services
554984, Jorge Castillo,m,25/02/2026,291.77,Quetzaltenango,Food
542807,rene soto, m ,2026-02-18,"37,80",antigua ,Food
580919, Pedro Herrera, m ,2026-02-26,"250,52",Amatitlan ,Retail
561234,PABLO PEREZ,F,11/02/2026,"386,87",antigua,Services
517929,Paola Herrera,f,20/02/2026,165.91,Villa Nueva,SERVICES
531807,Julio Morales,m,18/01/2026,,Mixco,Education
522116,Paola Herrera,F,09/03/2026,"294,24",Antigua,EDUCATION
543213,Maria Paz, f ,08/01/2026,86.51,amatitlan ,EDUCATION
592084,Monica Lopez,m,23/02/2026,27.48, Guatemala,Services
553351,Ana Soto,f,2026-01-27,23.46,Mixco,Education
576887, Ana Mejia,f,2026-01-10,"233,19",Escuintla,Services
534811,Paola Herrera,F,2026-03-10,282.93, Escuintla,Food
573063,Oscar Rojas,F,2026-03-23,,VILLA NUEVA ,services
507388,Paola Herrera, m ,2026-02-11,439.68,Antigua,NA
551011, Isabel Ramirez, m ,2026-01-02,184.09,escuintla,Education
552738,Paola Herrera,M,14/02/2026,"157,36",Guatemala,Retail
597715,Maria Paz, m ,2026-01-26,"449,80",Antigua,EDUCATION
571407,rene soto,m,2026-03-15,"102,72",Amatitlan,Education
572941, Ana Mejia, m ,2026-02-09,160.03,antigua,Retail
554882,Mario Lopez, M ,18/01/2026,"77,71",VILLA NUEVA ,Education
594328,Julio Morales , m ,01/02/2026,"259,94",Amatitlan,sin dato
559226,Ana Mejia,F,2026-03-25,243.52,Amatitlan,Services
555247,Rene Soto, m ,2026-03-28,128.93,Antigua,Education
502015,Rene Soto, M ,2026-03-02,352.70,Quetzaltenango,Education
599001,julio morales,,11/02/2026,235.47,Escuintla,Food
509148,MARIO  LOPEZ,m,2026-01-12,380.55,escuintla,Services
523756,patricia soto,F,04/02/2026,"123,83",GUATEMALA,Retail
595554,Paola Morales, f ,2026-03-15,,Guatemala,Food
585449,Paola Herrera,F,19/01/2026,141.44,Quetzaltenango,Retail
579916,Isabel Ramirez, f ,2026-01-13,, antigua,food
584265,Rene  Soto , F ,2026-01-10,"280,70",Mixco,Services
524737,Monica Lopez, m ,2026-02-11,315.55,  Amatitlan,Services
500766,Luis Garcia, M ,2026-02-18,"8406,40",Guatemala,Food
567820, Pedro Herrera,M,2026-01-16,276.15,mixco,Education
596440,Isabel Ramirez,F,2026-02-11,390.46,Antigua,Retail
581515,Isabel Ramirez , f ,2026-02-25,"444,71",Guatemala,Retail
579779,ana diaz,f,01/01/2026,145.24,Villa  Nueva,food
539795,Ana Diaz , f ,2026-03-05,321.97,  Villa Nueva,Retail
540059,Pedro Herrera ,,2026-02-22,"363,94",Quetzaltenango,Food
550912,Ana Mejia ,f,2026-03-17,"301,74", Guatemala,Services
566349,Maria Paz , m ,2026-01-15,20.12,Amatitlan,Services
572729, Rene Soto,m,2026-03-05,"254,20", Escuintla,SERVICES
573190,PAOLA HERRERA, f ,2026-03-14,4926.28,Guatemala,services
549977, Jorge Castillo,m,2026-01-19,258.34, Amatitlan ,Food
528374,Paola Herrera,f,2026-01-21,265.80,ESCUINTLA,Services
552377,Carlos Mendez, M ,01/02/2026,"240,33",Escuintla,Retail
536498, Monica Lopez,m,16/03/2026,20.94,Amatitlan ,Education
582151,Isabel Ramirez,f,2026-03-28,8399.90, Escuintla,Retail
542295,Monica Lopez ,F,2026-03-28,249.23,Antigua ,Retail
511584,Mario Lopez,m,2026-02-05,"161,46", Escuintla,Food
524207, Lucia Perez ,f,2026-02-13,422.20,Guatemala,Food
506324,Paola Herrera,M,2026-01-17,352.12,Guatemala,Retail
591804,Pablo Perez,m,2026-03-16,211.00,Quetzaltenango,Education
587744,Carlos Mendez,m,2026-01-15,"97,27",mixco,Retail
523729,Diego Ramirez,m,2026-01-12,184.69,AMATITLAN,Services
582509,Carlos Mendez,m,05/03/2026,112.41, Amatitlan,Retail
592158, Luis Garcia,m,20/01/2026,"331,79",Escuintla,Education
557066,Julio Morales, m ,24/03/2026,"346,17",GUATEMALA,Education
541304,Pedro Herrera,f,23/01/2026,94.76,guatemala,Education
538344,Paola Morales,M,2026-02-03,70.20,Amatitlan,Food
517473,Diego Ramirez, F ,2026-01-16,"81,68",quetzaltenango,Education
586169,Ana Diaz,f,2026-03-03,"195,01",Guatemala,Food
521609,Lucia Perez, F ,2026-01-10,"22,16",MIXCO,Food
587591, MARIA PAZ, f ,20/01/2026,152.52,Villa Nueva ,RETAIL
507411,Rene Soto,M,2026-03-01,367.02,Amatitlan,Retail
567729,Oscar Rojas,m,2026-01-13,"82,23",MIXCO,Food
599375,Mario Lopez,M,25/02/2026,,Amatitlan,Retail
512789,Ana  Mejia,f,2026-02-25,298.72,Villa Nueva ,SERVICES
506313,Pedro Herrera, m ,2026-03-14,350.70,Mixco,Food
519087,Pablo Perez,m,2026-03-20,"242,31",Guatemala,Education
570969,Diego Ramirez, m ,2026-03-01,"299,93",Antigua,Retail
597943,Carlos Mendez,,11/03/2026,138.48,Antigua,Education
533570,Isabel Ramirez, f ,06/01/2026,"89,45",amatitlan,Retail
586949,Isabel  Ramirez,f,2026-03-16,102.56,Villa Nueva,Food
530988,Ana Diaz,m,2026-01-08,395.56, Escuintla,SERVICES
500171,Luis Garcia ,m,2026-03-26,340.21,Guatemala,Education
584543,Pablo Perez, m ,2026-03-13,"271,45",Antigua,Food
575902,Ana Mejia,f,2026-03-11,203.61,Amatitlan,EDUCATION
554228,Ana Diaz,F,2026-02-27,300.42,ANTIGUA ,FOOD
564507,Lucia Perez, f ,2026-02-26,"142,77",  Guatemala,education
547309, rene soto, F ,2026-02-06,262.75,Villa Nueva,SERVICES
599876,Oscar Rojas,m,2026-02-11,336.66,MIXCO,Food
565686,Paola Herrera, F ,2026-01-08,251.29,  amatitlan ,Retail
503812,Isabel Ramirez,m,07/01/2026,"20,27",Quetzaltenango ,Food
555654,Lucia Perez,m,17/01/2026,48.95,Villa Nueva,Retail
525440,Isabel Ramirez,F,2026-02-19,"296,94",Guatemala,SERVICES
584798,Maria  Paz ,f,2026-03-01,"347,65",villa nueva,SERVICES
536322,Jorge Castillo,m,2026-01-19,"422,39",Guatemala,Retail
553903,PAOLA HERRERA,f,2026-03-10,"365,30",Antigua ,Education
512760,Maria Paz,m,2026-01-01,92.58, Antigua,Food
528550,Isabel Ramirez,m,2026-03-05,, Quetzaltenango,Retail
516380, Oscar Rojas, m ,2026-03-21,439.24,antigua,Food
515470,Pedro Herrera, m ,2026-01-04,53.61,quetzaltenango,Services
534051,Ana Soto, F ,21/01/2026,"102,51",Antigua,Services
545786, Ana Mejia ,F,2026-02-15,,Mixco,services
557849, Oscar Rojas, M ,2026-03-20,"56,65",Villa Nueva ,Education
574147, isabel ramirez,f,2026-03-08,"193,50",Mixco,Education
588286,Pablo Perez, m ,2026-01-07,103.06,Quetzaltenango,Services
570898,Ana Soto , M ,2026-02-17,290.00,Quetzaltenango,FOOD
530425, Patricia Soto,M,18/02/2026,90.83,Antigua,Education
579515,paola herrera,m,2026-02-09,"255,79",Escuintla,Retail
523013,Jorge Castillo, M ,2026-01-03,232.02,Escuintla,Services
526891,Luis Garcia,m,2026-01-05,245.04,Amatitlan ,Retail
530542, Pedro Herrera, m ,07/01/2026,245.76,mixco ,retail
504747,Mario Lopez,M,2026-02-07,49.29,-,Retail
570456,PAOLA HERRERA, M ,2026-03-12,382.90,Amatitlan,Retail
514622,Ana Soto,F,2026-01-19,179.70,Amatitlan,Education
571844,Julio Morales,M,2026-03-01,329.53,guatemala,Education
575951,Pablo Perez,m,2026-02-25,61.70,guatemala,Education
514875,Ana Mejia ,F,2026-03-12,"358,85", Guatemala,services
557504,julio morales,m,2026-02-28,284.04,Mixco,Food
530040,Ana Mejia, F ,2026-01-28,20.59, ANTIGUA,Food
591751, Ana Mejia,F,2026-01-17,"37,72", Villa Nueva,Retail
592568,patricia soto, M ,2026-02-05,333.36,Mixco,Education
556672,Luis Garcia,M,2026-01-19,"247,48",Mixco,Education
542465,CARLOS MENDEZ,m,2026-02-12,99.73,Villa Nueva,Food
549290,MARIA PAZ, f ,05/02/2026,"88,34",ESCUINTLA,retail
586692,Luis Garcia ,m,2026-02-19,56.25,Mixco,EDUCATION
506310,diego ramirez, m ,02/01/2026,165.20,Amatitlan,Food
568021,Paola  Morales, f ,2026-02-03,"68,05",  ESCUINTLA,Education
578625, Oscar Rojas, m ,2026-01-15,"245,82", Amatitlan,Food
575956,Pedro Herrera,m,2026-03-21,,Mixco,Services
516402,Rene Soto,M,2026-01-24,"263,57",quetzaltenango,Services
518890, Jorge Castillo, M ,2026-03-14,"386,41",quetzaltenango ,Retail
571849,Diego Ramirez, f ,2026-02-25,"35,10",Escuintla,Services
592694,Jorge Castillo,m,2026-01-17,327.68,Antigua,Education
583653, LUCIA PEREZ, f ,2026-03-16,107.26,  Antigua,Retail
543854,monica lopez, f ,2026-02-10,39.58,Villa Nueva,FOOD
500804,Paola Morales, F ,24/02/2026,"210,31",Antigua ,food
590165,Paola Morales ,f,2026-02-27,"187,54", GUATEMALA,Retail
525486,Rene Soto, m ,2026-02-15,"365,68",Guatemala,Retail
589630,Mario Lopez,m,25/02/2026,"399,17",Amatitlan,Education
575050,Paola Herrera,F,2026-02-18,402.25, Villa Nueva,Food
518689,oscar rojas ,M,2026-01-14,"326,76",Escuintla,Retail
559943,patricia soto,F,2026-02-28,192.46,Amatitlan,Food
573562,PEDRO HERRERA,M,2026-01-21,"322,93",Guatemala,Services
503196,Lucia Perez,f,2026-03-22,436.24,AMATITLAN,Services
567958,Oscar Rojas,f,2026-01-14,211.15,Amatitlan ,Education
564056, Ana Mejia, F ,2026-01-23,"217,34",GUATEMALA,Retail
588288,Luis Garcia, m ,2026-03-10,"378,21",Mixco,services
513795,patricia soto,f,12/01/2026,"270,26", Quetzaltenango,Services
501965, Luis Garcia,m,2026-01-12,,Guatemala,Services
559545, Ana Soto,f,2026-01-16,45.37,QUETZALTENANGO,Food
522219,Isabel Ramirez, f ,2026-03-07,207.01,Villa Nueva,Food
520790,Patricia Soto, F ,2026-01-21,"373,20",Amatitlan,retail
566611,Oscar Rojas, M ,2026-02-21,157.86,Escuintla ,Services
596508,Isabel Ramirez, m ,2026-03-01,307.03,Quetzaltenango,Services
528605,Pedro Herrera, F ,2026-02-09,"251,55",Escuintla,Retail
570169,Patricia Soto,,2026-03-25,249.31,Villa Nueva,Services
528961,Mario  Lopez, M ,2026-03-01,"428,02",guatemala,education
547470,Paola Herrera , m ,2026-01-07,437.81,Villa Nueva,Services
522865, Luis Garcia ,M,18/01/2026,410.76,Quetzaltenango,RETAIL
533773,Monica Lopez,f,2026-03-27,407.29,Quetzaltenango,Education
532894,Rene Soto ,M,2026-02-01,"380,05",Escuintla,Retail
531879,diego  ramirez,M,2026-03-26,254.10,Guatemala,EDUCATION
592711,Paola Herrera,,20/02/2026,"39,53", AMATITLAN,Education
559966,MARIO LOPEZ,M,2026-03-11,131.55, Quetzaltenango,Retail
501717,oscar rojas,m,2026-02-22,87.70,ESCUINTLA,Retail
501002,LUIS GARCIA, m ,2026-02-20,, Mixco,Food
552117,ANA DIAZ, f ,04/01/2026,"61,55",Antigua,Education
567188,Ana Soto,f,10/01/2026,169.96,Villa Nueva ,Retail
531151,Isabel Ramirez , f ,2026-01-09,"228,99",Mixco,SERVICES
586161,Ana Mejia, f ,2026-03-13,"345,61",AMATITLAN,SERVICES
552864,Mario Lopez, m ,2026-01-05,366.06,guatemala,Services
524211,Monica Lopez ,f,2026-02-17,"247,49",Amatitlan,Education
569404,ana mejia , M ,2026-03-20,"118,35",Escuintla,Education
576006,Pablo  Perez,m,23/03/2026,"21,64",Guatemala,SERVICES
556281,Jorge Castillo , m ,2026-01-02,"230,25",Guatemala,Food
569850,Paola Morales,F,2026-03-10,353.99,Antigua,Retail
588387,Julio Morales,f,17/03/2026,"271,34",Villa  Nueva,Food
558221,Pablo Perez,M,28/03/2026,"120,45",Guatemala,EDUCATION
548044, julio morales ,m,2026-03-14,290.26,guatemala,education
538151, Luis Garcia,m,2026-01-12,128.98,Amatitlan ,Education
530329,Mario Lopez, f ,2026-03-19,274.57, Quetzaltenango ,Food
540432,Luis Garcia,,2026-03-10,6138.45,Escuintla,Food
570599,Paola Herrera, f ,2026-01-02,"360,86",Antigua,Services
563982,Paola Morales,M,2026-03-09,78.43,Quetzaltenango,Food
513150,ISABEL RAMIREZ,F,2026-02-25,430.46,Antigua,Services
505036,Luis Garcia, m ,2026-01-03,48.46,MIXCO ,Food
594843,Pedro Herrera, m ,2026-01-06,"119,82",Villa Nueva,Food
549843,MARIA PAZ, M ,2026-02-07,134.08,Amatitlan,Retail
564682, Ana Diaz,f,2026-02-17,208.62,Antigua,Education
561496,isabel ramirez,f,2026-03-20,,VILLA NUEVA,education
512663, Rene Soto,M,2026-03-16,445.03,Quetzaltenango,food
518064,Patricia Soto,f,2026-02-08,"379,04",Mixco,FOOD
500676,MARIA PAZ ,f,06/02/2026,"107,90",Mixco,Education
597564,PATRICIA SOTO,f,2026-01-19,"27,67",Villa Nueva,Services
519867, Diego Ramirez, m ,2026-02-05,157.97,Antigua,Services
504720,Patricia Soto, F ,2026-01-16,"171,51",Amatitlan,education
543929,Paola Morales, F ,2026-01-26,"38,36",Antigua,education
501520,PEDRO HERRERA, m ,2026-01-21,447.84, ANTIGUA,Services
507791,lucia perez,m,2026-01-26,"179,76",Quetzaltenango,Services
544672,Diego Ramirez,m,13/03/2026,"60,86", QUETZALTENANGO,Retail
593154,Rene Soto, m ,19/01/2026,151.27,QUETZALTENANGO,Education
594007,Ana Diaz,f,2026-02-01,"232,14",Quetzaltenango,Food
502224,Luis Garcia, F ,2026-01-25,"438,81",Villa Nueva,education
551192,LUIS GARCIA ,m,27/01/2026,"114,08",MIXCO ,Services
588609,Luis Garcia, m ,2026-03-16,434.24,Guatemala,Retail
569775, Diego Ramirez ,m,2026-02-16,"98,69",Guatemala,Food
573163, Ana Diaz,f,2026-03-25,124.22,Escuintla,Services
533270,Paola Herrera, m ,2026-02-14,50.62,Villa Nueva,Food
542799, Mario Lopez, M ,2026-03-25,"87,91",QUETZALTENANGO,Services
567389,PATRICIA SOTO , f ,2026-03-27,"86,95", Villa Nueva,Retail
545887, Paola Morales,F,2026-01-20,369.22,AMATITLAN,Retail
573303,Carlos Mendez, m ,01/02/2026,139.84,antigua,Retail
505422,Paola  Morales,m,14/03/2026,"164,53",Quetzaltenango,Food
504432,Mario Lopez,M,2026-01-28,388.86,  Antigua ,Retail
513855,Ana Diaz,f,2026-02-18,369.44,Quetzaltenango,Food
569140, Pedro Herrera, f ,2026-01-22,"23,90",Villa Nueva,Retail
552849,paola herrera,f,2026-01-16,, Quetzaltenango,food
570200,Ana Diaz, F ,2026-02-11,"324,83",Villa Nueva,Food
532124,DIEGO  RAMIREZ,m,07/01/2026,249.45,Villa Nueva,SERVICES
546781,Diego  Ramirez,m,07/03/2026,298.62,Antigua,Food
540188,Mario Lopez,m,2026-03-22,99.66,Escuintla,Retail
538701,Carlos Mendez, m ,2026-03-03,141.31, Escuintla,Education
525679,ana mejia,f,2026-02-09,"357,60",antigua,Retail
543609,Isabel Ramirez,m,2026-01-03,,Villa Nueva,Services
510755, ana diaz,f,2026-01-28,"407,22",Quetzaltenango,FOOD
510748,PATRICIA SOTO, f ,2026-03-26,"252,48",Mixco,Services
538224,Rene Soto, m ,02/01/2026,259.96, ESCUINTLA ,Services
566093,Ana Diaz,m,09/03/2026,"416,60",GUATEMALA ,Food
530618,Carlos Mendez,m,2026-02-11,"104,24", Guatemala,Retail
514504,Jorge Castillo,M,2026-03-02,"305,37", Escuintla,education
522430,Ana Diaz,f,2026-01-14,38.44,Amatitlan,EDUCATION
512527,Isabel Ramirez,,2026-03-01,"201,64",  Antigua,FOOD
580621,Oscar Rojas,m,2026-01-19,193.04,Villa Nueva,Food
536132,Ana Mejia,f,2026-02-12,"365,54",Escuintla,SERVICES
513423,Pablo Perez, M ,2026-02-15,"147,83",Escuintla ,Education
567824, Carlos Mendez, m ,2026-03-15,"322,99", amatitlan,Education
552336,Monica Lopez , M ,16/03/2026,124.92,Escuintla,Food
580624,Ana Diaz,f,20/01/2026,"54,15", Quetzaltenango,Education
527152,JULIO MORALES, m ,18/03/2026,"131,63",Antigua ,Services
557849, Oscar Rojas, M ,2026-03-20,"56,65",Villa Nueva ,Education
593579,Mario  Lopez ,M,2026-02-08,"348,77",Quetzaltenango,Services
593354,RENE SOTO,M,2026-02-02,"449,16",Antigua,services
569419,Diego Ramirez ,M,26/02/2026,"360,19",Quetzaltenango,Education
530738,CARLOS MENDEZ,m,2026-01-18,39.48,quetzaltenango,Food
539229,Paola Morales,M,2026-02-17,"213,48", Escuintla,Education
545003,ANA  SOTO,f,22/03/2026,,Escuintla,SERVICES
567570,Mario Lopez,M,2026-03-12,33.21,Guatemala,food
518659, Mario Lopez ,,2026-01-13,299.19, Villa Nueva,Food
526514, Oscar Rojas , f ,2026-02-04,"26,55",quetzaltenango,Education
509674,Julio Morales,M,17/02/2026,403.60,Villa Nueva,Retail
517678, Ana Soto,F,2026-02-21,"300,14",Antigua,Services
558604,Monica Lopez, F ,19/02/2026,190.85,Escuintla ,RETAIL
522967, Pedro Herrera,M,2026-01-02,140.38, Antigua,Retail
511960,Isabel Ramirez,M,09/03/2026,"434,82",Antigua,Retail
517902,paola herrera,f,2026-02-06,48.92,Villa Nueva,Education
578148,Ana Soto,m,2026-02-07,322.64,MIXCO,Food
517196, Maria Paz , m ,2026-03-01,,antigua ,Food
591323,Diego Ramirez,m,05/01/2026,195.86,Quetzaltenango,RETAIL
509409,luis garcia,F,2026-03-27,"377,59",Escuintla,education
580888,Ana Mejia,f,04/01/2026,"86,46",Antigua,Retail
562273,Diego Ramirez ,m,2026-03-10,"190,95",Amatitlan,Retail
593774,Carlos Mendez , M ,2026-01-26,"248,49",GUATEMALA ,services
514627,PAOLA HERRERA,M,09/01/2026,"199,33",Amatitlan,Education
596167,Julio Morales, m ,13/01/2026,"280,94",Mixco,Retail
519005,Lucia Perez,f,26/01/2026,255.92,Mixco,services
588488,Ana Diaz,F,2026-02-07,"430,56",antigua,Services
584622,Carlos Mendez,M,2026-02-19,83.57,Guatemala,Retail
598630,JULIO MORALES, m ,2026-01-21,"193,79",Guatemala,Services
593742,JORGE CASTILLO,m,05/01/2026,262.84,Antigua,Services
513410,Lucia Perez,f,2026-02-04,, Antigua,Education
566141,Lucia Perez ,F,2026-02-26,"227,21",amatitlan,Education
554354,Pedro  Herrera,m,07/02/2026,"5817,26",Villa Nueva,Services
561035,Paola Morales,f,2026-02-06,"426,73",ANTIGUA,Food
585233,Ana Diaz ,f,2026-03-14,"64,87",Amatitlan,Retail
538287, Patricia Soto,F,2026-03-07,"257,10",Quetzaltenango,Food
536337,Paola Morales,f,10/03/2026,154.14,Guatemala ,Food
578725,ISABEL  RAMIREZ,f,2026-02-18,"145,32",GUATEMALA,Retail
561091, diego ramirez, m ,06/02/2026,7158.79,MIXCO,Services
575896,Oscar Rojas,M,2026-03-02,162.45, ESCUINTLA ,Services
548357,Lucia Perez,f,2026-03-09,"207,63", Quetzaltenango,Retail
556467,ana diaz,f,2026-02-26,347.13,Quetzaltenango,Education
599818,Oscar  Rojas,m,2026-01-15,419.97,Villa Nueva,Services
588179,Pedro Herrera , f ,2026-01-18,130.64,Escuintla,Retail
505566,Rene  Soto, m ,08/03/2026,"396,83",Guatemala,FOOD
566783,Paola Herrera ,f,2026-02-17,261.69, Mixco,retail
532555,Carlos Mendez, m ,2026-03-20,70.20,Villa Nueva,Food
574013,Diego Ramirez,F,2026-01-14,,quetzaltenango,Retail
557277,Maria  Paz,f,15/03/2026,48.64,Quetzaltenango,Services
517656, Maria Paz,f,2026-01-20,373.36,villa nueva,Services
549679, Luis Garcia, m ,2026-01-10,166.41,Quetzaltenango,Retail
559748, maria paz,f,21/02/2026,418.19,Villa Nueva,Services
539976,  lucia perez,,2026-02-17,"122,30",Amatitlan,Retail
597989,OSCAR ROJAS, f ,03/01/2026,20.47,Mixco,SERVICES
525235,Julio Morales,M,13/01/2026,"20,04",Guatemala,Services
523263,Mario Lopez , f ,2026-01-10,403.18,Guatemala,Retail
542353,Diego Ramirez, M ,2026-01-15,"172,96",Amatitlan ,Education
534422,PATRICIA SOTO, f ,2026-01-26,"339,98",mixco,Education
515400,LUIS GARCIA,m,2026-02-17,"122,43", Villa Nueva,services
541031,Pablo Perez,M,2026-03-17,"5068,56",Escuintla,Food
532777,Ana Mejia,m,2026-03-12,184.38,Escuintla,Services
530123, Carlos Mendez, m ,2026-03-16,"375,48", Mixco,Retail
521914,Isabel Ramirez, f ,23/03/2026,"138,64",Guatemala,Education
501533,LUIS  GARCIA,f,2026-03-17,58.45,Villa Nueva,Food
545801,Ana Diaz ,f,2026-01-26,"449,91",Villa Nueva,Services
599241,Patricia  Soto,f,2026-03-21,375.97,Guatemala,Education
554196,Rene Soto,f,2026-03-10,448.04,quetzaltenango,Education
571159,Rene Soto,m,2026-03-27,"369,00",guatemala,Education
530718,luis garcia, f ,2026-03-10,"205,24",Amatitlan,Education
577307,mario lopez, m ,2026-02-18,"144,01", Quetzaltenango,education
597670,Luis Garcia,M,15/02/2026,"400,36",Amatitlan,Food
526763,Pedro Herrera ,m,2026-03-22,106.04,Mixco ,EDUCATION
580536,Diego Ramirez ,M,09/01/2026,"418,16",escuintla,FOOD
548227,Pedro  Herrera, m ,2026-03-04,369.59,antigua,Retail
589314,carlos mendez,F,2026-03-10,309.62,Guatemala,retail
586395,Isabel Ramirez, F ,10/03/2026,"139,84",Antigua,Services
562696,PAOLA HERRERA,f,2026-02-05,393.86,Mixco ,Food
521203,Julio Morales,M,2026-03-18,"436,48",antigua,Food
573316,ANA DIAZ,f,25/01/2026,449.96,Quetzaltenango,FOOD
598295,Maria Paz,m,2026-02-20,"273,03",guatemala,FOOD
554010,Oscar Rojas, m ,2026-03-07,148.83,Escuintla,Education
549853, Ana Soto,f,2026-03-16,437.50,Guatemala,Education
531798, RENE SOTO,m,26/03/2026,324.15,Guatemala,retail
542824,PEDRO HERRERA,m,2026-03-15,366.85,VILLA NUEVA,Retail
535062, Diego Ramirez , m ,2026-03-26,"386,87",Mixco,Retail
579742,Pablo Perez, M ,2026-02-25,252.47, MIXCO ,FOOD
567418,Rene Soto,f,2026-01-27,291.66,Amatitlan,Education
510360,PAOLA MORALES, f ,2026-03-11,"160,67",Escuintla,Services
519803,Patricia Soto,f,2026-01-23,"238,78",Mixco,Food
597637, Julio Morales, m ,2026-01-18,335.47,Antigua,Services
577134,Diego Ramirez, m ,2026-01-16,274.78,guatemala,Food
599589,CARLOS MENDEZ,m,2026-02-07,"109,26",Escuintla,Retail
511506,ANA SOTO,F,2026-02-21,"383,88",Villa Nueva,Services
550870,ANA SOTO,f,26/01/2026,267.61,Amatitlan,Food
531532,PATRICIA SOTO ,,2026-03-02,"4989,35",Escuintla,SERVICES
523688, Rene Soto,m,2026-01-04,"310,07",AMATITLAN,Food
598729,Pedro Herrera,M,2026-02-20,"315,23",Mixco,EDUCATION
569562,Luis Garcia, M ,2026-03-20,"431,45",Mixco,Retail
537690, pablo perez, m ,09/01/2026,99.20,antigua,RETAIL
556781,Diego Ramirez, M ,2026-02-03,"50,39",Guatemala,Food
553162,Isabel Ramirez, f ,2026-01-07,"7157,17",mixco,Education
511808,Ana Mejia, f ,2026-03-20,446.87,QUETZALTENANGO ,Retail
558170,Luis Garcia, m ,2026-01-09,"265,21", Mixco,Retail
579422, DIEGO RAMIREZ , f ,2026-03-08,"203,56",Escuintla,Food
552451,Pablo Perez,,2026-01-07,"202,95",Mixco,Services
542631,Paola Morales, F ,16/01/2026,171.16,Antigua,Food
511919,monica lopez,F,2026-01-27,"79,12",Mixco,Food
558541, julio morales, M ,22/02/2026,412.03,Mixco  ,Services
574520, Rene Soto,f,2026-03-16,"230,41",Guatemala ,Retail
556076, Pedro Herrera, m ,2026-02-11,323.61,Antigua,Services
516776,Ana Diaz, f ,2026-02-28,"418,52", AMATITLAN,Retail
580759,Jorge Castillo,f,17/01/2026,146.66,Escuintla,Retail
501306,Pedro Herrera ,,18/01/2026,"213,74", Quetzaltenango ,services
528875,Isabel Ramirez,f,2026-01-20,305.66,ESCUINTLA,Education
591118,MONICA LOPEZ,m,2026-03-10,200.61,Quetzaltenango ,Retail
567603,mario lopez,f,2026-02-01,"217,12",Quetzaltenango ,Retail
577994,OSCAR ROJAS,F,03/03/2026,"290,53",Mixco  ,Education
517217,carlos mendez,M,2026-02-23,"205,89",Antigua,FOOD
560511,Rene  Soto ,m,2026-02-05,"131,05",Guatemala,Food
582113,Pablo Perez,m,2026-02-09,415.50, Antigua,food
580809,Pedro Herrera,m,2026-03-05,"248,77",Mixco,Retail
543373,paola morales,f,2026-02-10,213.43, Antigua,Retail
531372,Isabel Ramirez ,,18/01/2026,"242,87", guatemala,Services
528112,Patricia Soto, f ,2026-03-01,,Amatitlan,Food
526710, PATRICIA SOTO ,f,2026-03-28,"122,82",mixco,education
588648,Patricia Soto, f ,03/01/2026,"213,74",quetzaltenango,RETAIL
567753,Isabel Ramirez, M ,05/02/2026,"126,51",Antigua,Education
543304,JORGE CASTILLO,m,2026-01-12,"147,79",Escuintla,Services
583199,ISABEL RAMIREZ, F ,2026-03-10,299.64,Amatitlan,Services
595801,PABLO  PEREZ ,M,04/03/2026,"129,82",Guatemala ,Retail
511045,Monica Lopez,f,2026-03-13,"243,87",Escuintla ,Education
518064,Ana Soto, f ,2026-03-01,"144,84",Quetzaltenango,Services
513810,rene soto,m,2026-01-28,,Mixco,Services
554384, Rene Soto,m,20/02/2026,"275,80",Antigua,Education
575579,Rene Soto,m,12/03/2026,"394,63",Antigua,Retail
573784,Paola Herrera , f ,2026-03-09,"282,05",Quetzaltenango,services
538030,Carlos Mendez,m,2026-03-19,"168,64",Amatitlan,Retail
589820,paola herrera,F,2026-01-17,"298,53",Guatemala,EDUCATION
596372,Paola Herrera, F ,14/02/2026,"227,35",Antigua,Services
548653,Monica Lopez,M,2026-01-26,318.33,Villa Nueva,Education
568884, MARIO LOPEZ,,2026-01-22,167.16,Villa Nueva,Services
582543,Mario  Lopez, F ,2026-03-09,,Amatitlan,retail
555323,Pedro Herrera,f,2026-01-02,310.25,Quetzaltenango ,Education
558687,Rene Soto, M ,2026-02-28,49.93,Antigua,Services
586923,Carlos Mendez,M,2026-02-23,"85,18",Amatitlan,Food
505766,Oscar Rojas,M,2026-02-17,444.27, ANTIGUA,Retail
544754,Ana Soto , F ,26/02/2026,192.70,Amatitlan,Education
531202,Lucia Perez,f,2026-02-05,363.59,Guatemala,Food
566700,Pedro Herrera , M ,2026-01-17,"356,23", Villa Nueva,Education
534650,Paola Morales,f,2026-02-13,368.48,Quetzaltenango,services
527935,Diego Ramirez ,F,2026-02-13,"347,81",Quetzaltenango,Retail
515428,DIEGO RAMIREZ, m ,2026-01-11,332.83,Quetzaltenango,Retail
564596,Monica Lopez,F,2026-03-26,42.50,AMATITLAN,Services
590248,CARLOS MENDEZ, f ,01/03/2026,"81,73",Mixco,services
599472,Oscar Rojas, m ,2026-01-28,"316,99",Escuintla,Retail
525334,Ana Soto,f,2026-01-03,122.20,ESCUINTLA,Services
562150,Maria Paz,F,02/02/2026,"367,03",Mixco,Food
571234,Julio Morales,m,2026-01-03,,Amatitlan ,RETAIL
517141,Jorge Castillo,M,2026-01-11,"158,62", Mixco,Retail
589868,Pedro Herrera ,M,25/03/2026,44.26,Villa Nueva ,Food
508775,Rene Soto,m,2026-01-13,267.39,Mixco ,education
560439,Ana Mejia ,m,2026-02-15,"118,43",AMATITLAN,RETAIL
596749,Maria Paz , M ,25/02/2026,5408.20,Villa Nueva,EDUCATION
509333,paola herrera,F,23/02/2026,"262,55",Amatitlan,Retail
585291,Jorge Castillo,M,2026-01-13,206.03,Mixco,SERVICES
587428,Pablo  Perez,f,2026-01-20,"242,35",villa nueva,Retail
577999,Carlos Mendez, m ,2026-03-12,"416,22",MIXCO,Retail
507491,monica lopez,f,2026-02-15,,Mixco,Retail
557237, Luis Garcia,f,2026-03-20,268.87,ANTIGUA ,Services
529776,Monica Lopez,f,05/01/2026,143.71,Mixco,Food
554080,Julio Morales, F ,2026-01-19,"402,48",mixco,Services
543518,Maria Paz, M ,2026-01-02,128.09,Antigua ,Education
587301,Pedro Herrera, m ,04/02/2026,410.99, Quetzaltenango,Education
542986,diego ramirez ,m,2026-03-03,343.22, VILLA NUEVA,EDUCATION
596863,Mario Lopez,m,2026-01-22,"285,30",Quetzaltenango,retail
542734,Pablo Perez, M ,2026-02-03,"80,40",Quetzaltenango,Food
548969,Luis Garcia, f ,2026-03-11,192.48,Antigua,retail
578149,Lucia Perez, f ,2026-03-11,219.65,Amatitlan,Retail
525132,Carlos  Mendez,,2026-01-04,436.80,Quetzaltenango,Education
563911,Ana Soto,F,2026-02-01,"68,07",Antigua,Food
512164,Oscar Rojas,m,2026-03-12,"425,60",Guatemala,retail
536378,Isabel Ramirez, M ,2026-02-27,"73,55",Villa Nueva,EDUCATION
595805,Jorge Castillo,m,2026-02-04,93.30, Mixco,Services
582628,Patricia Soto, f ,2026-01-28,"271,81",Mixco,Services
542322,Mario Lopez,m,15/03/2026,87.77,Mixco ,Services
507184,Luis  Garcia,m,2026-01-20,"369,17",Guatemala,Food
538531,Ana Diaz ,f,25/02/2026,"35,42", Amatitlan,services
564688, Pablo Perez, m ,19/03/2026,"295,94",Quetzaltenango,Retail
525833,Luis Garcia,M,2026-03-17,128.08,Antigua,RETAIL
567056,Mario Lopez, m ,2026-01-16,90.21,Mixco,Food
502914,Oscar Rojas,m,2026-01-07,,Mixco ,Retail
592038,Luis Garcia ,F,2026-03-01,103.48,QUETZALTENANGO,FOOD
516634,Isabel Ramirez,f,28/02/2026,253.88,Mixco,Retail
557647,oscar rojas, F ,2026-02-23,"180,30",  guatemala,Education
556559,Ana Mejia,m,2026-02-06,271.72,AMATITLAN,Retail
549051,ISABEL  RAMIREZ,M,2026-02-16,"321,60",Antigua,Services
531494,ana soto,m,2026-01-25,153.16,Villa Nueva,Food
522990,Pedro Herrera ,m,2026-03-06,"31,66",Villa Nueva,Education
532566,Patricia Soto,f,2026-01-03,425.85,guatemala,Retail
523070,Lucia Perez,m,2026-03-22,"408,08",Villa Nueva,Retail
539729,Carlos Mendez ,m,2026-01-24,391.42,AMATITLAN,Retail
531000,PAOLA HERRERA, F ,2026-01-08,"189,91",VILLA  NUEVA,Services
528354,paola herrera ,f,2026-01-07,"21,18",guatemala,Education
525084,OSCAR ROJAS, m ,2026-01-27,"303,93",mixco,Services
568700,MARIA PAZ,F,2026-03-11,426.61,Mixco ,Retail
515474,Paola Herrera,f,2026-03-11,"115,61",Guatemala,Food
578370,Diego Ramirez,m,05/02/2026,"379,83",Mixco,retail
537484,Mario Lopez , m ,2026-03-20,101.56, Villa Nueva,Education
572335,Luis  Garcia, m ,2026-02-08,346.81,Quetzaltenango,Retail
504798,Patricia Soto, f ,2026-01-08,"22,17",Villa Nueva,Education
537534,diego ramirez,m,25/01/2026,393.13,mixco,Education
572049, Jorge Castillo,M,2026-02-25,"66,06",Amatitlan,SERVICES
580688,ISABEL RAMIREZ,M,2026-01-04,,Mixco,Education
518612,Maria  Paz,F,2026-03-15,"407,04",antigua,Education
538748,Diego Ramirez,M,2026-03-20,"68,93",Villa Nueva ,Education
571825,Diego Ramirez,m,2026-03-18,"431,95",Quetzaltenango,Education
532164,Paola Herrera,f,2026-02-08,57.60,Villa Nueva,Food
511474,Jorge Castillo, M ,2026-02-15,414.57,ESCUINTLA,Retail
513412, Monica Lopez,f,2026-03-05,20.38,Villa Nueva,Education
554459,Ana  Soto,F,24/01/2026,211.60,Guatemala  ,Education
559934,Paola Herrera,f,2026-03-13,"340,10",Quetzaltenango ,Retail
574854,Monica  Lopez,m,2026-02-26,160.22,Amatitlan,Education
574497,Jorge Castillo, m ,2026-02-11,"58,24",mixco,Education
558320, Jorge Castillo , f ,2026-03-07,39.39,Guatemala,FOOD
519911,Paola Herrera,m,2026-02-02,"384,86",ANTIGUA,Food
519356,Pedro Herrera, m ,2026-02-12,329.60,Amatitlan,Retail
561080,ANA MEJIA, M ,07/02/2026,42.26,Escuintla,Services
598494,Lucia Perez,f,03/03/2026,"272,60",Antigua,Services
587460,Paola Morales,f,2026-03-20,"421,14",Quetzaltenango,Retail
596373,Isabel Ramirez,f,2026-02-05,"242,94",MIXCO,Services
586902, Pedro Herrera, F ,2026-02-10,"417,87",ANTIGUA,Education
536103,Isabel Ramirez, f ,2026-01-22,269.70,Guatemala ,Retail
561169, Patricia Soto,f,09/03/2026,27.30,Mixco,Retail
590001,Maria Paz, M ,07/02/2026,270.54,Guatemala,Services
589159,Pedro Herrera, M ,21/01/2026,382.63,Escuintla ,Services
514628,Luis Garcia, M ,2026-01-13,336.27,Quetzaltenango,FOOD
557443,OSCAR ROJAS,m,2026-01-11,"160,83",Guatemala,Services
578570,jorge castillo,M,2026-01-13,"418,18", Guatemala,SERVICES
562468,Maria Paz, f ,2026-01-23,351.68,Guatemala,Retail
525647,oscar rojas,m,2026-01-13,83.97,Villa Nueva,Services
505356,MONICA LOPEZ,m,2026-01-05,"302,90",Villa Nueva ,food
510716,Ana Mejia, f ,2026-02-17,"105,10",Guatemala,food
562263, Oscar Rojas,F,17/02/2026,331.02,Amatitlan,Education
553799,carlos mendez ,M,2026-03-01,"387,32",Quetzaltenango,Services
576661,Carlos Mendez,m,06/03/2026,"378,33", Quetzaltenango,Retail
503352,Paola Herrera, f ,2026-03-08,"37,60",QUETZALTENANGO ,Food
525973,Monica Lopez,F,2026-03-25,,QUETZALTENANGO,Food
558751,ANA DIAZ,f,2026-02-23,224.95, Amatitlan,RETAIL
539721,Monica Lopez ,f,2026-02-03,,Antigua,Education
585329,Monica Lopez ,F,15/02/2026,"54,07",Mixco ,Education
507780,Ana Diaz, f ,2026-01-24,"74,86", Mixco,education
552204,Patricia Soto,m,2026-01-05,"308,98",Villa Nueva,Retail
547203,MONICA  LOPEZ,F,2026-02-18,424.27,Antigua,Food
539022,Isabel Ramirez,f,2026-02-24,310.16,Villa Nueva,EDUCATION
529444,Monica Lopez, f ,2026-02-15,345.69, Amatitlan,Food
565949,Ana Diaz ,M,2026-01-18,"244,70", Mixco,education
510897,Luis Garcia ,m,2026-02-25,"373,83",Villa Nueva,Food
548726,Rene Soto, M ,2026-03-01,"344,74",Quetzaltenango,Services
581849,Carlos Mendez,m,2026-02-05,"307,48",Villa Nueva,Services
575385,rene soto, m ,2026-02-10,339.65,AMATITLAN,Education
594570,Jorge Castillo ,f,2026-02-21,"58,81",guatemala,Education
505105,Carlos Mendez , m ,2026-01-24,"284,91",Mixco,SERVICES
537488,Paola Herrera ,f,2026-01-22,"98,50", GUATEMALA,Services
588404, diego ramirez, m ,2026-03-17,"179,17",amatitlan,Education
533327, ANA MEJIA,f,16/01/2026,428.07,Antigua,Food
505618,Maria Paz, m ,2026-03-14,217.57,Quetzaltenango,Education
591208,ANA MEJIA,f,23/02/2026,218.58,Amatitlan ,retail
586223,Paola Morales, M ,2026-02-08,"413,22",Villa Nueva,Education
502240,diego ramirez,F,2026-01-10,205.60,Amatitlan ,Retail
506537,Luis Garcia, M ,2026-03-06,"198,02",Antigua,Services
577920,Patricia Soto, m ,06/03/2026,204.26, Mixco ,Food
523169, Oscar Rojas, m ,2026-03-01,113.09,Mixco,food
515664,PAOLA MORALES ,m,15/02/2026,68.15,Quetzaltenango ,Food
514939,oscar rojas,m,2026-01-05,162.52,QUETZALTENANGO ,retail
521000,Rene Soto,m,24/03/2026,"41,70",MIXCO ,Services
516555,ANA DIAZ,f,2026-03-12,"303,33",Antigua ,Education
570169,Patricia Soto,,2026-03-25,249.31,Villa Nueva,Services
593825,Ana Diaz,f,2026-03-26,391.28, Mixco,Retail
569941,Lucia Perez, M ,2026-02-05,328.12,Antigua,Retail
537691,Jorge Castillo , m ,2026-01-12,"447,16",antigua,services
574871, Ana Mejia, M ,2026-03-28,290.27,Antigua,retail
573673,Jorge Castillo, f ,24/01/2026,154.54,Escuintla,Food
573964,luis garcia, M ,17/02/2026,238.35,Guatemala,education
505466,Pablo Perez,F,2026-03-21,247.55,Quetzaltenango,Retail
571299,RENE SOTO,m,2026-03-18,324.31,Escuintla,Retail
507492,Pablo Perez ,f,2026-02-14,320.42, QUETZALTENANGO,Education
548975,oscar rojas ,m,2026-01-23,196.03,ESCUINTLA,Education
547589,Paola Herrera,m,24/02/2026,"285,95",Quetzaltenango,Retail
543011,Diego Ramirez ,M,2026-02-06,62.20, Villa Nueva,services
554218,Rene Soto, m ,2026-01-08,"215,35", Antigua,Food
533386,rene soto,M,2026-03-16,"194,59",villa nueva,Food
522028, Julio Morales,M,16/02/2026,"230,64",Antigua,Education
555679,PAOLA HERRERA, F ,2026-02-05,"64,10",Mixco,Retail
535005,Julio Morales,m,2026-03-25,,Antigua,Services
577182,Paola Herrera, m ,13/03/2026,"279,80",Quetzaltenango,Services
567465,ANA SOTO,F,15/01/2026,118.39,ANTIGUA,Food
597176,Paola Morales,f,2026-01-03,190.02,antigua,Food
505548,Carlos Mendez, m ,2026-01-06,59.61,Guatemala ,Retail
539852,Carlos Mendez,m,2026-02-02,209.15,guatemala,Retail
583144, Maria Paz ,f,2026-01-19,"106,75",Guatemala ,Education
575922,Luis Garcia,m,20/01/2026,"31,19",mixco,retail
588386, Oscar Rojas,m,04/02/2026,"39,87", Amatitlan ,Services
577107,Jorge Castillo,f,12/02/2026,"312,63",Escuintla ,Education
586195,Ana Diaz,f,2026-03-12,125.25,Amatitlan,Education
510270,PATRICIA SOTO,f,2026-03-01,159.31,Amatitlan,Food
590368, Isabel Ramirez, f ,2026-01-06,50.70,Escuintla,Retail
551452,Paola Herrera ,F,2026-03-01,"437,40",Villa Nueva,retail
550143,Rene Soto , f ,16/01/2026,413.17,Guatemala,SERVICES
509598,Paola Herrera, f ,2026-03-28,122.88,Mixco,Food
534929,Ana Soto, f ,2026-02-15,"35,08",Guatemala,EDUCATION
519989,  carlos mendez,m,2026-01-02,217.16,Antigua,Education
520843,Ana Mejia, f ,2026-02-23,"435,24",Escuintla,EDUCATION
534316,Diego Ramirez, m ,2026-01-10,289.02,Mixco,food
547327,PABLO PEREZ, m ,2026-03-24,"438,57",guatemala,Services
501644,Carlos  Mendez,m,2026-02-20,328.74, Guatemala ,Services
556825,PABLO PEREZ, m ,11/03/2026,299.74,ESCUINTLA,Services
549663,Diego Ramirez,M,2026-03-10,"262,95",Quetzaltenango,Services
508357,Luis Garcia,M,11/03/2026,438.61,Antigua,Food
552463,Ana  Soto,f,2026-02-25,337.38,quetzaltenango,food
514304,Mario Lopez, m ,27/03/2026,60.00,Escuintla,retail
509706, Paola Herrera ,m,03/02/2026,275.65,amatitlan,Education
548942, Ana Diaz , f ,2026-02-05,,Mixco,Retail
572554,Lucia Perez,f,2026-02-01,"205,84",  Mixco,Food
586425,Isabel Ramirez, f ,2026-03-28,"428,59", Amatitlan,Retail
538756,LUIS GARCIA, m ,2026-02-03,"288,18",Antigua,Education
508483,Lucia Perez,M,2026-01-23,"4726,93",Amatitlan,Services
513846,MONICA LOPEZ, f ,2026-01-06,416.74,ESCUINTLA,Retail
515837, MARIA PAZ,F,16/01/2026,437.06,Quetzaltenango,food
575807,Pedro Herrera, m ,2026-02-16,"149,12",ANTIGUA,retail
579070,Pablo Perez,m,2026-03-17,333.17,ESCUINTLA,Retail
599172,PAOLA MORALES,M,2026-02-23,232.94,Quetzaltenango,education
505593,Ana Soto,f,2026-02-11,407.44,Mixco,Retail
589183,MARIA PAZ,F,2026-01-11,173.22,Escuintla,Services
583667,Ana Diaz ,f,2026-03-21,"41,06",Antigua,Services
557758, Mario Lopez,m,2026-02-11,"203,29",Amatitlan,food
557988,Monica Lopez,F,2026-02-17,347.84,Quetzaltenango,EDUCATION
557843,Pedro Herrera,m,2026-01-12,417.88,Quetzaltenango,FOOD
528203,Jorge Castillo,m,22/02/2026,"85,76", Villa Nueva,services
565724, PAOLA MORALES, f ,2026-01-25,"246,08",  Quetzaltenango,Retail
522463,Diego Ramirez,m,2026-03-06,"251,15",MIXCO,Retail
511045,Monica Lopez,f,2026-03-13,"243,87",Escuintla ,Education
526332, Monica Lopez,m,2026-03-09,157.63,MIXCO,Food
572024,luis garcia,M,23/01/2026,"325,30",Amatitlan,Services
583570,Oscar Rojas,f,2026-02-06,"115,58",villa nueva ,FOOD
557833, Isabel Ramirez,F,12/03/2026,342.47,Amatitlan,Retail
576062,Paola Herrera,F,2026-03-01,,amatitlan,Retail
500111,Luis Garcia,M,2026-02-28,202.57,Mixco,Services
548046,Luis Garcia,m,2026-01-25,326.51,Amatitlan,Services
514181,Patricia Soto,f,13/01/2026,321.30,VILLA NUEVA,Education
505029,Luis Garcia,m,2026-01-22,104.67,Quetzaltenango,Retail
529106,Ana Soto ,f,2026-01-19,182.26,quetzaltenango ,Retail
519009,Luis Garcia,m,2026-03-21,"429,14",Amatitlan,RETAIL
541499, Ana Mejia, f ,2026-01-16,375.24,Amatitlan,services
554064,Ana Diaz,,27/02/2026,"37,01",Guatemala,Services
561050,Carlos Mendez ,M,2026-03-13,358.77,Guatemala,Retail
536771,Patricia Soto, M ,10/01/2026,"91,69",Mixco,Education
572385,Mario  Lopez,M,2026-01-08,318.01,  mixco,Food
531806,Ana Soto ,F,2026-03-25,"265,40",mixco,Food
585143,MARIO LOPEZ ,m,2026-03-11,"180,98",Quetzaltenango ,Education
561655,Diego Ramirez,M,2026-01-25,"227,00",VILLA NUEVA,Education
555597,Diego Ramirez, m ,2026-01-19,"40,69",MIXCO,SERVICES
578136,Paola Morales,f,2026-03-11,"26,71",mixco,Retail
571288,Mario Lopez,M,2026-03-22,437.09, Guatemala ,Retail
555901,Pablo Perez, M ,2026-03-07,166.15,Amatitlan,Services
595014,Oscar Rojas,M,2026-01-26,"103,24",Quetzaltenango,Education
536714,maria paz, f ,17/01/2026,"104,85",Amatitlan,Services
518149,Ana Soto ,M,2026-01-10,114.58,Villa Nueva,EDUCATION
557157,isabel ramirez , f ,2026-02-04,323.08,Antigua,EDUCATION
555809,Patricia Soto,F,12/03/2026,"261,18",Antigua,Education
502154,Pablo Perez, m ,18/02/2026,178.17,quetzaltenango,Services
578498,Paola Morales,f,13/03/2026,"421,16",antigua,Services
597788, Ana Soto ,f,2026-01-18,"415,13",guatemala,Retail
592028, Ana Mejia ,F,2026-02-24,, mixco ,RETAIL
562381,Ana Mejia,M,2026-03-22,436.32,VILLA NUEVA,Services
549604,Paola Morales,F,2026-03-20,"365,54",Escuintla,Retail
513100,Ana Diaz, f ,23/02/2026,176.88,Guatemala,Food
581219,PABLO PEREZ, f ,2026-01-09,143.78,VILLA NUEVA,Education
582400,Diego Ramirez,f,17/02/2026,283.99,Escuintla,Retail
541910,Ana Diaz ,f,03/03/2026,"33,60",Escuintla,food
521184,oscar rojas,f,2026-01-21,"339,78",Quetzaltenango,Services
570235,Diego Ramirez,m,2026-03-17,"280,56",ANTIGUA,Food
521083,luis garcia,m,2026-02-06,377.96, Guatemala ,Retail
561378,Isabel Ramirez,f,08/01/2026,"116,20",Amatitlan,Food
563180,Carlos Mendez,f,2026-03-22,"145,21",Amatitlan,Education
518926,Patricia Soto,m,2026-03-25,428.91, escuintla,Education
598841,Jorge Castillo , M ,2026-02-05,82.42,Quetzaltenango,Food
504383,Paola  Herrera,m,04/03/2026,"94,32",Guatemala,Retail
505945,Rene  Soto,M,2026-03-13,"30,64",Antigua,Education
511935,Maria Paz,f,14/01/2026,223.59, Escuintla,Services
555671,Paola Herrera, F ,2026-03-03,153.73,Antigua,services
586677,Ana Diaz, F ,2026-02-22,232.85, quetzaltenango,retail
516591, Isabel Ramirez,F,24/02/2026,"135,52",GUATEMALA,Food
569236,Diego Ramirez,m,2026-03-20,67.11, Quetzaltenango,Food
513702,Paola Morales,f,2026-02-16,"79,99",Mixco ,Education
583274,Patricia Soto,f,2026-02-07,136.26,Guatemala,Retail
517686,Oscar Rojas , f ,21/02/2026,113.15,antigua,Food
542820,Mario Lopez, m ,2026-01-02,"8358,91", villa nueva,Education
586239,Monica  Lopez,F,2026-02-04,"170,25",Antigua,EDUCATION
501376,Patricia Soto,m,2026-02-07,419.04,Guatemala,retail
538027,Paola Morales,f,2026-02-26,448.07,villa nueva,Retail
553989,Pablo Perez,m,2026-03-05,,Villa Nueva,Food
587259,Oscar Rojas , M ,2026-01-21,215.67,VILLA NUEVA ,Services
562694,Ana Soto,m,16/03/2026,"152,67",Antigua,Services
531611,Jorge Castillo, f ,20/02/2026,"81,58",Quetzaltenango,Food
573934,Pedro Herrera , m ,2026-02-19,376.77,Quetzaltenango,Retail
540699,Luis Garcia,M,2026-01-10,445.94, Quetzaltenango,Services
550085,  Isabel Ramirez, f ,13/02/2026,"424,97",Guatemala,Services
553251,Ana Mejia, F ,20/03/2026,423.18, Mixco,Services
501125,Mario  Lopez, m ,2026-02-21,95.11,  Guatemala,Education
565111, Pablo Perez, m ,2026-02-25,81.40,Amatitlan,Education
513191,Pedro Herrera , f ,2026-03-09,345.95,Mixco,Education
511317, Pablo Perez, m ,2026-03-11,"262,57",Antigua ,Food
555144,Ana Mejia,,2026-03-23,"377,95",Amatitlan,Education
559578,julio morales,f,2026-02-26,"191,79",guatemala,food
595452,patricia soto, m ,08/03/2026,"425,75", Villa Nueva,Education
577731, Oscar Rojas ,m,2026-02-19,"74,88", Amatitlan,Food
577560,patricia soto, m ,2026-03-20,"138,19",Mixco,education
584682,luis garcia,m,2026-01-13,84.92, Quetzaltenango ,Education
508611,Monica Lopez,f,16/02/2026,209.75, Escuintla,education
555902,Pablo Perez,M,2026-03-02,"305,08",Antigua,Food
501448,Diego Ramirez, f ,2026-03-01,418.69,N/A,Education
531698,Oscar Rojas,M,2026-03-19,428.43,Guatemala,Education
594555, oscar rojas, M ,15/03/2026,368.81,Amatitlan,Retail
546462, Jorge Castillo, M ,2026-02-10,422.58,Escuintla,Education
569561,Monica Lopez,m,2026-01-13,285.49,antigua,Retail
516396,Jorge Castillo, m ,2026-02-28,312.80,Guatemala ,Services
548129, Pedro Herrera,f,04/02/2026,293.74, Guatemala ,Food
541482,Ana Soto,f,2026-03-05,"270,01", Escuintla,Retail
535838,Julio Morales,M,2026-02-16,196.24,antigua,Services
512252,JULIO  MORALES ,m,2026-03-14,46.68,Guatemala ,retail
505809,ANA SOTO,F,2026-01-21,279.83, Mixco,Services
565194, MARIA PAZ,f,2026-02-21,336.48,ESCUINTLA,Education
576772,Ana Diaz,F,04/03/2026,439.23,Mixco,Food
543137, Lucia Perez,f,2026-03-20,"112,78",quetzaltenango,retail
514167,PAOLA MORALES,f,2026-02-25,"136,25",MIXCO,Retail
594148,Lucia Perez,f,2026-02-28,142.40, Mixco,food
513962,Ana Soto,m,2026-03-01,"263,35",Escuintla,retail
581555,Maria Paz ,m,2026-03-09,339.04,Mixco,Food
553474,Julio Morales, M ,2026-03-09,191.44, Amatitlan,Retail
566011, Ana Mejia, F ,09/02/2026,48.17,Villa Nueva ,Education
517480,Pedro Herrera, M ,21/03/2026,"112,58",Mixco,Food
563565,Ana Mejia, f ,2026-01-28,"328,62",Quetzaltenango,Services
558985,Pablo  Perez , M ,2026-02-11,"154,24", Escuintla,Education
513424,Monica Lopez,f,10/01/2026,96.93,Amatitlan,Food
594609,Pedro Herrera,M,2026-01-01,"93,35",Villa Nueva,Retail
565084,luis garcia ,M,2026-02-15,"193,75",Amatitlan,Food
539936,paola morales, f ,2026-02-01,"21,76",VILLA NUEVA,Education
518084,Isabel Ramirez,f,17/02/2026,280.61,Mixco,Services
574719,Isabel  Ramirez,f,21/01/2026,"401,91",Escuintla,Food
597621,Ana  Diaz,m,2026-01-27,"74,93",  VILLA NUEVA,SERVICES
548573,Paola  Morales, f ,2026-03-19,329.31,Villa Nueva,retail
502359,Ana Mejia,f,22/03/2026,"414,44",Antigua,Retail
509382,maria paz,M,12/01/2026,"28,06",AMATITLAN,Food
560208, Paola Morales,F,2026-03-02,345.98,Quetzaltenango,Education
531881, Rene Soto , f ,2026-03-14,"432,27", VILLA NUEVA,Retail
509513,Julio Morales,m,25/02/2026,291.66,Escuintla,Food
509652,Oscar Rojas,M,2026-03-13,424.34,Antigua,education
553335,Ana Diaz ,f,2026-03-21,27.96,Amatitlan,Food
565178,Oscar Rojas, M ,2026-03-14,202.97,Quetzaltenango,Services
518748,Jorge Castillo,M,01/01/2026,337.85,Guatemala,Retail
574064,Luis Garcia, m ,2026-02-06,"296,84",mixco,FOOD
532753,Pablo Perez, m ,2026-03-13,308.62,guatemala,Retail
573872,Julio Morales ,,2026-01-16,56.42,Villa Nueva,Retail
538677,Luis Garcia,m,2026-02-23,"328,93",Amatitlan,services
517539,luis  garcia ,m,2026-03-11,"226,59", Villa Nueva,Retail
572468,Julio Morales , m ,2026-01-08,"376,31",  Amatitlan,Retail
524682,Monica Lopez, m ,2026-01-20,194.47,Escuintla,EDUCATION
568737,Maria Paz , F ,2026-01-27,"108,26", Escuintla,Retail
556767,patricia soto,m,08/01/2026,"29,97", mixco,Food
542828,Patricia  Soto, F ,2026-03-03,38.04,Escuintla,Food
589705,Ana Soto,m,2026-03-18,"303,25",ESCUINTLA,Services
525563,luis garcia,M,2026-01-28,88.30,Amatitlan,Services
532936,jorge castillo,f,2026-01-24,328.93,Villa Nueva ,FOOD
544667,Carlos Mendez, f ,2026-02-22,260.34,Villa Nueva,Education
530505,pablo  perez, M ,2026-02-11,"304,31",ESCUINTLA,Retail
532483,Diego Ramirez,M,24/02/2026,"364,38",Quetzaltenango,Food
524006,Lucia Perez,F,04/01/2026,"255,04",Villa Nueva,Education
583560,Oscar Rojas, m ,09/01/2026,,Mixco,Education
586799,Ana Soto,f,18/03/2026,152.28,villa nueva,FOOD
552925,Pablo Perez, m ,2026-03-13,"34,55",Mixco,EDUCATION
556184,jorge castillo, m ,2026-02-01,"43,40",Amatitlan ,Services
525510, lucia perez, f ,2026-03-18,247.77,Amatitlan,Education
596904, Monica Lopez,f,2026-02-16,"180,73",MIXCO,Retail
575659,Lucia Perez,F,18/02/2026,136.76,Escuintla ,Education
546918,Diego Ramirez , M ,2026-03-15,223.00,Amatitlan,Retail
593621,Mario Lopez,m,2026-02-10,88.52,Villa Nueva,Education
590786,Paola Herrera,F,2026-01-06,151.18,Guatemala ,food
580559, LUIS GARCIA, m ,15/03/2026,"167,22",Mixco,retail
520671,Carlos Mendez,F,2026-02-19,"193,42",Quetzaltenango,Education
592689,Julio Morales, m ,2026-01-04,230.30,Mixco ,Services
551478,Rene Soto, f ,2026-02-26,342.07,Amatitlan ,Education
509301,Pablo Perez, m ,02/01/2026,,Antigua ,services
593921,Diego Ramirez,m,2026-01-03,"165,85",Quetzaltenango,SERVICES
553903,PAOLA HERRERA,f,2026-03-10,"365,30",Antigua ,Education
509181, diego ramirez,f,2026-02-03,"372,30", Guatemala,Food
567303,Mario Lopez,f,2026-01-03,"274,55",Mixco,services
505575,Carlos Mendez,m,02/02/2026,380.17,ESCUINTLA,education
531903,Ana Soto,m,2026-02-02,148.31,Villa Nueva,Food
581089,rene soto, F ,27/01/2026,"4402,37",Antigua,SERVICES
557138,Ana Mejia,f,2026-03-23,"57,33",Villa  Nueva,FOOD
504840,Oscar Rojas, M ,2026-02-12,303.70,Mixco,Education
564478,Oscar Rojas,M,2026-02-20,,Antigua,Food
585187,PEDRO HERRERA, m ,05/03/2026,"415,05",Antigua,SERVICES
501303,Pedro Herrera,,03/03/2026,"365,23",Antigua,services
506537,Oscar Rojas,m,2026-03-01,"225,35",antigua,Food
521010,PAOLA  MORALES,f,2026-02-17,"49,29",Escuintla,Education
518080,Luis Garcia, M ,2026-03-07,"404,27",MIXCO  ,Retail
543016,Rene  Soto, m ,2026-03-03,"280,88",Antigua ,Food
545027,Maria  Paz,f,2026-01-16,95.53,Antigua,Services
508278,Patricia Soto,f,27/03/2026,"398,17",Amatitlan,Education
554835,  Monica Lopez, f ,14/01/2026,193.26,Villa Nueva,Education
579673,Ana Diaz,f,2026-03-28,343.88,Villa Nueva,EDUCATION
527298,Rene Soto,m,2026-02-22,170.77,Quetzaltenango,Retail
591663,Paola Morales,m,02/03/2026,349.81,Escuintla,Food
559531,DIEGO RAMIREZ, m ,27/03/2026,,Escuintla,Education
516041,Paola Herrera, f ,2026-03-14,"249,82", Antigua,Retail
562980,Maria Paz, m ,18/02/2026,"338,92",Antigua,Retail
575760,Jorge Castillo,M,2026-03-15,"68,58",Mixco,Education
547818, Pedro Herrera, M ,2026-01-16,"297,61",Guatemala,Services
583240,Mario Lopez, M ,2026-03-25,148.46,Quetzaltenango,Food
566710,MARIO LOPEZ ,m,2026-01-15,137.31,Quetzaltenango,Food
584495,Pedro Herrera, f ,10/02/2026,422.47,Escuintla,Food
542011, Patricia Soto,f,01/01/2026,"378,76",Villa Nueva,Retail
590538,Pedro Herrera, M ,2026-01-05,"306,52",Guatemala,Retail
548407,pedro herrera,M,2026-02-16,411.03,Guatemala ,Retail
598770,Rene Soto, M ,2026-02-23,202.50,Amatitlan ,RETAIL
596588,JORGE CASTILLO,F,28/01/2026,289.16,amatitlan ,Food
527364,paola  morales,f,2026-03-26,"398,33",Guatemala,Food
553244,pablo perez, m ,2026-01-09,125.30,Villa Nueva,Food
577214,Luis Garcia,m,03/01/2026,,Escuintla,FOOD
580925,Jorge Castillo,M,04/01/2026,39.57, Quetzaltenango,Retail
500446,ana diaz,f,2026-03-05,"25,88",QUETZALTENANGO ,Retail
596787, Ana Soto,m,09/01/2026,"232,39",Villa  Nueva,Services
543155,Pablo Perez,m,2026-01-27,269.99,AMATITLAN,Services
560454,Ana Soto,f,16/03/2026,"106,46",Antigua,Services
582256,Paola Morales,f,20/01/2026,"289,91",Villa Nueva,Food
564605,OSCAR  ROJAS,M,2026-01-16,"435,80",Mixco ,Food
512708,Jorge Castillo,M,2026-03-02,"50,02",Quetzaltenango,food
594298,Pedro Herrera , m ,2026-02-23,"132,59",GUATEMALA,Services
518982,Ana Soto, F ,2026-02-07,445.11,Antigua,Food
566233,Diego Ramirez, f ,19/01/2026,"307,15",QUETZALTENANGO,Services
580268,ana soto,F,13/02/2026,"78,48",Villa Nueva,Retail
560041,Maria Paz,,2026-03-09,"266,03",Escuintla,Services
504860,Oscar Rojas,M,2026-03-15,30.23, quetzaltenango,Services
511237,pablo perez, m ,2026-02-03,"189,16",Guatemala,RETAIL
579296,Isabel Ramirez, f ,2026-01-12,312.22,Quetzaltenango,Retail
518348,Paola Herrera ,F,2026-02-05,189.67,AMATITLAN,EDUCATION
589569,Patricia Soto,f,2026-03-12,8412.48,Villa Nueva ,Services
509849,paola herrera,f,23/01/2026,"87,21",Guatemala,Services
580559,Ana Soto,f,2026-03-09,58.39,MIXCO,Services
581733,Mario Lopez,m,25/01/2026,27.34,mixco,Food
517203,Patricia Soto,m,2026-03-05,,Guatemala ,Retail
586467, Paola Herrera, f ,2026-02-04,"101,30",Villa Nueva,services
521271,Paola Morales,f,2026-02-10,"174,73",antigua,Retail
567732,CARLOS MENDEZ, m ,2026-01-25,8838.31,Quetzaltenango,Retail
551556,Luis Garcia,M,2026-01-28,"339,19",Guatemala,FOOD
572885,Jorge Castillo,m,2026-01-07,"368,80",Guatemala,Food
560292,Mario Lopez,m,2026-03-05,259.60,Escuintla,Retail
535754,oscar rojas,M,26/02/2026,"405,83",Escuintla,EDUCATION
531859,Patricia Soto,,2026-03-09,447.11,Amatitlan,Food
533143,Ana  Diaz, f ,2026-03-01,7426.44,Villa Nueva,Education
556135,Oscar Rojas, m ,2026-02-12,102.44,Amatitlan,Services
592765,Rene Soto, M ,08/02/2026,"333,18",Quetzaltenango,Education
502466, Oscar Rojas, m ,02/01/2026,"93,92",Villa Nueva ,food
523316,Pedro Herrera , M ,25/03/2026,"5913,27",Escuintla ,Services
581776,Rene Soto, m ,2026-01-15,29.04,Guatemala,Food
544352,LUCIA PEREZ, m ,08/01/2026,167.73,Escuintla  ,Education
576163, PEDRO HERRERA, M ,2026-01-04,,  Quetzaltenango ,Education
527566,Paola Morales,m,2026-03-14,"198,97",Guatemala,Education
563448,Jorge Castillo,m,2026-01-22,167.40, escuintla,Food
524999,Pedro Herrera,f,2026-02-07,"98,00",Quetzaltenango,Retail
522398,ISABEL RAMIREZ,f,28/03/2026,"438,47",Quetzaltenango,EDUCATION
562969,Monica Lopez ,f,2026-01-16,136.96,Escuintla,education
564302,Luis Garcia, M ,2026-01-28,351.12,quetzaltenango  ,Services
583288,Carlos Mendez,m,2026-01-25,"40,53",Quetzaltenango ,Education
576114,LUCIA PEREZ, f ,2026-03-26,360.55,Antigua,retail
572556,ANA SOTO,m,2026-03-10,"209,51",Mixco,Food
527755,Ana Diaz,,28/01/2026,"76,86",Antigua,Food
597233,Carlos  Mendez,,17/01/2026,"156,03",Antigua,Education
515324, Diego Ramirez , m ,2026-03-04,203.99,Antigua,FOOD
531868,Diego Ramirez , m ,2026-02-25,"168,22",Mixco,Education
563509,pedro herrera,M,2026-03-18,"255,22",Guatemala,RETAIL
592845, jorge castillo,m,26/03/2026,144.37,Guatemala,Retail
530650,Isabel Ramirez,f,2026-01-08,"242,73", Antigua,Food
558194,Lucia Perez,f,2026-03-26,"155,76",Amatitlan,Services
564161,Paola Herrera , f ,19/01/2026,"365,47",Villa Nueva,Food
538249,pedro herrera, m ,2026-01-12,"284,06",GUATEMALA ,Food
595990,Pedro Herrera, f ,22/02/2026,"21,47", Escuintla,Services
554897, isabel ramirez , F ,2026-03-12,"420,55",VILLA NUEVA,Services
560923, Rene Soto, f ,2026-01-27,"448,23",Antigua ,Services
543626, Rene Soto ,f,05/01/2026,"334,42", Escuintla,SERVICES
553370,Oscar Rojas,M,03/02/2026,53.13,Villa  Nueva,Services
546359, Jorge Castillo, M ,2026-02-09,300.11,VILLA  NUEVA,Education
545303,PAOLA HERRERA, M ,2026-02-18,"90,55",Villa Nueva,Services
525133,Mario Lopez, m ,2026-01-26,,ANTIGUA,RETAIL
513170,Luis Garcia, m ,2026-01-14,20.69,Escuintla,Education
537139,Mario Lopez ,m,2026-02-19,281.53, Mixco,Food
542685,lucia perez,,09/03/2026,119.96,Villa Nueva,FOOD
536949,Isabel Ramirez,F,2026-02-11,"194,80",VILLA NUEVA,Food
530733,Carlos Mendez, M ,2026-03-23,227.45,Escuintla,Food
535941,Diego Ramirez, m ,07/01/2026,"341,61", Quetzaltenango,education
551745,Monica Lopez,f,2026-02-02,"272,14",Quetzaltenango,Education
505925,Mario Lopez,f,07/03/2026,123.58,Guatemala,Education
540638,Ana Mejia,f,2026-02-16,224.16,Quetzaltenango,Education
596576,Paola Morales,f,2026-01-26,446.08, Mixco,FOOD
564732,pablo perez,M,2026-03-15,90.77,Amatitlan,Retail
500604,Patricia Soto,f,11/03/2026,44.31,Escuintla,Services
599444,Julio Morales , m ,2026-01-02,"316,33",Mixco ,RETAIL
599282,ANA SOTO, f ,26/01/2026,98.73,Escuintla,Services
533790,Carlos Mendez, m ,07/03/2026,270.88, Guatemala,food
553191,Mario Lopez, m ,2026-03-25,"268,35",Antigua,Retail
579759,Paola Herrera,F,26/03/2026,"305,02",antigua,Food
586321,Ana Soto, f ,17/01/2026,"82,67", Amatitlan,Education
599429, mario lopez,m,2026-02-11,418.08,Amatitlan,Retail
507298, Julio Morales,M,2026-02-18,"23,44",mixco,Education
552357,Ana Soto,f,2026-03-06,,AMATITLAN,EDUCATION
510667,Pablo Perez ,m,2026-03-11,"29,18",Guatemala,Services
597311, Paola Morales, f ,2026-02-18,,Guatemala,FOOD
524360,Jorge Castillo ,m,2026-01-07,"96,46",QUETZALTENANGO,Retail
534492, PEDRO HERRERA,m,2026-03-28,209.49,Amatitlan,Retail
521327,Diego  Ramirez,f,2026-01-11,"220,90",Antigua,Food
583388, pablo perez, f ,2026-02-01,"322,41",ANTIGUA,Retail
558250,Jorge Castillo, m ,2026-02-06,406.28,MIXCO,Education
571759, Luis Garcia, m ,2026-02-25,"42,39",Quetzaltenango,Education
515664,Paola Morales,f,28/02/2026,67.17,Villa Nueva ,Retail
591946,Lucia Perez,f,24/02/2026,265.37,Mixco,Food
540565,monica lopez , f ,2026-02-10,"184,24",Guatemala  ,Education
599218,PABLO PEREZ,M,2026-01-16,204.25,Antigua,Education
517341,Julio  Morales , m ,13/01/2026,"254,11", Escuintla,Education
545515,ISABEL RAMIREZ,F,2026-03-07,"354,01",QUETZALTENANGO,Food
554469,Paola  Morales,f,2026-03-05,330.39,Guatemala,Services
583088,Ana Mejia, f ,2026-03-01,,Mixco ,Retail
555504,Luis Garcia, f ,22/01/2026,258.10, Quetzaltenango,Retail
511213,Patricia Soto,F,2026-01-22,"347,43",Guatemala ,Retail
594480,Paola Morales, f ,2026-02-20,"261,12",Villa Nueva,education
581841,Rene Soto ,m,2026-02-13,334.22,Mixco,Services
522124,Jorge Castillo, m ,17/03/2026,"23,54",villa nueva ,food
574109,Carlos Mendez, m ,2026-01-27,334.02,Escuintla,Food
547230,Diego Ramirez,f,2026-02-24,"43,81",Escuintla,RETAIL
532587,Ana Mejia,F,2026-03-06,40.22,Mixco ,EDUCATION
520721,Pablo Perez,m,2026-02-20,162.53,MIXCO ,retail
576222,PAOLA  MORALES,f,2026-03-21,354.80,Guatemala,Education
544103,Ana Diaz,f,2026-03-10,"268,20", Escuintla,Food
548920,Julio Morales,,2026-02-18,"391,94",Amatitlan  ,Retail
593580,Pablo Perez,M,2026-03-21,"206,37",Antigua,Services
574825,Ana Soto, M ,2026-01-18,"320,64",Quetzaltenango,Services
512624,Isabel  Ramirez,f,2026-02-14,"287,36",Antigua,Services
526902,Pablo Perez , m ,2026-02-01,"116,34", Guatemala,Retail
506450,Monica Lopez, f ,2026-02-23,"332,97",ANTIGUA  ,Food
592679,Oscar Rojas,m,15/03/2026,"366,73",Villa Nueva,Services
598593,Diego Ramirez, M ,2026-01-28,"77,03",GUATEMALA,Food
584165,Julio Morales,m,26/02/2026,231.28,Antigua,Education
551008,paola herrera,F,2026-03-25,"210,24",Mixco,Services
561655,Maria Paz , M ,07/01/2026,,Guatemala,Services
510583,Ana Mejia,F,2026-02-03,"216,00",Amatitlan ,RETAIL
567072,paola herrera,F,2026-02-10,"240,12",Escuintla,Retail
510265,Pablo Perez, m ,2026-01-01,"211,10",Mixco,Food
582312,Diego Ramirez,m,2026-03-27,"271,30",Villa Nueva ,Education
572464,Paola Morales, f ,2026-03-10,"24,71", Antigua,Retail
545661,ANA SOTO,f,2026-01-27,"216,64", Guatemala,Retail
519743,Diego  Ramirez,m,2026-02-20,385.92,  VILLA NUEVA,services
524427,paola herrera,f,2026-03-17,"35,92",MIXCO,Services
548139,Pedro Herrera, m ,2026-01-02,218.23,Escuintla,Food
567806,paola morales, m ,2026-01-07,194.01,Guatemala,Food
586591,Monica Lopez, M ,2026-02-02,384.53,Antigua,Food
506221,Luis Garcia ,m,23/01/2026,322.34,GUATEMALA,Retail
534052,Jorge Castillo, m ,2026-02-24,"101,52",Escuintla,education
554231,Luis Garcia,f,2026-02-24,"182,94", AMATITLAN,Retail
551441,Maria Paz, m ,17/03/2026,392.00,Amatitlan,Retail
518390, Pablo Perez,M,2026-01-14,"324,40",Antigua,Food
526666,Ana Soto, F ,2026-01-25,361.98,GUATEMALA,RETAIL
575250,MARIO LOPEZ,M,2026-02-14,317.60,Antigua,Services
550860,Ana Diaz ,f,2026-02-03,427.83,mixco,Food
592427,Paola Morales,F,2026-02-07,"286,35",Mixco,Food
587319,Diego Ramirez,m,2026-01-11,8327.76,Amatitlan,education
507925,Diego Ramirez,F,2026-02-12,398.24,Escuintla,Education
530701,Monica Lopez,F,2026-03-09,"260,40",Villa Nueva,Food
597744,Patricia Soto,f,2026-02-23,, Mixco ,Education
572930,Carlos Mendez, m ,2026-03-10,"192,47",Amatitlan,Retail
527808, Mario Lopez,m,2026-03-03,93.17, guatemala,Services
575523,Jorge Castillo, M ,2026-02-16,"412,53",Antigua,Education
526261,Pedro Herrera,M,2026-02-09,"154,87",Antigua,retail
503968, Diego Ramirez,M,2026-02-06,"219,72", amatitlan ,Education
566998,Carlos Mendez, m ,2026-02-02,383.27,QUETZALTENANGO,Services
564220,Ana Mejia ,f,2026-02-24,"343,27",Antigua,services
511939,Pablo Perez,M,2026-03-10,"364,67",Escuintla,Education
581009,  rene soto, m ,24/01/2026,"51,20",Guatemala,RETAIL
547370,Patricia Soto,,28/01/2026,314.87,Amatitlan,retail
516196,  ANA DIAZ, M ,2026-03-09,"62,77",Guatemala ,Retail
592550, Lucia Perez,f,2026-02-01,, AMATITLAN,Education
504150, ANA SOTO , F ,2026-03-12,87.23,Guatemala ,Education
512380,luis garcia,f,23/03/2026,25.65,Guatemala,Retail
523282,Patricia Soto,f,12/01/2026,383.29, Antigua,Services
538344, Jorge Castillo,m,2026-02-17,290.95, Amatitlan,Food
552244,Patricia Soto ,f,2026-01-14,"443,40",N/A,Education
588979, Paola Morales, F ,2026-01-11,142.28, ANTIGUA,Retail
561924, Ana Diaz ,f,21/03/2026,62.71,GUATEMALA,Services
503100,Carlos Mendez,m,05/03/2026,"102,71",Villa Nueva,Education
535128,Ana Diaz, f ,2026-02-11,"319,15",amatitlan,Services
512185,Rene Soto,m,2026-03-22,403.11,Amatitlan ,Services
501324,Oscar Rojas, m ,2026-01-11,237.02,quetzaltenango,Food
559343,Pedro  Herrera, f ,2026-01-15,"416,66",Antigua,education
533229,Julio Morales,f,2026-02-02,135.39,QUETZALTENANGO  ,Services
528571,Lucia  Perez, f ,2026-01-06,145.39,Villa Nueva,Services
583028,isabel ramirez , F ,2026-02-13,201.60,Antigua,services
570539,Maria  Paz,f,2026-02-14,"40,97", Escuintla,food
581138,Paola Morales ,f,23/02/2026,, Amatitlan,Education
599595,ana diaz,F,2026-01-16,406.02,Amatitlan,FOOD
547034,Diego Ramirez, m ,16/02/2026,226.35,Mixco,Retail
562505,Ana Diaz,f,2026-03-03,"194,13",Guatemala,Food
530322,Maria Paz,f,2026-03-12,"240,27",guatemala,Food
553976,julio morales, M ,2026-03-23,"131,03",Quetzaltenango,Education
550657,Isabel Ramirez,F,2026-03-18,152.93,Amatitlan,Education
572441,Maria Paz ,f,2026-03-08,"317,99",Villa Nueva,Services
521045,Ana Mejia ,F,26/02/2026,173.70,antigua,Services
536955,Maria Paz,f,2026-01-18,45.77,Mixco,food
572565,PABLO PEREZ, M ,10/01/2026,"255,52",escuintla,Services
554408,Diego Ramirez, M ,2026-01-05,"326,98",Mixco,Food
517773,Isabel Ramirez,F,06/03/2026,406.20,Escuintla,Food
581956, Oscar Rojas,m,2026-03-02,224.06,Villa Nueva,Services
536269,Maria Paz ,f,09/01/2026,"255,80",Guatemala,Retail
507170,lucia perez,f,2026-03-01,87.29,Amatitlan,Services
543028,Lucia Perez, m ,2026-03-01,"197,69",amatitlan,Education
587222,ISABEL RAMIREZ,m,2026-02-17,429.81,Villa  Nueva,Education
505430,Maria Paz,f,20/02/2026,"149,24",Quetzaltenango ,retail
598663,Jorge Castillo, f ,2026-03-01,"191,17", Escuintla,Education
565634,Ana Mejia,f,2026-01-04,"92,24",Quetzaltenango,Education
543700,Carlos Mendez , f ,2026-03-10,"340,83",Amatitlan ,Food
524515,Julio Morales,M,2026-03-06,"205,37", Mixco ,Services
549401, PABLO PEREZ,m,2026-02-12,78.23, Amatitlan,Services
544892,jorge castillo , M ,2026-01-26,"327,50",Quetzaltenango,Services
590920,Ana Mejia ,F,2026-03-01,"328,90",Villa Nueva,retail
585546,Luis Garcia, M ,2026-01-19,"240,82",GUATEMALA ,Food
556714,Pablo Perez,m,20/02/2026,115.17, MIXCO,food
538891,Oscar Rojas,M,2026-02-23,"365,27", antigua,Services
500119,Paola Herrera,f,23/02/2026,"302,69",Villa Nueva ,Services
578217,Oscar Rojas, M ,27/01/2026,"208,78",Mixco,Food
598997,PEDRO HERRERA,m,2026-02-15,"273,05",Villa Nueva,Education
524265,Julio Morales, f ,2026-01-22,381.59,Antigua,Education
559043,Rene Soto, M ,2026-02-07,313.82,ANTIGUA,Food
560147,Rene Soto ,M,2026-03-26,134.34,Antigua,Services
549508,Ana Diaz,f,2026-01-12,,escuintla,FOOD
512287,ana mejia,f,2026-03-27,48.12,Amatitlan,Services
531302,Maria Paz , M ,2026-03-15,374.20, Guatemala,Food
550185,Patricia Soto,f,2026-01-18,"213,29", ESCUINTLA,Retail
536789,pablo perez, M ,2026-03-03,"370,14",MIXCO,education
517636,Pablo Perez,M,02/02/2026,220.11,Villa Nueva,food
505698,Maria Paz, f ,2026-01-19,107.58,AMATITLAN,Services
595376,Paola Morales, f ,2026-03-04,"246,56",Mixco,EDUCATION
505649,ana soto,F,2026-03-10,"163,17",Villa Nueva,RETAIL
549353,Maria Paz,M,2026-03-13,,Quetzaltenango ,Food
584431,luis garcia,m,2026-03-12,"153,03",Antigua,Retail
584244,PATRICIA SOTO, m ,13/02/2026,"172,54",Antigua,Food
549848,carlos mendez, m ,19/03/2026,"291,06",mixco,Services
553968,Patricia Soto,f,2026-01-04,,ESCUINTLA ,Retail
567086,Rene Soto,m,2026-03-08,230.72,Quetzaltenango,Education
521045, CARLOS MENDEZ ,m,2026-03-03,"246,16",Amatitlan,SERVICES
513959,Jorge  Castillo,M,2026-01-02,"382,64", escuintla,Food
565016, Ana Diaz, f ,01/02/2026,233.72,Antigua,Food
556332,Carlos  Mendez, M ,2026-01-12,,Escuintla,retail
565532,Ana Mejia,f,2026-02-13,"87,80",Villa Nueva ,Food
503893,Pedro Herrera,M,08/02/2026,338.90,Escuintla,Services
544873, Ana Diaz, f ,08/02/2026,162.79,Villa Nueva,FOOD
504111,Pedro Herrera,m,2026-03-03,442.96,Mixco,Food
524483,Paola Morales,f,06/03/2026,87.54,Escuintla,Services
583787,Carlos Mendez,f,2026-02-19,,Mixco ,Services
553997,Lucia Perez,F,2026-01-27,219.07,Quetzaltenango,Education
539910,Jorge Castillo,f,25/02/2026,159.89,Quetzaltenango ,Services
583948, lucia perez,f,2026-02-14,"53,93", Mixco,Retail
573138,Maria Paz,,25/02/2026,"51,45",Escuintla,Food
501641,Ana  Soto,F,2026-02-01,106.06,Amatitlan,Education
562912,Jorge Castillo, m ,20/02/2026,"93,06",guatemala,Retail
550652,Diego Ramirez,f,2026-03-11,"399,52",Antigua,Food
506521,Ana Mejia, F ,05/03/2026,"345,88",Antigua,Retail
518745,Julio Morales,,2026-03-08,404.15,Quetzaltenango,Services
544470,Paola  Morales,f,2026-02-28,,Amatitlan,EDUCATION
530307,Patricia Soto,f,2026-02-09,280.93,guatemala,Services
529792,Luis Garcia ,m,2026-02-13,,antigua,Food
540826,Paola Morales,m,18/01/2026,227.22,Villa Nueva,Services
574693,Isabel Ramirez , f ,2026-03-20,"122,02", GUATEMALA,services
586903,Ana Mejia, F ,2026-01-18,389.10,Quetzaltenango,FOOD
508106,Rene Soto, f ,2026-02-21,54.40,Guatemala,Services
504719,Mario Lopez ,M,2026-03-02,430.74, Amatitlan ,Education
550633,Ana Diaz,F,2026-01-27,293.11,Quetzaltenango,SERVICES
507087,Ana Soto, F ,2026-02-22,"205,33",Guatemala,food
500301,Pablo Perez,m,2026-03-03,434.91,Amatitlan,food
529476,Monica Lopez ,F,2026-02-24,"325,21",Mixco,Food
565069, Rene Soto ,m,15/03/2026,"370,50",guatemala,Retail
549310,Patricia  Soto, F ,2026-01-16,288.00,Villa Nueva,Food
503883,Monica Lopez,f,2026-03-27,"176,19",Villa Nueva ,services
571527,Diego  Ramirez,m,2026-03-16,"4480,54",Escuintla,Food
568715, LUCIA PEREZ, m ,2026-02-14,328.58,Villa Nueva,Food
568355,ana soto,f,2026-03-06,28.93,Antigua ,Food
596056, Jorge Castillo,F,09/02/2026,302.28,Mixco ,Food
588710,Pablo  Perez, M ,2026-03-27,"160,00", VILLA NUEVA,Food
550496,Pedro Herrera,m,09/02/2026,99.86,Guatemala,Education
567072,paola herrera,F,2026-02-10,"240,12",Escuintla,Retail
576302, JULIO MORALES, m ,2026-03-11,403.72, Villa Nueva,Food
519568,oscar rojas,M,2026-01-24,"355,00",Villa  Nueva,Food
539075,Rene Soto,M,2026-02-09,, Antigua,Education
592512,  Patricia Soto , f ,2026-01-01,39.57,GUATEMALA,Food
567291,Isabel Ramirez, f ,16/01/2026,4192.90,Escuintla,retail
544864,MARIO LOPEZ , m ,2026-01-28,284.76,Amatitlan,Education
584116,Paola Herrera, f ,2026-02-25,"339,58",Villa Nueva,Retail
510255,OSCAR ROJAS,m,27/03/2026,311.12,Escuintla  ,retail
599085,Julio Morales,f,2026-01-21,247.62, Guatemala,SERVICES
586427,DIEGO  RAMIREZ,m,2026-01-23,310.99,Mixco,Retail
591300,Ana Diaz,f,2026-01-16,,Antigua,Food
526229,ISABEL RAMIREZ, F ,2026-02-25,"164,48", Amatitlan,Education
549693,Paola Herrera,f,2026-02-13,"181,34", MIXCO,EDUCATION
597093, Ana Mejia, F ,2026-01-25,"65,14",Quetzaltenango ,Retail
536892,Oscar Rojas ,m,16/02/2026,,Antigua,Education
556129,Pedro Herrera,f,26/03/2026,"212,29",Antigua,Retail
580571,Rene Soto,m,15/02/2026,55.66,Quetzaltenango,Services
529221,Pablo Perez,m,2026-02-08,"348,60",Mixco,Services
596270,Maria Paz , f ,2026-01-03,256.37,Escuintla,Retail
523204,paola morales,f,2026-01-01,"5846,15", Antigua,Food
565486,Rene Soto,f,20/01/2026,377.31,Quetzaltenango,Food
563982,Paola Morales,M,2026-03-09,78.43,Quetzaltenango,Food
563047,Paola Morales, f ,09/02/2026,361.04,Antigua  ,Education
544082, MARIA PAZ, m ,2026-02-24,"381,57",Amatitlan,services
590270,Ana Mejia, f ,2026-03-24,,escuintla,FOOD
506529, Paola Herrera,f,2026-01-27,"207,46",Escuintla,Education
573312,Carlos Mendez, m ,2026-03-02,409.02,Villa Nueva,Retail
596051,Julio Morales, m ,2026-02-14,"345,77",Amatitlan ,SERVICES
531986,Paola Morales ,M,2026-02-25,"396,77",Amatitlan,Services
582150,Monica Lopez ,m,22/02/2026,153.19, Guatemala,Education
575784,Monica Lopez,F,05/01/2026,"129,84",Escuintla,education
551537,Paola Herrera , f ,2026-03-15,111.09,VILLA NUEVA ,Education
585488,ana diaz, f ,2026-01-25,"355,68",villa nueva,Food
536684, Lucia Perez ,f,2026-01-12,260.52,ESCUINTLA ,Services
556430,oscar  rojas ,M,14/01/2026,360.86,Antigua,Retail
580644,Ana Diaz, f ,2026-01-17,,Antigua,EDUCATION
573397,Lucia  Perez, F ,10/03/2026,297.94,Guatemala,Retail
529864,Pablo  Perez,M,28/02/2026,"228,29", Antigua,Retail
539156, Monica Lopez, f ,2026-01-21,,QUETZALTENANGO,Food
591155,Julio Morales,m,2026-03-02,287.19,Antigua,Services
549306,Mario Lopez, m ,14/02/2026,124.94,Mixco,Retail
581730,Diego Ramirez,M,20/03/2026,"403,92",Mixco,Food
541351,Pablo Perez, m ,19/02/2026,342.43, Guatemala,SERVICES
578327,ANA MEJIA ,m,2026-01-01,"435,74",villa nueva,SERVICES
546572,Oscar Rojas,,03/02/2026,301.07,Quetzaltenango,Food
586768,Pedro Herrera,,17/03/2026,,Villa Nueva,Education
583084,Jorge Castillo ,m,28/02/2026,"444,11",Quetzaltenango,Retail
529678,Patricia Soto,,2026-03-20,"438,95",AMATITLAN,Services
572836,Luis Garcia,f,2026-03-06,411.58,Guatemala,Retail
516204,JORGE CASTILLO,,2026-01-07,"89,05",AMATITLAN,Services
593392,Pablo Perez, M ,2026-02-04,143.05,Escuintla,Services
593074,Diego Ramirez, M ,2026-03-21,168.48,Escuintla,Retail
535190,OSCAR ROJAS,f,2026-01-12,143.70,Amatitlan,education
597874,Ana Diaz, F ,2026-02-23,"231,82",Amatitlan,RETAIL
567983,Lucia Perez,f,2026-02-15,"432,57",Antigua,RETAIL
549853,Pablo Perez,m,2026-01-16,361.10, amatitlan,FOOD
556917, Paola Morales , m ,2026-02-09,"188,56",Quetzaltenango,Food
509933,Maria Paz, F ,2026-03-14,,Quetzaltenango,Food
582555,Ana Soto,f,2026-02-05,"95,68", Quetzaltenango,food
590214, ANA DIAZ,f,2026-02-10,"99,61",QUETZALTENANGO ,Retail
590479,Paola Morales,f,2026-02-16,"216,53",Guatemala,food
527211,Oscar Rojas, M ,2026-03-22,345.47,Guatemala,Food
514605,Paola Morales,f,2026-02-19,184.52,AMATITLAN,Services
588797,Paola Morales,F,2026-02-25,"392,34",Escuintla,SERVICES
524024,Luis Garcia, m ,2026-01-08,"221,73",Escuintla,Retail
559973, Ana Soto,f,2026-03-04,"303,06",Mixco,EDUCATION
573097, LUCIA PEREZ,,2026-01-08,"246,70",Mixco,EDUCATION
571055,Diego Ramirez, f ,2026-01-04,301.89,Guatemala,Food
558611,Mario  Lopez, m ,2026-02-19,429.27,Villa Nueva,Education
510144, Jorge Castillo ,m,17/02/2026,,Escuintla,Retail
527875,Maria Paz ,f,2026-02-19,"58,43",Quetzaltenango,Education
541553,Paola Herrera, m ,2026-01-05,170.41,Mixco,services
521058,  julio morales, M ,2026-02-25,"183,18",ANTIGUA,Education
504370, Paola Morales ,f,2026-01-05,"132,23",Quetzaltenango,RETAIL
593951,monica lopez,f,2026-02-10,"287,17",Villa Nueva,Retail
593684,Paola Herrera, F ,2026-01-08,,Antigua,Education
542695,Ana Soto,m,2026-01-02,"379,56", Amatitlan,Retail
536019,Monica  Lopez, f ,2026-02-11,195.80,Guatemala,retail
530778,Ana  Diaz,f,22/01/2026,"103,09",Mixco,Education
574975,RENE SOTO,M,2026-02-22,,escuintla,Food
589764,Paola Herrera ,f,2026-03-05,"4494,89",Mixco ,Retail
514271,carlos mendez ,M,2026-01-25,"206,04",Guatemala,Services
506825,Ana Mejia,F,2026-01-06,"249,59", Guatemala,Education
593021,Oscar  Rojas, m ,2026-03-15,"437,17",Antigua,Food
593127,Ana  Diaz ,f,2026-03-02,316.58, Mixco,Food
555600,Monica Lopez,f,2026-01-08,"431,68",Amatitlan ,FOOD
566685,Rene Soto,m,2026-02-01,"129,10", Villa Nueva,Education
590600,Julio Morales,,2026-02-18,310.58,Quetzaltenango,FOOD
527467,Monica Lopez,f,2026-01-20,"408,14",Guatemala,Food
548596,Patricia Soto, F ,2026-03-20,"314,20",Mixco,Retail
502656,Mario Lopez, M ,2026-03-09,"401,77",Mixco,Food
592882,Rene Soto,f,2026-01-10,406.48,Amatitlan,Education
527630,Oscar Rojas, M ,28/03/2026,141.54,Mixco,Retail
597518,Paola Herrera,f,2026-01-08,"79,25", Amatitlan,food
534912,Mario Lopez,m,2026-03-17,237.27,Quetzaltenango,Services
520501,Rene Soto,m,2026-01-19,416.40,Escuintla ,Retail
522353, Pedro Herrera,m,2026-02-22,"8204,71",Mixco  ,EDUCATION
562639,Ana Mejia, f ,23/02/2026,215.41,Guatemala,Food
518202,Paola Morales,f,2026-02-07,59.68,AMATITLAN,retail
553963,pedro herrera,M,2026-01-19,"385,06",Amatitlan,Education
521182,Luis Garcia,M,2026-01-20,39.31,Quetzaltenango,Retail
509025,Paola Morales,f,2026-03-01,178.10,Escuintla,Food
509646,Mario Lopez,m,04/01/2026,"169,02",Amatitlan,Services
515578, JULIO MORALES,m,2026-01-09,"217,74",Escuintla ,Retail
597602,Lucia Perez, F ,2026-03-23,"216,32",  Guatemala,Services
527108,Carlos Mendez,m,2026-03-10,"413,05",Mixco,Services
560762,Carlos Mendez, M ,08/03/2026,"157,56",Quetzaltenango,Education
542501,Monica Lopez,f,2026-03-25,208.15,Guatemala,Food
599856,Ana Soto,F,17/02/2026,302.95,Mixco,Retail
555046, Paola Herrera,f,2026-03-23,"4475,33",Antigua,Education
554414, Pedro Herrera,m,2026-02-18,391.12,Escuintla,Services
520310, Julio Morales,M,2026-03-19,"194,21", Quetzaltenango,Retail
560923, Rene Soto, f ,2026-01-27,"448,23",Antigua ,Services
549474,Oscar Rojas,M,2026-03-25,322.51,Mixco,Services
535916,MARIA  PAZ,F,07/02/2026,288.93,Mixco ,Food
549662, Monica Lopez,m,22/02/2026,"212,36",Quetzaltenango,sin dato
556894,Luis Garcia , m ,2026-02-17,"368,04",Quetzaltenango,Services
560012,Luis Garcia, m ,2026-03-14,103.26,Villa Nueva,retail
574828,  pablo perez,f,2026-02-01,"295,60",Mixco,Retail
510284, PABLO PEREZ, M ,2026-03-12,"302,30",Amatitlan,Education
531020,Maria Paz ,F,2026-03-10,71.98,Escuintla,Retail
563721, Carlos Mendez,m,2026-01-04,417.21,Antigua,Retail
523334,Maria Paz, f ,2026-03-24,"203,08",mixco,Education
550670,Julio  Morales,M,2026-02-28,210.81,Guatemala,Food
510891,Paola Herrera, F ,2026-03-11,308.34,ANTIGUA,Retail
579072,lucia perez,M,2026-02-24,"235,27",Guatemala,Retail
571130,Lucia Perez,f,2026-03-07,"112,91",Amatitlan,Food
558956,LUCIA PEREZ,M,2026-01-20,75.44,villa  nueva,Services
546978,JULIO MORALES,m,05/01/2026,"272,00", Villa Nueva,Food
534417,Luis Garcia,m,2026-03-21,"223,77", Quetzaltenango,Food
575882,Ana Diaz,F,02/03/2026,"259,01",  Amatitlan,Education
510791, monica lopez,m,2026-01-14,"435,54",Amatitlan,Retail
562771, Monica Lopez,F,2026-02-19,"330,41",Antigua,Services
544287, Monica Lopez,m,2026-01-16,429.12,Mixco,retail
527185,Pedro Herrera,M,2026-01-08,"280,24",Escuintla ,Education
501554,Ana Diaz,f,2026-01-06,193.04, Escuintla,Retail
588897,Monica Lopez,f,2026-02-05,121.25,Quetzaltenango,Education
573776,Julio  Morales, m ,2026-01-20,312.89,Guatemala,SERVICES
557293,Ana Diaz, f ,2026-03-09,296.61,Escuintla,Services
503035, Ana Soto,f,2026-02-13,,Guatemala,Services
512653,Mario  Lopez, m ,2026-02-24,"362,01",Quetzaltenango,Retail
502844, Pedro Herrera,M,2026-01-26,,Quetzaltenango,Retail
590344,MARIA PAZ,F,2026-01-15,399.60,Escuintla,Retail
567522,Ana Mejia, m ,2026-02-20,244.80,Mixco,Education
584805,Rene Soto, m ,11/03/2026,232.29,Quetzaltenango,Retail
555772,DIEGO RAMIREZ,,2026-03-08,198.13,Mixco,Services
581878,Lucia Perez,f,2026-03-06,"317,77",Guatemala,Food
554227,Rene Soto,F,13/01/2026,"368,82",Guatemala,Education
594763,Pablo Perez,f,08/01/2026,132.26,Escuintla,RETAIL
513103,Oscar Rojas,m,2026-03-21,"56,90",Villa Nueva,Retail
556775,Diego Ramirez,M,14/01/2026,"333,28",Guatemala,retail
573011, Paola Herrera,m,2026-01-15,"63,92",Escuintla  ,Retail
565896,PABLO PEREZ,M,2026-03-20,166.71,Escuintla,Education
510182,paola herrera,f,2026-03-25,318.22,Amatitlan,education
537435,Paola Herrera,f,28/03/2026,"102,22",quetzaltenango,Services
548988,Paola Herrera , f ,2026-03-26,289.88,ANTIGUA,Retail
504965, Monica Lopez, f ,2026-02-20,154.83,Escuintla,Retail
579233,MARIA PAZ,f,08/03/2026,440.54, Villa Nueva,Education
519242, Diego Ramirez, f ,2026-02-14,316.06,MIXCO,Services
538826,PATRICIA SOTO,m,2026-01-28,185.48,guatemala,Food
590189,Ana Diaz ,M,2026-01-14,"240,49",Guatemala,Food
516636,Maria Paz,f,2026-03-08,331.78,Escuintla,Retail
575371, Maria Paz,f,17/02/2026,"238,16",Villa Nueva,Retail
507221,julio  morales,m,2026-03-08,"46,89",Mixco,Services
512642,Mario  Lopez , m ,2026-01-04,388.85,Quetzaltenango,Retail
568534,LUCIA PEREZ , f ,2026-01-25,"74,24",Amatitlan,Services
563667,Carlos  Mendez, m ,2026-02-24,"386,64",Antigua,Retail
526712,Paola Morales ,M,23/01/2026,"401,39",Villa Nueva,Services
579903,Julio  Morales,,28/02/2026,,Quetzaltenango,Services
549017,Mario Lopez, M ,2026-01-28,"365,09",ESCUINTLA,Food
586792,  PAOLA MORALES,f,2026-03-22,"375,83",Antigua,services
566099,OSCAR ROJAS,m,08/03/2026,"180,19", QUETZALTENANGO,Education
593970,maria paz,f,05/03/2026,"363,60",Amatitlan,Food
529061,Pedro Herrera, m ,2026-03-06,"386,05",AMATITLAN,Services
569857,Luis Garcia, M ,2026-03-19,"393,92",Amatitlan,RETAIL
541648,Oscar Rojas, M ,2026-03-16,198.20,N/A,Food
564200,Isabel Ramirez , m ,2026-01-16,"445,99",Guatemala,Retail
527906, Pedro Herrera,M,10/01/2026,369.26,Mixco,Food
508346,Ana Soto, F ,25/01/2026,"36,69",Guatemala,Education
506882,LUCIA  PEREZ,m,2026-03-08,244.19,Mixco,Food
510792,Ana Diaz,F,04/01/2026,185.22,Quetzaltenango ,Education
571879,PAOLA HERRERA,f,08/01/2026,,Quetzaltenango,Food
574893, Luis Garcia, f ,2026-03-11,333.99, MIXCO,Food
569632,PABLO PEREZ,M,2026-01-27,7060.96,Villa  Nueva,Education
552945,Isabel Ramirez, F ,2026-01-26,204.85,MIXCO,Education
596526,Julio Morales , M ,2026-03-06,,Guatemala,Education
592358, Paola Herrera,f,2026-03-04,"220,88", Antigua ,Education
514598, Oscar Rojas ,f,2026-03-01,"319,43", Amatitlan,Retail
576864,Luis Garcia, m ,2026-03-17,"232,32",Villa  Nueva,food
560181,Ana Diaz,M,2026-02-15,"68,10",Mixco,Retail
589348,Maria Paz,F,28/02/2026,"221,12",Antigua,Retail
536253,Mario Lopez ,m,2026-03-17,433.61,Amatitlan,EDUCATION
511834,Carlos Mendez, m ,2026-02-24,"91,41", Mixco,Education
575559,JULIO MORALES,f,2026-02-17,42.55,  Mixco,SERVICES
567165,Ana Soto,M,2026-01-11,148.19,Antigua,Retail
583699,Ana Diaz, m ,2026-03-01,"287,96",Escuintla,Retail
558177,Carlos Mendez,F,2026-01-25,"325,30",Escuintla,Retail
591841,Maria Paz , f ,2026-01-14,369.63,Villa Nueva,Education
527630,Oscar Rojas, M ,2026-03-01,141.54,Mixco,Retail
558353, Ana Soto, f ,2026-02-16,"253,44",Amatitlan,Food
531719,Jorge Castillo ,F,2026-03-02,"221,58",mixco,Services
556035,Ana Mejia,f,2026-02-12,161.17,  Antigua,Services
535958,Pablo Perez, m ,23/01/2026,"147,31",Antigua,Services
506088, Patricia Soto, m ,2026-02-07,378.76,Antigua,RETAIL
561992,Ana Diaz,F,2026-01-17,"296,93", Escuintla,services
509173,Pedro Herrera,m,2026-02-28,,Mixco,Education
553899,Paola Morales, f ,02/01/2026,"149,97",quetzaltenango,Food
599316,Lucia Perez, F ,2026-03-08,109.05,  escuintla,EDUCATION
564163,Monica  Lopez, m ,10/03/2026,302.53,Antigua,Retail
527354,Rene Soto,f,2026-01-11,"166,21",Villa Nueva ,Education
570197,Paola Morales,M,14/03/2026,147.65, Antigua ,FOOD
535893,ANA SOTO, M ,15/01/2026,"244,39",Escuintla,Food
504584,Ana Diaz, F ,2026-01-13,"289,78",Guatemala ,Services
506844, ANA SOTO,f,2026-03-13,"208,14",  Amatitlan,Retail
506015,Maria Paz,f,2026-03-22,166.26,mixco,Retail
568816, Lucia Perez ,F,2026-01-27,"446,59",ESCUINTLA,food
531763,Jorge Castillo,M,2026-03-19,"312,51",Villa Nueva,Services
506874,Isabel Ramirez, F ,2026-01-15,"390,69",villa  nueva,Retail
512571,Ana Mejia,,2026-02-19,"425,68",Escuintla,Food
571111,pablo perez, m ,2026-03-20,285.62, Escuintla,Education
533331,Lucia Perez,F,2026-03-09,395.12, Antigua,education
503798, Luis Garcia,m,2026-01-13,353.32,Antigua,Retail
522027, Julio Morales,m,2026-02-23,"111,09",Mixco  ,Retail
598436,monica  lopez, F ,2026-03-02,136.55, Villa Nueva,Education
561107,Ana Soto, f ,06/02/2026,226.63,Antigua,Education
585797,Patricia Soto, f ,2026-02-13,211.16,Antigua,Education
516500,Oscar Rojas, m ,2026-02-16,"325,91",Quetzaltenango,Services
575255,Diego Ramirez, m ,07/01/2026,"355,12",Guatemala,retail
591288,PAOLA MORALES, f ,2026-02-05,"158,41",Villa Nueva,Retail
509907,Julio Morales,f,2026-01-05,"33,70", Villa Nueva,FOOD
585266,Pablo Perez ,m,2026-01-24,"433,52",Villa Nueva,Services
562285, LUIS GARCIA , m ,2026-03-24,"193,51", amatitlan,Education
586319,Pedro Herrera, m ,2026-03-26,"361,90",Escuintla,Education
568170,Paola Morales, f ,2026-01-24,276.31,Villa Nueva,Services
542653,Pablo Perez,m,2026-02-14,41.22,mixco,Food
595422,jorge castillo, m ,2026-02-22,103.05,mixco,Retail
524068,JORGE CASTILLO,m,2026-02-01,435.62,amatitlan,Retail
529903,Jorge Castillo,m,2026-03-11,"388,39",Quetzaltenango,Education
539583,Carlos Mendez,M,2026-03-16,"448,99",Villa Nueva,FOOD
529423,PAOLA MORALES, f ,18/03/2026,"35,60",MIXCO,RETAIL
566247, Patricia Soto, f ,02/01/2026,"422,76",Escuintla,Retail
565409,Patricia Soto,f,2026-01-16,, Guatemala,Food
558914,Maria Paz,f,2026-03-19,303.65,Escuintla,Education
576413,ANA SOTO,,2026-01-09,"348,22",Escuintla,Education
581973,PABLO PEREZ,m,2026-02-13,"47,95",Mixco,Education
516488,Maria Paz ,f,2026-01-24,"170,34",Quetzaltenango,Services
573438, MARIA PAZ ,,2026-02-23,,Mixco,Retail
556460,Lucia  Perez, F ,2026-01-05,"95,59",Antigua,Services
500607,lucia perez,F,2026-03-24,"53,01",ANTIGUA,Education
539981,rene soto,m,2026-01-12,"347,54",Guatemala,Services
548659,Luis Garcia,M,2026-02-02,"86,35",Antigua,Education
537210,Carlos Mendez,F,2026-02-16,412.66,Guatemala,Retail
510930,paola herrera,f,25/02/2026,107.39,Amatitlan,Services
576222,PAOLA  MORALES,f,2026-03-21,354.80,Guatemala,Education
564775,jorge castillo, f ,2026-01-27,"69,51",Amatitlan,Education
529947,LUIS GARCIA,m,2026-03-28,57.29,villa nueva,EDUCATION
556532,Lucia Perez, F ,2026-02-20,"69,95", Quetzaltenango,Food
577739,Ana Diaz, f ,2026-02-17,"61,64",Escuintla,Services
517088,Mario Lopez, m ,2026-02-05,"196,36",quetzaltenango,Services
558885,Patricia Soto,f,2026-02-26,"224,70",Antigua,Retail
518066,Ana Diaz,f,2026-03-23,328.85, Escuintla,Retail
554966,Julio Morales, m ,14/01/2026,447.50,escuintla,Retail
567061,RENE SOTO,M,2026-03-11,438.79, Escuintla,Services
546930,Monica Lopez, f ,2026-02-09,211.93, Quetzaltenango,Education
586264,LUCIA  PEREZ, F ,2026-01-18,"272,62",mixco,Food
556397,  OSCAR ROJAS,m,21/01/2026,449.04,Amatitlan,Food
521073,isabel ramirez,f,11/02/2026,123.81,Quetzaltenango,Food
595109,Maria Paz, f ,2026-01-09,412.82,Mixco ,retail
583848,Pedro Herrera , m ,19/03/2026,340.70,ANTIGUA,Education
518530,Paola Morales,f,2026-01-16,"77,60",guatemala,food
506135,Paola Morales,f,2026-03-09,"155,95",Quetzaltenango ,Retail
518878, Julio Morales, m ,2026-03-17,"27,52",Amatitlan,Retail
564891,OSCAR ROJAS,m,2026-01-21,108.69,Guatemala,Food
596315,ana diaz ,f,2026-03-17,123.06,Antigua,Education
573944,JULIO MORALES, f ,2026-01-24,438.53,ESCUINTLA,RETAIL
565428,Isabel Ramirez ,F,2026-01-05,"77,97",Antigua,Services
567585,luis garcia,m,2026-02-20,"133,72",Antigua,Retail
516714, Mario Lopez, M ,2026-03-11,,Antigua ,Food
528600,ANA MEJIA ,F,2026-02-09,"82,14", Mixco,Retail
525492,Ana Diaz, F ,2026-01-15,4202.38,Antigua,Food
532707,Pablo Perez, M ,2026-02-02,431.14,  Amatitlan,Retail
511498,Ana Mejia , M ,2026-01-25,430.49,Guatemala,Services
560210,CARLOS MENDEZ,M,2026-01-19,"426,96", GUATEMALA,Education
595530,Diego Ramirez,m,2026-01-27,,Amatitlan,Food
557273,  Patricia Soto ,f,2026-02-10,"390,77",Mixco,Education
517573,Maria Paz, f ,03/02/2026,"401,03",  Escuintla,Education
585767,MARIA PAZ,f,2026-02-07,302.06,villa nueva,Food
529166,Ana Mejia,m,2026-03-12,"130,63",Mixco,RETAIL
530204,Pedro Herrera , m ,2026-01-20,260.22,Escuintla,Food
528864,Paola Morales,F,2026-03-18,100.95, Quetzaltenango,Food
519588,Maria Paz,f,26/02/2026,95.04,Quetzaltenango,Education
527569,Monica Lopez,F,12/03/2026,"80,55",Amatitlan,Retail
525385,rene soto,m,2026-03-10,117.48, Mixco,Services
513070,Ana Mejia , f ,28/02/2026,198.97,Antigua,Retail
540591,mario lopez, M ,20/01/2026,72.41,Villa Nueva,Food
593002, ana soto,M,2026-02-21,"425,41",QUETZALTENANGO,Retail
525387,Diego Ramirez, m ,2026-01-13,"348,22",  Antigua,Services
532779,Paola Morales,F,2026-03-20,251.46,Escuintla,food
536660,Patricia Soto,M,2026-01-01,"448,40",  VILLA NUEVA,Food
521304,Pedro Herrera,f,2026-03-27,63.93,villa  nueva,retail
533927,Pedro Herrera,M,2026-01-18,361.95,mixco,Services
592825,Jorge Castillo, m ,2026-03-11,167.53,Antigua,Retail
596713, LUCIA PEREZ, m ,2026-01-03,"369,11", Escuintla,EDUCATION
511769, Rene Soto, m ,24/02/2026,31.19,Guatemala,Retail
566332,Ana Diaz, F ,13/03/2026,,escuintla,Retail
597337, Maria Paz,f,2026-01-09,"132,62", Mixco ,Services
581002,Patricia Soto,F,2026-01-03,"421,87", Mixco,Services
516041, Diego Ramirez, M ,2026-01-14,277.61,quetzaltenango,Retail
597993,Jorge  Castillo, m ,17/01/2026,"367,62",Mixco ,Retail
532241,Jorge Castillo,M,2026-02-02,396.16,Escuintla,education
532760,Luis Garcia, m ,2026-01-16,448.40, Villa Nueva,Food
579079,Julio Morales,M,12/01/2026,"207,66",Mixco ,food
584727,JULIO MORALES ,M,2026-01-20,343.26,VILLA NUEVA,Services
553364, MARIO LOPEZ,f,2026-01-04,"430,25",Mixco,Food
587231, LUCIA PEREZ,f,2026-01-19,"435,87",Amatitlan,retail
524774,PAOLA HERRERA ,m,2026-02-20,"255,65", quetzaltenango,Retail
514159,Mario Lopez,m,2026-02-16,41.39,antigua,Services
500179,Julio Morales,m,2026-02-22,,Escuintla,Services
550609,Pablo Perez,m,2026-03-13,"354,59",Guatemala,retail
571780,MARIO LOPEZ,m,2026-02-02,,ANTIGUA,Education
548498,MARIA PAZ,f,02/03/2026,235.54, Guatemala,Food
549328,Ana Soto,m,2026-01-16,"23,76",antigua,Retail
522398,JULIO MORALES, M ,21/02/2026,"202,85",mixco ,Services
579504, Lucia Perez ,f,2026-02-21,171.24,Mixco,Food
517220,Lucia Perez, f ,2026-03-27,338.00,quetzaltenango ,Education
533793,Pablo Perez, F ,23/02/2026,235.68,Guatemala ,Services
517560,Ana Soto,,2026-02-19,355.70,Mixco,RETAIL
580983,Jorge Castillo, m ,2026-03-08,379.14,Villa Nueva ,EDUCATION
554704,Mario Lopez ,m,2026-03-13,"58,56",Guatemala,education
514598, Oscar Rojas ,f,16/02/2026,"319,43", Amatitlan,Retail
597928,lucia perez ,f,2026-03-24,390.93,Guatemala,RETAIL
596262, Maria Paz,f,2026-01-17,"278,86",Escuintla,Retail
593012, mario lopez,M,2026-01-28,53.62,Guatemala,Services
557122,paola herrera,m,2026-02-02,274.77,Guatemala,Food
578964,paola herrera ,f,18/01/2026,249.72,Amatitlan ,food
534457,OSCAR ROJAS , f ,25/01/2026,"169,29",Mixco,Education
587654,Jorge Castillo, F ,2026-01-14,"318,98",Mixco ,Retail
525236,pablo  perez, m ,2026-02-02,"119,16", Villa Nueva,education
547401,oscar rojas,m,10/03/2026,"175,65", Antigua ,Education
534979,Luis Garcia,m,2026-03-18,66.89,AMATITLAN,Food
553321,Monica Lopez, f ,16/03/2026,134.73,villa nueva,Retail
502773, pablo perez, m ,2026-03-27,"448,74",Antigua,EDUCATION
550389, Patricia Soto, f ,2026-02-22,"92,91", Amatitlan,Education
595528,OSCAR ROJAS,m,07/02/2026,"295,64",antigua,services
572166,MARIA PAZ,f,2026-02-15,"422,94",Quetzaltenango,Services
519942,Lucia Perez, F ,18/03/2026,220.83, Guatemala,Food
533928,Paola Morales, M ,2026-03-26,346.39,mixco,Retail
560271,Luis Garcia,m,2026-02-21,186.26,Amatitlan,Retail
567255,mario lopez, M ,2026-02-11,"329,06",Villa Nueva,Services
596574,Diego Ramirez ,f,2026-01-27,"447,38", Antigua,Services
551017,Diego Ramirez ,m,2026-02-05,349.91,Villa  Nueva,Retail
541224, Ana Mejia, m ,08/02/2026,"139,33",Escuintla,Services
578455,Oscar Rojas ,m,2026-03-28,"299,38",QUETZALTENANGO,Food
595437,ana soto, m ,13/01/2026,59.85,Escuintla,Food
536106,Paola Herrera , f ,2026-03-06,"126,70",Antigua ,food
549654,Carlos Mendez,m,2026-03-13,"233,05",Escuintla,Food
518489,Monica Lopez, F ,2026-02-19,"383,51",ANTIGUA,Services
535965, PAOLA MORALES, M ,2026-01-07,"179,46",Guatemala,Education
521370, Paola Morales , M ,2026-02-04,"230,89",ESCUINTLA,Food
566172,MONICA LOPEZ,f,2026-03-26,162.23,Amatitlan,Education
555610,Oscar Rojas,m,2026-01-27,"168,38", Amatitlan,education
547085,Paola Herrera,M,2026-01-10,264.33,Quetzaltenango,Retail
589393,Mario Lopez , m ,2026-02-26,70.13,Antigua,EDUCATION
547242,Maria Paz, f ,2026-03-17,400.18,Mixco,Food
597885,Mario Lopez,f,20/01/2026,"338,76",Amatitlan,Education
536360,Ana Soto,m,2026-03-10,443.75,VILLA NUEVA,Retail
590956,Rene Soto,M,2026-03-05,305.05,Villa Nueva,Food
560090,PAOLA HERRERA, F ,2026-01-01,36.73,Guatemala,Education
541254,Pablo Perez,m,2026-02-22,"442,52",Antigua,EDUCATION
502314, Patricia Soto ,F,2026-03-25,335.65,Mixco,Retail
543695,Ana Diaz, f ,2026-02-23,324.34,Quetzaltenango ,Education
544008, carlos mendez,m,2026-01-06,70.07,Escuintla,Services
541434,Pedro Herrera,F,2026-02-01,"263,24",Quetzaltenango,Education
516918,Paola Herrera, M ,2026-03-16,251.30,Mixco,Education
500652,Lucia Perez,F,2026-01-22,"40,21", Amatitlan,Retail
568456,LUIS GARCIA, M ,2026-03-13,"199,74", Mixco,FOOD
517464,Mario  Lopez ,F,2026-01-06,"282,30",VILLA NUEVA ,Food
518347,  Lucia Perez, F ,12/03/2026,"86,81",Villa Nueva,Services
536641, Luis Garcia,m,2026-03-05,"369,56",GUATEMALA,retail
596848,Carlos  Mendez, M ,2026-01-23,271.73,Amatitlan  ,Food
570900, Ana Mejia,f,2026-02-03,"345,27",Guatemala,Food
522404,Pablo Perez, m ,23/03/2026,"194,49",villa nueva,education
514325,LUCIA PEREZ, f ,2026-02-17,40.02,Antigua,Education
574743,ana mejia, f ,2026-01-11,160.26,Antigua,Education
589930,Pedro Herrera, F ,2026-02-27,,Guatemala,SERVICES
574619,Pablo Perez ,m,16/03/2026,"65,22",Guatemala,SERVICES
550194,Ana Mejia,F,2026-01-26,"174,78",Villa Nueva,services
538436,rene soto,m,2026-03-26,65.40,Villa Nueva ,Retail
573579,Rene Soto, M ,2026-02-27,"322,64",Mixco,Education
553638,Oscar Rojas ,M,2026-03-27,395.78,Quetzaltenango ,Education
588115,Carlos  Mendez, m ,2026-01-09,"309,91",Quetzaltenango,Retail
579334, Monica Lopez ,F,03/01/2026,"147,10",Mixco,Food
512287,ana mejia,f,2026-03-27,48.12,Amatitlan,Services
530686,Paola Morales,f,03/02/2026,"21,02",Quetzaltenango,Education
589957,Ana  Soto ,,2026-02-10,305.50,Quetzaltenango,Education
506967,julio morales,f,2026-01-15,149.00,Antigua,Retail
576163, PEDRO HERRERA, M ,2026-01-04,,  Quetzaltenango ,Education
509241,Mario Lopez, m ,2026-03-11,416.92,Mixco,food
593461,diego  ramirez , m ,2026-02-11,324.45,Villa Nueva,Services
515670, RENE SOTO,m,2026-01-02,, Escuintla ,Education
525400,Paola Herrera, F ,2026-02-09,291.23,ESCUINTLA,Services
544378,monica lopez, F ,2026-03-08,20.56,Amatitlan,Services
597076, Ana Mejia, f ,2026-03-16,429.62,Amatitlan,Services
542077,Pablo Perez, m ,2026-02-26,"444,15",QUETZALTENANGO,RETAIL
551873,Diego Ramirez , m ,2026-03-13,"168,63",Amatitlan,education
501462,Isabel Ramirez,m,2026-01-03,347.61,Mixco,Retail
543260,Pablo Perez ,m,2026-02-02,372.71,antigua ,Food
569909,Maria Paz,f,21/01/2026,55.66,Villa Nueva,FOOD
505356,MONICA LOPEZ,m,2026-01-05,"302,90",Villa Nueva ,food
559718,Pedro Herrera,m,2026-01-07,210.04,Quetzaltenango,Services
524556,Ana Mejia,f,2026-02-21,"276,32",Villa Nueva,Education
534889,Ana Soto,f,2026-03-17,"38,17",Escuintla,FOOD
595075,MARIA PAZ,f,2026-02-25,"99,83",Guatemala,Retail
521347,Carlos Mendez,m,07/03/2026,"64,31",antigua,SERVICES
522052,MONICA LOPEZ,f,2026-02-28,"227,34",AMATITLAN,Education
562313,Luis Garcia,m,07/01/2026,413.33, Antigua,Education
569512,Monica Lopez, F ,2026-01-24,"437,37", Villa Nueva,Services
578468,DIEGO RAMIREZ, M ,2026-03-06,200.05,Escuintla,Services
540378,Maria Paz,F,2026-02-20,"270,56",Villa Nueva,Services
508151,Oscar Rojas,m,2026-01-15,"268,65",Quetzaltenango,Services
585036,Maria Paz, m ,2026-01-10,"101,36",Escuintla,Services
586597, Carlos Mendez, m ,2026-03-02,"402,66",Escuintla,Education
596314,Ana Diaz,f,2026-01-20,267.14,antigua,Retail
575403,Paola Herrera,F,2026-01-09,"175,97",Villa Nueva,Food
594770,Diego  Ramirez, m ,2026-01-24,146.33,antigua,Education
542668,  Jorge Castillo, f ,23/03/2026,"404,06",Amatitlan,Education
528509,Patricia Soto, F ,2026-03-02,301.62,Amatitlan,EDUCATION
502721,lucia perez,f,10/02/2026,,Antigua,FOOD
517063,Monica Lopez, F ,07/02/2026,"305,45",Amatitlan,Services
514734,ANA  SOTO, f ,13/02/2026,433.17,ESCUINTLA,education
599993,PAOLA  HERRERA, F ,14/01/2026,144.45,Villa Nueva,Education
527852,Paola Herrera, F ,2026-01-07,"302,03",Guatemala,Education
585851,Isabel Ramirez, f ,2026-01-20,"196,82",Antigua,Retail
592672, Carlos Mendez, f ,2026-03-21,"205,86",Escuintla,Retail
506633,Oscar Rojas,m,2026-02-20,,Quetzaltenango ,Food
551367,MONICA LOPEZ, F ,2026-02-23,"155,68",mixco,Services
557887, Carlos Mendez, M ,2026-02-03,"104,34", ANTIGUA ,Education
509025,Paola Morales,f,2026-02-01,178.10,Escuintla,Food
571686,RENE SOTO,m,2026-02-02,"316,67",Villa Nueva,Education
553007,Ana Soto, f ,05/03/2026,"434,48",Quetzaltenango,Services
586603,Patricia Soto ,F,2026-02-15,"58,04", Antigua,retail
540690,Paola Morales, f ,2026-02-17,"271,73", Amatitlan,Retail
539601,Pedro Herrera ,m,2026-02-20,"435,02",Mixco,Education
544094, Luis Garcia,f,2026-02-14,"131,38",Antigua,Education
599155,Monica Lopez,f,19/03/2026,"442,94",Antigua,Education
596562,Maria  Paz, f ,2026-01-12,262.17, Quetzaltenango,Food
595593,DIEGO RAMIREZ,f,2026-03-23,"174,52",Antigua,Services
556723,Maria Paz, F ,2026-02-15,354.43,Antigua,Retail
531597,Rene Soto,M,2026-03-25,276.43,Quetzaltenango  ,Education
533549,PATRICIA  SOTO,f,2026-02-13,"156,63",Amatitlan,Education
545246,Patricia Soto ,f,01/02/2026,51.49,Amatitlan,Services
564993,maria paz,f,2026-03-22,331.72,Quetzaltenango,Education
506244,Lucia Perez,M,2026-02-01,"35,13",Guatemala,Services
571575,Mario Lopez, M ,2026-02-18,118.46, Antigua,Services
585545,Mario Lopez, m ,2026-01-10,"302,88",mixco,SERVICES
577685,luis garcia , m ,2026-02-17,171.59,Guatemala,Services
503188,MARIA PAZ,f,2026-02-24,"345,49",Villa Nueva ,Education
541741,Paola Morales,f,2026-01-21,"81,71",VILLA NUEVA,Food
513676,Maria Paz,f,2026-02-10,361.14,Amatitlan ,Education
561028,Ana Diaz,F,2026-03-27,"275,62",Guatemala,Services
501705,Luis Garcia,f,02/03/2026,"193,07",Amatitlan,Education
515717,Paola Morales, F ,2026-01-13,323.90,Antigua,RETAIL
590904, Paola Morales ,m,2026-02-21,375.20, QUETZALTENANGO,Food
519230,Rene Soto,m,2026-02-19,"363,59",Escuintla,Education
592766,Patricia Soto, f ,2026-01-28,144.53,Guatemala,Retail
587362,Isabel Ramirez,M,22/01/2026,"292,11",AMATITLAN,Food
527264,Ana Soto,f,2026-01-21,"222,15", Escuintla,Retail
515289, Mario Lopez ,m,12/01/2026,, Antigua,food
581678,Patricia Soto,f,2026-01-06,370.81,VILLA NUEVA,Services
583300,ANA DIAZ, F ,14/01/2026,"389,47",Villa Nueva,Retail
502222,Diego Ramirez,m,2026-01-25,"448,04",Amatitlan,Education
535392, RENE SOTO, M ,28/03/2026,"195,36",Amatitlan,Services
566201, Pedro Herrera ,M,2026-02-24,238.07,Guatemala,Food
565664,Ana Mejia, f ,2026-02-11,329.48,Villa Nueva,Education
559445, OSCAR ROJAS,f,15/01/2026,"387,58",AMATITLAN,Retail
507519,Patricia Soto,F,2026-01-02,242.90,Quetzaltenango,Food
577977, Oscar Rojas, m ,2026-03-14,"183,57",Escuintla,Retail
535917,  Ana Mejia ,F,2026-03-28,"143,37",Antigua,Retail
593735, Ana Mejia,m,2026-03-11,"27,63",Villa Nueva,education
538076,ANA SOTO ,f,2026-03-22,232.59,Escuintla ,Food
517712,Patricia Soto,f,27/03/2026,297.03,Guatemala,Food
521327,Monica Lopez, F ,08/01/2026,235.89,Mixco ,Food
522993,Ana Diaz,f,2026-01-17,203.51,ESCUINTLA ,Food
584952,Mario Lopez, f ,2026-03-19,"372,52",Escuintla,Retail
587504,paola morales, m ,2026-03-12,4429.55,Amatitlan ,Services
530539, Ana Diaz,f,09/01/2026,205.76,Villa  Nueva,Food
539719,patricia soto,F,2026-03-18,446.76,antigua,retail
575979,Pablo Perez,m,06/01/2026,"355,12",Amatitlan,Services
568054, Luis Garcia,m,2026-03-25,144.95,Guatemala,Retail
582722,Diego Ramirez, m ,2026-01-03,"380,01",Guatemala,Education
545846, Monica Lopez, F ,2026-02-28,"438,41",Guatemala,Services
574232,Oscar  Rojas,M,10/03/2026,"449,81",Guatemala,Services
544923,PATRICIA SOTO,f,2026-03-16,"217,84",Guatemala ,retail
527092,patricia soto, m ,2026-03-13,"234,83", Mixco,services
557674,LUCIA PEREZ ,F,2026-01-21,"443,76", Antigua ,Education
543976,Maria Paz, F ,05/02/2026,337.56,Mixco,food
529638,Lucia Perez , f ,2026-03-17,104.39,Villa Nueva,Retail
546792,ANA SOTO,f,22/01/2026,44.09,VILLA NUEVA,Education
558672,DIEGO RAMIREZ,m,2026-01-04,,Amatitlan,Retail
505430,Maria Paz,f,2026-03-01,"149,24",Quetzaltenango ,retail
504348, Mario Lopez,m,12/03/2026,"86,42",Amatitlan,Education
502615,Lucia Perez,F,2026-03-18,"306,82",Antigua ,Services
582896,MARIO LOPEZ,M,2026-01-28,"244,70",Amatitlan,food
542834, Rene Soto, m ,2026-02-09,"139,19",GUATEMALA,Services
583937,Oscar Rojas,F,2026-03-12,151.34,quetzaltenango,Food
509814,Rene Soto,M,2026-03-03,113.79,ESCUINTLA ,Retail
561365, Ana Mejia ,m,2026-03-01,"99,58",Antigua ,Retail
513707,Lucia Perez ,F,2026-01-03,165.31,Villa Nueva,Food
587716,Paola Herrera , f ,2026-03-19,158.13,Guatemala ,Services
580915,Pedro Herrera,m,2026-02-03,"183,01",Guatemala ,Food
557653,Pablo Perez,M,2026-03-15,"7392,42",Villa Nueva,food
581779, Monica Lopez,F,2026-02-26,"178,23", Antigua,food
527220,Carlos Mendez, m ,2026-01-11,177.66,Escuintla,Food
574956,julio morales, m ,2026-01-25,,Antigua,education
505184,Oscar Rojas,m,2026-02-13,"416,79",Guatemala,SERVICES
501510,Ana Diaz,f,08/01/2026,383.59,Amatitlan,Food
531669,ana soto,F,2026-02-11,38.44, Amatitlan,Services
575237, Ana Mejia, F ,2026-01-04,440.33,Escuintla,Education
561716,  Ana Diaz, f ,2026-01-05,"344,47",Quetzaltenango,Education
565935,Pedro Herrera,m,2026-03-15,408.88, VILLA NUEVA,Retail
553482,Pablo Perez,m,03/02/2026,27.28,Quetzaltenango ,Services
547069,PAOLA MORALES , f ,17/01/2026,43.30,Amatitlan,Education
528607,ANA DIAZ ,f,2026-03-12,45.82,Guatemala,Services
560434, oscar rojas, f ,2026-03-17,,Quetzaltenango,Retail
589830,Rene Soto,M,10/03/2026,"413,74",Mixco,Retail
502057,Lucia  Perez, f ,08/01/2026,"83,12",Quetzaltenango,Retail
572399,Carlos  Mendez, M ,2026-01-01,120.42,GUATEMALA,Services
555019,Mario Lopez,M,2026-03-08,407.32,Mixco,Retail
546050,Jorge  Castillo , m ,17/02/2026,"83,55", Villa Nueva,education
570772, Ana Mejia,F,2026-01-02,"440,68",Guatemala,Education
503882,Ana  Diaz, f ,2026-03-09,"256,07",Villa Nueva,Retail
571689,Isabel Ramirez, f ,07/01/2026,119.18,Amatitlan,retail
588821, Maria Paz ,f,2026-03-18,105.43,Guatemala ,Education
585028,Ana Diaz,F,2026-01-14,136.50,Quetzaltenango,Retail
586602,Mario Lopez,M,2026-01-26,"324,62",QUETZALTENANGO,Retail
520532,Mario  Lopez, m ,2026-03-16,"294,27",Amatitlan,Food
590209,Monica Lopez ,,2026-03-01,"55,89",Amatitlan,Retail
510798,PABLO PEREZ ,m,2026-01-28,"134,75", Antigua ,Education
510800,LUCIA PEREZ,M,2026-02-27,"365,18",Quetzaltenango,SERVICES
519474,ana soto,f,2026-03-05,"119,45",VILLA NUEVA,Food
575025,Rene Soto, F ,2026-02-22,93.61, Escuintla,RETAIL
598558,Diego Ramirez,m,2026-01-17,214.73,Mixco,FOOD
546640,Lucia Perez ,m,25/01/2026,190.76, Quetzaltenango ,FOOD
515056,Diego Ramirez , f ,2026-03-23,188.50,Escuintla,Food
527440, Jorge Castillo,m,2026-03-15,412.29, Guatemala ,Education
547081,Julio Morales, m ,2026-02-16,"58,47", Mixco ,Services
524018,MARIO LOPEZ,m,2026-02-11,"142,33",MIXCO,Services
535786,Monica Lopez, M ,2026-02-23,"380,05",Quetzaltenango,Retail
569127, Isabel Ramirez, f ,2026-03-15,184.03,Escuintla,retail
594979,Rene Soto, m ,2026-03-20,"373,41",Mixco,FOOD
567795,Carlos Mendez,M,2026-01-11,444.51,Escuintla ,Education
512667,Ana Mejia,F,06/03/2026,"5021,07",Escuintla,Education
535114,JULIO MORALES,m,14/03/2026,198.05,Villa Nueva,Services
500364,Paola Herrera,f,2026-02-13,119.92,Escuintla ,Education
551341, Ana Diaz,,2026-03-21,"244,00",VILLA NUEVA,Retail
596547, Paola Morales, F ,18/03/2026,446.65,Quetzaltenango,Food
548799,Ana Soto, f ,2026-03-01,270.11, Mixco,Food
555099,rene soto,m,2026-01-04,"354,21",Guatemala,Retail
544593, Pablo Perez, m ,2026-02-01,"165,96",Antigua,Education
575011,mario lopez , f ,2026-03-03,325.34,Guatemala  ,Food
557035,Patricia Soto ,f,17/02/2026,"32,89",Antigua,FOOD
553597,Pablo  Perez ,M,2026-03-10,"275,63",Mixco,Retail
544525,Carlos Mendez,m,2026-02-28,393.39,Mixco,Food
517996,pedro herrera, F ,2026-03-17,317.13,Antigua,Education
523212,Monica Lopez,f,07/02/2026,"139,61",Antigua,Education
597490,Patricia Soto,m,20/01/2026,61.14,Amatitlan,Services
537328,rene soto, m ,2026-01-25,345.67,Antigua,Retail
597288,Diego Ramirez,f,2026-03-13,"6552,98",mixco  ,Food
530564,PATRICIA SOTO,f,2026-02-03,"200,78",Antigua,FOOD
544444, MONICA LOPEZ ,M,2026-02-14,, Amatitlan,FOOD
577536,oscar rojas,F,2026-01-21,"439,39",QUETZALTENANGO,Food
503474,Carlos  Mendez,f,2026-03-04,398.86,Quetzaltenango,Food
521090,Ana Soto,f,2026-02-16,"243,70",Mixco,Services
500420,Rene Soto ,m,19/02/2026,126.82, Villa Nueva,Services
566298, JULIO MORALES,f,24/03/2026,259.11,Antigua ,Education
571651,Ana  Soto, f ,2026-01-06,"446,26",Guatemala,food
534105,Julio Morales, m ,2026-03-22,309.97,VILLA NUEVA,Food
562770,Monica Lopez,f,2026-03-21,"128,51",Villa Nueva,Education
581124,PABLO PEREZ,m,2026-01-10,"171,38",Villa Nueva,Retail
584564,Diego Ramirez,m,26/03/2026,119.17, Quetzaltenango,Education
593579,ISABEL RAMIREZ, m ,2026-03-11,145.53,Antigua ,Services
567591,Luis Garcia,m,11/02/2026,"421,77",Escuintla,Retail
560341,Oscar  Rojas , m ,2026-01-16,49.90, Amatitlan,retail
567740,Oscar Rojas,m,2026-03-21,"75,54",Villa Nueva,Retail
549994,Luis Garcia ,F,2026-02-01,"321,08", Amatitlan,Retail
535613,Patricia Soto,m,2026-01-09,204.09,Villa Nueva,RETAIL
518865, ANA MEJIA, F ,17/03/2026,"109,93",Mixco,Education
524015,Pablo Perez ,m,2026-01-13,149.22, mixco,FOOD
571990,Rene Soto,m,01/02/2026,"231,33",antigua  ,FOOD
517165, Luis Garcia , M ,2026-02-09,100.40,Escuintla,Retail
539876,Ana Diaz, f ,14/03/2026,"215,45",guatemala,Education
527849,Maria Paz,f,2026-02-06,206.30,quetzaltenango,Services
556854,Mario Lopez, M ,2026-03-14,"199,50", Antigua,services
587117, Mario Lopez,M,2026-03-19,"307,02",AMATITLAN,Food
596358,Maria Paz,m,2026-01-25,"26,46",  Escuintla,Education
570730,diego ramirez , m ,2026-02-23,422.03, Mixco,Education
521900,Patricia Soto,F,2026-03-13,144.76,Mixco,retail
547519,pedro herrera,M,10/01/2026,228.03,Mixco,EDUCATION
577637,Ana Soto , F ,2026-01-06,111.29,Guatemala ,Food
572365,Paola  Morales,f,2026-01-13,95.78,Villa Nueva ,Services
521881,Ana Mejia,,2026-03-11,254.98,ESCUINTLA,SERVICES
599780,Jorge Castillo,m,2026-02-10,282.64,Quetzaltenango,Retail
550432,ana mejia ,f,2026-02-27,245.70,Escuintla,Retail
534864,Patricia Soto,m,15/01/2026,"100,36",Villa Nueva,Food
597682,Jorge Castillo,M,2026-03-16,283.74,Quetzaltenango,Services
507676,OSCAR ROJAS,m,2026-03-07,104.20,Mixco,food
503203,Paola Herrera,f,2026-03-18,"307,54",Mixco,SERVICES
514280,MARIO LOPEZ,M,2026-01-02,"5555,60", Villa Nueva,Services
555990,Isabel Ramirez , f ,11/02/2026,344.64,Villa Nueva,RETAIL
549152,Paola Morales , f ,2026-03-20,65.59,Antigua,Education
536210,Pedro Herrera, F ,2026-02-28,70.28,antigua ,Retail
558729,Paola Herrera, M ,2026-01-09,364.55, Escuintla,Retail
540152,Oscar Rojas ,m,05/03/2026,"61,01",Escuintla ,retail
574195,julio morales,m,25/03/2026,325.05,Guatemala,Retail
523188,JULIO MORALES,m,2026-01-22,"39,75",Guatemala,SERVICES
587670,JORGE CASTILLO ,,2026-03-03,411.08,GUATEMALA ,Food
594657,Monica Lopez, f ,23/03/2026,,Amatitlan,services
504926,Rene Soto, M ,2026-01-22,"20,55",Guatemala,Services
549254,Jorge Castillo,M,2026-03-05,392.99,Escuintla,Retail
587746, lucia perez ,F,2026-01-20,"422,97",VILLA NUEVA,Education
523386,Ana Mejia, f ,12/01/2026,"146,11",Villa Nueva,Education
583883,Mario  Lopez,m,2026-03-12,59.91,Quetzaltenango,Services
598135, julio morales, f ,18/02/2026,193.05,Guatemala,education
563961,Patricia Soto,f,2026-03-27,138.48,Amatitlan,EDUCATION
526515,pedro herrera, M ,2026-02-03,387.36,Amatitlan,Food
529331,Monica Lopez,f,2026-03-13,"319,74",Villa Nueva,Food
500992,Monica Lopez,F,2026-03-08,"368,72",Escuintla,Food
537831,Mario Lopez,m,2026-01-04,"290,18",Mixco  ,Education
525111,Maria  Paz, F ,2026-02-04,322.09,Villa Nueva,Retail
502338,pedro herrera, m ,28/01/2026,355.66,Escuintla,Services
559954,ANA DIAZ,F,2026-01-03,436.77,Guatemala  ,Retail
556100,PATRICIA SOTO, f ,2026-01-15,301.02,Quetzaltenango,FOOD
536076,Ana Mejia ,,2026-02-16,417.83,antigua,SERVICES
531830,Lucia Perez, F ,17/03/2026,236.93,AMATITLAN,Retail
527848,Maria Paz,F,27/03/2026,"152,28",Guatemala,Food
559812,RENE SOTO, f ,2026-01-06,"181,64",Quetzaltenango ,Retail
587986,Pablo Perez,f,2026-03-25,"127,00",Antigua,Education
510617,Ana  Soto, F ,2026-02-22,"124,01",Escuintla,SERVICES
587338, ANA SOTO,f,04/02/2026,255.91, Villa Nueva,FOOD
549967,Lucia Perez,f,2026-02-03,"146,13",Antigua,Retail
530834,Maria Paz,f,2026-02-05,218.30,Quetzaltenango,education
582862,Paola Herrera, m ,2026-03-01,89.09,Quetzaltenango,Education
561721,CARLOS MENDEZ ,m,22/01/2026,"373,52",Guatemala,Education
557075,Diego Ramirez,m,09/01/2026,,Amatitlan,Food
550676,Ana Soto, f ,2026-01-17,377.50,Escuintla,Food
559547,Ana Diaz,m,15/01/2026,"131,66",Amatitlan,Food
513333,Julio Morales,m,2026-01-21,"7886,92",Antigua,Education
568762, Mario Lopez,F,2026-03-19,"298,38",Antigua  ,Services
571814,MARIA PAZ, f ,24/02/2026,"23,57",quetzaltenango,Retail
561220, Isabel Ramirez,f,2026-02-27,215.47,null,Retail
578005, Oscar Rojas,M,2026-01-28,40.69,Quetzaltenango,Retail
520810,Jorge Castillo,m,2026-02-21,309.23,ESCUINTLA ,Retail
552074,Maria Paz,f,2026-01-19,"31,65",GUATEMALA,Retail
516474,Ana Diaz , f ,2026-01-04,"93,72",Guatemala,Retail
562659,Pablo Perez,f,2026-03-04,91.06,Escuintla,Food
573757,pedro herrera,m,18/01/2026,,Amatitlan,education
524392,Lucia Perez,F,2026-03-23,79.19,Mixco,Food
556535,Paola Herrera, F ,2026-01-14,86.82, Escuintla,RETAIL
583870, Luis Garcia, m ,03/03/2026,353.68,mixco,Education
536844,Patricia Soto,f,16/02/2026,"355,70", ANTIGUA ,SERVICES
513520, Oscar Rojas, m ,2026-03-13,"246,19",Mixco ,FOOD
535678,Pedro  Herrera,m,2026-03-28,122.93, GUATEMALA,Retail
517940,Pablo Perez ,m,2026-02-04,,villa nueva ,Education
501806,Ana Mejia,f,2026-02-05,"243,18",Quetzaltenango,Retail
584412,PAOLA HERRERA,f,2026-03-15,"109,23",Villa Nueva,Retail
563389,oscar rojas,m,2026-02-10,"76,56",Amatitlan,Retail
571743,Ana Diaz,F,2026-03-17,88.97,Quetzaltenango,Education
506278,Patricia Soto, f ,2026-02-17,431.17,ESCUINTLA,Food
549865,Lucia Perez, f ,2026-03-27,"170,63",ESCUINTLA,Retail
592038,Luis Garcia ,F,2026-02-06,103.48,QUETZALTENANGO,FOOD
500100,Carlos Mendez,m,2026-02-05,79.65,Escuintla ,Food
515715, Mario Lopez,M,2026-03-10,237.76,Quetzaltenango,Services
575273,Oscar Rojas , m ,2026-01-11,"95,87",escuintla ,Education
561786,Ana Mejia, F ,16/01/2026,411.69,Amatitlan,Services
594674,Diego Ramirez,f,2026-02-25,"82,30",Villa  Nueva ,Food
562660,monica lopez,m,2026-01-10,129.12,Villa  Nueva,Education
515806,Paola  Morales ,f,2026-03-01,"147,20",Antigua,Services
579736,Ana Mejia,f,2026-01-11,139.74,Amatitlan,SERVICES
532402,Diego Ramirez, F ,2026-01-05,"422,35",Villa Nueva,Retail
593534,Monica Lopez,F,19/02/2026,8924.33,Quetzaltenango,Services
512832,Rene Soto ,M,2026-01-13,241.37,amatitlan,Retail
531761,Pablo Perez, m ,2026-01-23,"57,34",Guatemala,Retail
581173,Patricia Soto, f ,2026-03-13,"427,50",ANTIGUA,EDUCATION
502069,PABLO PEREZ, m ,12/03/2026,,Escuintla,Services
594303,Ana  Mejia, F ,09/03/2026,274.06,Quetzaltenango,education
551541,Patricia Soto ,M,2026-01-01,"175,79",Mixco,SERVICES
514997,Carlos Mendez, m ,2026-01-24,"333,93",  Escuintla,Retail
519851,maria paz,F,2026-03-09,70.43,Mixco,Education
573626,jorge castillo, m ,2026-03-01,"189,03",Quetzaltenango ,Food
548014,Oscar Rojas,m,2026-02-14,25.47, Quetzaltenango,Food
596174, Carlos Mendez,M,2026-02-16,416.84,guatemala,Food
558876,Pablo Perez,m,19/03/2026,271.69, QUETZALTENANGO,Education
545935,Julio Morales, m ,2026-03-02,,Quetzaltenango,RETAIL
533801,Monica Lopez, F ,2026-02-08,"347,09",Villa Nueva,Food
559949,Oscar Rojas, m ,05/02/2026,57.98,GUATEMALA,Education
534537, JULIO MORALES,m,2026-03-16,77.80,Quetzaltenango,Retail
545276,Lucia Perez , f ,2026-01-04,374.46,escuintla,Food
555259,Lucia Perez,m,2026-01-08,374.86,Guatemala,food
511292,Monica Lopez, F ,2026-03-12,136.38,AMATITLAN,EDUCATION
544599,Ana Soto,f,2026-03-11,145.52,VILLA NUEVA,Services
559102,Pedro Herrera , M ,2026-02-28,"76,17",Villa Nueva,education
539297,Pedro Herrera,m,10/03/2026,"295,87",Villa Nueva,Food
516398,Rene Soto,m,2026-01-25,437.73,Quetzaltenango,Retail
577426,OSCAR ROJAS,M,2026-01-09,"403,63",Villa Nueva,Food
562510,RENE SOTO, f ,2026-02-13,"258,46",Escuintla,Food
579695,LUCIA PEREZ, m ,2026-02-07,30.47,Amatitlan,sin dato
526895,Paola Morales,F,2026-01-11,122.55,Quetzaltenango,Education
594643,Monica Lopez, F ,2026-02-16,243.94,Villa  Nueva,Retail
587838,patricia soto ,F,2026-03-15,"107,16",Antigua,EDUCATION
578777,MONICA LOPEZ ,f,2026-01-22,314.37,Antigua,FOOD
566467, Ana Soto,M,2026-03-10,"380,66",Escuintla,education
589411, Carlos Mendez,m,2026-03-15,126.09, Guatemala,Services
537741,julio morales,m,2026-03-21,"262,78",GUATEMALA,FOOD
514261,Ana Mejia,F,2026-01-10,"312,07",Antigua,Retail
521258,Patricia Soto,f,2026-01-07,181.86,villa nueva,Retail
582920,Isabel Ramirez,m,27/03/2026,"210,73",Guatemala,Services
568871,Mario Lopez,M,13/03/2026,232.54,Mixco,Food
533196,Carlos Mendez, m ,16/01/2026,"253,75",AMATITLAN,Education
544067,Luis Garcia,m,2026-03-15,"366,69", guatemala,education
580233, PABLO PEREZ ,M,2026-03-02,"332,05", Amatitlan,services
502887,Diego Ramirez, m ,15/01/2026,"277,11",Antigua,Education
560667, Paola Morales, f ,2026-03-21,"21,10", ESCUINTLA,food
589438,Luis Garcia,m,19/03/2026,225.04,Mixco,Services
536948,maria paz, F ,2026-03-21,317.39,Villa Nueva,Food
559002,Monica  Lopez,f,24/02/2026,"339,95", Amatitlan,Retail
593341, Maria Paz,M,2026-02-08,"403,36",Guatemala,Food
544963,Julio Morales,M,2026-02-24,"138,61",mixco,Education
574632,Patricia Soto,M,2026-01-11,"132,61",Mixco,Education
564645,Patricia Soto,F,09/03/2026,"436,15",Escuintla,Services
586025,Julio Morales, m ,04/01/2026,407.06,Amatitlan,Food
590176,oscar rojas, M ,2026-01-14,392.34,ANTIGUA,Food
529831,Diego Ramirez,m,2026-01-28,"308,30",Guatemala,SERVICES
580375,Rene Soto,m,2026-02-18,"129,86",ANTIGUA,Retail
537399, Lucia Perez, m ,2026-01-25,,Mixco,Food
568191,Monica  Lopez,F,24/03/2026,125.56,Villa  Nueva,Education
560893,Pablo Perez,m,2026-03-05,301.53, Villa Nueva,Food
537685,Paola Morales,f,2026-03-22,"328,29",  QUETZALTENANGO,RETAIL
567471,Pablo Perez,m,2026-03-23,"301,77",villa nueva,retail
580543,PAOLA MORALES, f ,2026-01-02,305.78,Escuintla,Food
579067,Isabel Ramirez , f ,2026-01-20,"397,41",Guatemala,Food
552074,Ana Soto,f,2026-01-09,, Mixco,Services
533815,Paola Herrera , F ,12/03/2026,,Mixco,Education
542349,Lucia Perez,m,2026-02-23,"432,43",Guatemala,Retail
518364,Rene  Soto,M,2026-01-28,122.69,Amatitlan,Food
558744,Luis Garcia,,2026-01-13,281.11,ANTIGUA ,Services
568941,DIEGO RAMIREZ,m,2026-01-19,153.39,ESCUINTLA  ,Food
550492,Luis Garcia,M,2026-02-05,,Guatemala  ,Services
523300,mario lopez ,M,2026-02-21,"317,75",AMATITLAN,Retail
594508,Ana Diaz, f ,2026-01-17,"68,74",ANTIGUA,Services
565212,Pablo  Perez,,2026-02-22,49.95,VILLA NUEVA,RETAIL
514443,Paola Morales,f,2026-03-06,200.07,Villa Nueva,Food
597104,Ana Mejia,F,2026-01-24,187.81,Guatemala,Retail
592439,Ana Diaz,F,2026-01-25,26.32,Amatitlan,Education
560765,paola herrera,f,24/03/2026,"106,09",Mixco,Education
508401,Pablo Perez ,m,2026-03-25,165.44,QUETZALTENANGO,Education
500380,paola herrera, f ,21/02/2026,352.99,Villa  Nueva,Services
528725,Maria  Paz, F ,2026-03-10,419.08,ANTIGUA,Retail
544030, Rene Soto , m ,2026-02-05,157.96,Escuintla,Food
593167,Carlos Mendez,M,2026-02-20,"221,08",Villa Nueva,Food
587400,Pedro Herrera, M ,18/02/2026,128.47,Villa Nueva,Services
534470,Carlos Mendez , M ,2026-03-05,214.80,Antigua,Education
587703,Pablo Perez, F ,07/01/2026,"355,74",amatitlan,Food
577801, Carlos Mendez, m ,2026-01-08,8198.92,Amatitlan,retail
525126,Maria Paz,m,06/01/2026,63.12,Villa Nueva,food
575233,  CARLOS MENDEZ,m,2026-02-18,"123,62",Mixco,Services
581045,Paola Herrera,f,2026-03-16,"191,53",Amatitlan,education
525350,Pablo Perez, m ,2026-01-13,"420,63",Escuintla,Food
561392,Ana Diaz,F,2026-01-28,"6184,58",Villa Nueva,Retail
567856,Carlos Mendez,m,2026-02-23,354.44,Mixco,Education
547738,Jorge Castillo, m ,2026-01-17,96.05,ANTIGUA,FOOD
513790,Jorge Castillo,m,2026-01-09,155.98,Guatemala,Food
562507,Maria Paz,M,16/01/2026,"37,28",Antigua,Retail
502116,  jorge castillo, m ,11/01/2026,207.71,Guatemala,Food
551441, PEDRO HERRERA,M,26/02/2026,151.29,Villa Nueva,Food
556444,Patricia Soto , f ,2026-01-11,209.16,Escuintla,Education
549246,Luis Garcia,M,2026-03-26,370.66,Amatitlan,EDUCATION
581693,Monica  Lopez, F ,2026-01-05,"382,18",Mixco,Services
514350,maria  paz ,F,12/02/2026,152.39,Guatemala ,Retail
534760,Carlos Mendez, m ,2026-03-09,"136,58",villa nueva,Education
564007,paola herrera, M ,2026-03-19,"20,91", VILLA NUEVA ,Food
533779,ana soto,F,2026-03-09,"267,28",Guatemala,Education
586237,julio morales,m,2026-02-14,266.92,Escuintla,Education
525283,Julio Morales,m,2026-02-15,"95,25",Villa Nueva,Food
582403, Mario Lopez,M,16/02/2026,225.39, Villa Nueva,services
594904,  Paola Herrera, F ,2026-03-09,"139,41",escuintla,SERVICES
549349,Pablo Perez, m ,11/02/2026,38.19,Mixco,Services
598492,Paola Morales, f ,16/02/2026,"66,28",Mixco ,services
533625,Pablo Perez, m ,2026-03-13,307.07,Guatemala,retail
542782,Monica Lopez , f ,2026-01-15,"303,19",VILLA NUEVA ,Retail
539551,Monica  Lopez, f ,2026-01-15,"222,42", Guatemala,Services
521159,Jorge Castillo, M ,2026-03-12,"435,92",quetzaltenango,EDUCATION
521643,Ana Soto , f ,2026-01-02,"441,31",Mixco,SERVICES
515563,Paola Morales,m,2026-03-23,421.46,amatitlan,Retail
508291,Julio Morales, m ,2026-02-16,,Quetzaltenango ,Retail
505710,Rene Soto,M,2026-01-24,354.41,Villa Nueva,Education
585839, LUIS GARCIA,M,2026-01-21,"185,75",ANTIGUA,Retail
582064,Paola Morales,m,2026-03-01,"47,02",  Antigua ,EDUCATION
568048,Mario Lopez,F,2026-03-17,193.94,Escuintla,EDUCATION
568814,Pablo Perez,m,2026-02-10,356.67,antigua,Retail
543623,Ana Soto ,f,2026-01-26,"255,90",Villa Nueva ,FOOD
556325,Diego Ramirez,F,2026-01-16,6663.74,Quetzaltenango ,Education
515354,Maria Paz,M,02/02/2026,"358,10",Villa Nueva,EDUCATION
590585,Monica Lopez, f ,01/01/2026,6867.89,Mixco,Services
589502, Lucia Perez,f,2026-03-14,"55,47", Guatemala,Services
594914,Isabel Ramirez,f,18/02/2026,"166,39",Quetzaltenango,Services
526587, Rene Soto,m,04/03/2026,164.37,Mixco,Education
556355,julio morales, M ,14/03/2026,"260,98",Quetzaltenango,EDUCATION
578363,Julio Morales,m,2026-02-21,337.34,Villa Nueva,FOOD
546723,Mario Lopez ,M,18/02/2026,"396,66",GUATEMALA,Food
561394,Diego  Ramirez,m,2026-03-13,"390,04",VILLA NUEVA,Education
547383,Paola Morales,f,2026-02-22,"273,68", Escuintla,Services
537664,Lucia Perez,M,2026-02-28,153.21,Amatitlan,RETAIL
502589,Paola  Herrera,f,2026-01-18,"121,95",Escuintla,Food
532981,Carlos Mendez,m,2026-02-01,75.66,mixco,Education
503338,Paola Morales, F ,13/02/2026,397.45,Guatemala ,EDUCATION
502048,Maria Paz,m,26/02/2026,287.99,ANTIGUA,Retail
547860,Oscar Rojas, m ,2026-03-07,203.90,Guatemala,Services
598605,maria paz,F,2026-02-02,"303,72",Villa Nueva,SERVICES
551569,ANA DIAZ,F,2026-03-07,"264,60",Escuintla,Services
533930,Maria Paz, f ,06/01/2026,61.16, antigua,Services
556291,Monica Lopez,f,2026-02-25,45.15,ANTIGUA,Education
533188,Luis Garcia, M ,2026-01-22,"211,11",Antigua,Retail
557980,Lucia Perez, f ,2026-01-21,"186,07",Antigua,Education
586503,Pablo Perez, m ,2026-02-27,323.32,Quetzaltenango,Services
542448,Luis Garcia, m ,2026-02-26,"416,06",Escuintla,Services
507349, patricia soto,f,2026-01-18,"54,79",Guatemala ,Retail
513817,Ana Diaz ,f,2026-02-19,"129,46",Villa Nueva,Retail
513691,Paola Herrera ,f,20/03/2026,249.94, Villa Nueva ,food
596209,Diego Ramirez ,m,2026-02-13,276.75, MIXCO ,Services
509399,diego ramirez,m,2026-02-18,99.58,Escuintla,Services
518286,Ana  Diaz, F ,2026-02-05,343.29,Escuintla ,Services
571163,MONICA LOPEZ, F ,2026-02-10,382.07,quetzaltenango,Services
512161,paola herrera,f,25/03/2026,"402,76",Quetzaltenango ,SERVICES
529843,Luis Garcia,m,2026-02-21,217.24,Guatemala,Education
509951,DIEGO RAMIREZ, M ,2026-02-07,"342,70",Guatemala,Services
597856, julio morales, m ,21/02/2026,,Guatemala,Services
595281,Carlos Mendez , m ,2026-01-26,"4093,53",Mixco,Retail
583858,paola herrera,f,2026-01-24,300.26,villa nueva,Services
555137,Monica Lopez,F,2026-03-14,"312,83",Mixco,SERVICES
544752, Rene Soto,m,2026-01-06,49.56,Villa Nueva,Services
551437,Patricia Soto,f,22/02/2026,69.02,Villa Nueva,Food
506725,Rene Soto,M,01/01/2026,256.91, Antigua,Retail
574022, Mario Lopez, m ,2026-03-26,321.25,VILLA NUEVA,FOOD
554369,Isabel Ramirez,m,2026-02-01,"62,02",Quetzaltenango,education
583976,Oscar Rojas, m ,11/02/2026,"108,29",Guatemala,Services
576908,Isabel Ramirez,f,11/01/2026,"438,44",Villa Nueva ,SERVICES
596912,Carlos Mendez, m ,24/01/2026,138.83,quetzaltenango,Services
556037,Paola Herrera,f,22/02/2026,385.64,Quetzaltenango ,Retail
505183,mario  lopez ,m,2026-03-10,"113,97",Villa Nueva ,Services
568672,Carlos Mendez, m ,2026-03-12,303.29,Guatemala,EDUCATION
578350,Mario Lopez,M,2026-01-19,"364,39",Quetzaltenango,Services
547827,Ana Soto,f,13/02/2026,57.86,Guatemala,Food
563425,Mario Lopez, f ,13/03/2026,"237,46",Antigua,Food
527463,Paola Herrera,f,2026-02-16,"234,88",Quetzaltenango,Education
531984,PABLO  PEREZ,M,2026-01-16,434.78,Escuintla ,Services
588481,pedro herrera,m,2026-02-15,270.19,Quetzaltenango,Services
508955,Maria Paz,f,2026-01-13,431.62,Escuintla ,Services
571349,Rene Soto, m ,21/01/2026,384.29,Antigua ,Services
522816,Pedro Herrera,F,2026-03-26,413.46,Quetzaltenango,Retail
565235,Ana Soto,f,26/01/2026,"5909,28", amatitlan,Retail
517778,OSCAR ROJAS,m,2026-01-01,234.37,escuintla,Food
507455,Mario  Lopez, M ,16/03/2026,"195,56",Amatitlan,Services
522597, Monica Lopez,f,2026-02-05,,Antigua,Food
579375,Luis Garcia , M ,2026-01-01,"30,02",Villa Nueva,Retail
507993,maria paz,m,2026-02-05,433.42,Guatemala,services
546766,CARLOS  MENDEZ,m,2026-01-06,179.06,Antigua,Education
577168,Maria Paz, f ,2026-02-18,"265,89", Villa Nueva,Retail
548054,JORGE CASTILLO, f ,2026-03-06,423.25,Mixco,Retail
523295,Julio Morales,M,2026-03-11,74.54, Quetzaltenango,Food
574422,Monica Lopez, f ,2026-02-06,290.96,Villa Nueva,Services
516471,Patricia  Soto, F ,2026-02-08,"250,66",Antigua,Services
512871,ANA SOTO, f ,2026-03-25,122.80,Quetzaltenango ,Food
516682, Luis Garcia,m,2026-02-27,"358,08",Guatemala,retail
536275,Oscar Rojas,M,2026-01-20,,Escuintla,RETAIL
522076,  Luis Garcia,f,13/02/2026,243.30,Guatemala,Services
599687, Diego Ramirez,,2026-03-09,"37,64", quetzaltenango,EDUCATION
541734,Pablo Perez,m,06/02/2026,"108,83",Villa  Nueva,retail
592844, Pablo Perez,f,2026-02-09,,guatemala,Retail
531417,CARLOS MENDEZ,M,06/01/2026,"419,26",Quetzaltenango,Retail
594051,Ana Mejia,M,2026-02-19,"170,72",Amatitlan,Retail
511797,Mario Lopez,f,2026-01-25,128.71,Escuintla,Food
586079,Ana Mejia,F,2026-01-16,433.28,Escuintla,services
588717, CARLOS MENDEZ, m ,2026-02-18,361.70,AMATITLAN,services
506836,PABLO PEREZ, M ,2026-03-07,"336,19",Villa Nueva,Education
525214, Ana Diaz,F,2026-01-26,67.37, Mixco ,Food
560115, Oscar Rojas,M,10/02/2026,"120,03",Escuintla,Food
501509,Lucia  Perez, F ,2026-02-27,,Quetzaltenango,Education
560915,Julio Morales , m ,10/01/2026,211.48,Amatitlan,Services
593964,isabel ramirez,f,2026-03-24,"71,63",Guatemala,Retail
581963,Oscar  Rojas, M ,2026-02-22,31.32,antigua,RETAIL
559735,Lucia Perez,f,2026-02-05,90.07,ESCUINTLA,Retail
566119,Rene Soto,F,2026-02-04,135.06,Escuintla,Food
586663,RENE  SOTO, m ,2026-02-04,"377,54", Villa Nueva,Food
535841,Luis Garcia,M,2026-01-11,,GUATEMALA,Services
588757, Jorge Castillo, m ,05/03/2026,"64,53",Antigua,Food
501934,monica lopez,F,2026-03-02,"301,95",Guatemala ,Education
523264,MONICA LOPEZ, m ,2026-01-26,"305,53",Villa Nueva,Food
541823,PAOLA HERRERA , f ,2026-03-01,341.06,Amatitlan,Retail
532527,pedro herrera , m ,2026-01-05,"121,56",Escuintla ,Education
564524,monica lopez,m,2026-02-23,244.76,Amatitlan ,Education
547239,Diego Ramirez , m ,2026-01-12,"410,07",Quetzaltenango,Food
549190,Mario Lopez,m,2026-01-21,144.21,mixco,Education
547000,Patricia Soto,f,23/02/2026,421.08, Antigua,Services
503299,Monica Lopez,f,13/03/2026,"252,95", Amatitlan,Services
544052,Pablo Perez, m ,2026-03-11,4428.12,Quetzaltenango,Education
591382,Julio Morales,m,28/01/2026,254.30,Villa Nueva,Services
541583,ISABEL RAMIREZ, f ,2026-03-08,"89,79",antigua,education
565903,Isabel Ramirez, M ,2026-01-12,"20,40",Guatemala,RETAIL
502380,Rene  Soto ,m,2026-02-07,361.22,Guatemala,Education
506467,Oscar  Rojas, f ,2026-02-15,"266,02",Antigua,RETAIL
560301,Julio Morales,M,18/03/2026,"164,14",GUATEMALA,Food
526763,Ana Mejia , F ,2026-01-22,"123,13",Escuintla,Education
524571,Oscar Rojas, m ,2026-01-28,421.76,Escuintla,Retail
564467, maria paz,M,15/01/2026,125.69,Villa  Nueva,RETAIL
579485,Paola Morales , F ,28/03/2026,32.03,Villa Nueva,Retail
525271, LUIS GARCIA ,m,11/01/2026,271.37,Antigua,Food
589521, Monica Lopez, m ,01/02/2026,"53,80",Antigua,Services
557747,Mario Lopez, f ,2026-03-14,389.52,quetzaltenango,Food
570549,paola morales, m ,2026-01-02,"205,72",villa nueva,RETAIL
569348,mario lopez,f,2026-03-02,308.77,  QUETZALTENANGO ,Education
585094,LUIS  GARCIA, m ,2026-02-20,368.11, Quetzaltenango,Education
556559,Ana Mejia, f ,2026-03-09,"192,83",Antigua,EDUCATION
532727,Diego Ramirez,m,2026-02-02,"38,44",Quetzaltenango  ,Food
532152,Diego Ramirez,f,2026-01-06,357.17,Villa Nueva,Retail
534403,MARIO LOPEZ,m,24/01/2026,"370,93",Quetzaltenango,EDUCATION
533927,Pedro Herrera,M,2026-01-18,361.95,mixco,Services
552796,PAOLA  MORALES,f,2026-01-26,"179,78", Escuintla,Services
591448,Carlos Mendez ,m,2026-02-09,"147,00",Antigua,Food
598135,Maria Paz,m,2026-03-20,365.34,ANTIGUA,Food
524881,paola morales , f ,03/02/2026,"365,16", Escuintla,Education
564144, Mario Lopez,M,2026-01-22,337.78,VILLA NUEVA,SERVICES
505352,Maria Paz,F,2026-01-22,83.35,ESCUINTLA,retail
568829,Diego Ramirez,m,2026-02-11,, Villa Nueva,Services
515609,Patricia Soto,M,2026-01-24,"397,25",Amatitlan,services
569288,Monica Lopez ,f,2026-03-18,"236,08",Quetzaltenango,Food
536105,Paola Morales , f ,2026-02-11,,Escuintla,Education
522038,Pablo Perez,M,2026-01-20,"23,51",Quetzaltenango,Education
564519,Maria  Paz, f ,2026-01-07,"357,84", Antigua,Education
564316,Pedro Herrera, m ,2026-03-18,"142,67",escuintla,Services
593410,Jorge Castillo,,2026-03-05,"369,73",Antigua,Food
572377,Maria Paz,f,2026-01-24,"128,71",Villa Nueva,Education
592882,Diego Ramirez, m ,2026-02-22,6534.21,Escuintla,Education
511011,Lucia Perez, f ,14/01/2026,116.89,Escuintla ,retail
502068,Rene Soto,f,2026-01-21,"428,64", Antigua,Education
531613, Pablo Perez, m ,2026-01-13,"317,62",Guatemala,Services
597653,Julio Morales,m,2026-01-27,126.17,Amatitlan,Services
506259,Ana Mejia ,f,2026-01-10,251.93,AMATITLAN ,Retail
599943,Pedro Herrera,M,14/02/2026,"186,94",Quetzaltenango,Services
566712,Luis Garcia ,f,2026-03-17,185.61,Mixco,retail
589826,Maria Paz,f,2026-01-03,316.89,Quetzaltenango,Services
511042, Luis Garcia, m ,2026-01-15,"251,64",  Antigua,Services
593535,ana  mejia,F,2026-03-14,"163,35",Villa Nueva,Services
520458,Luis Garcia,F,2026-01-12,439.31, Guatemala,Services
589642,Ana Soto, f ,16/01/2026,447.52, Quetzaltenango,SERVICES
562346,Julio Morales, m ,20/01/2026,317.16,Villa Nueva,Food
538406,Mario Lopez,,2026-03-17,"350,79",Antigua,Services
502359,Ana Mejia,f,22/03/2026,"414,44",Antigua,Retail
552530, Paola Morales,m,11/03/2026,205.24,MIXCO,Retail
545074,Ana Diaz,F,27/02/2026,"384,62", Antigua,Retail
596596,Ana Diaz,f,2026-02-06,434.73, ESCUINTLA,Education
546012,Ana Soto,,2026-01-18,49.26,Quetzaltenango ,Services
597011,Pedro  Herrera, m ,23/01/2026,"224,51", Villa Nueva,Retail
517065, Rene Soto, M ,2026-03-14,"438,17",Quetzaltenango,Education
578174,Pablo Perez, m ,2026-01-16,403.16,Escuintla,Retail
592957,Ana Diaz, f ,2026-02-20,"288,32",Guatemala,Education
511896,Lucia Perez ,f,2026-01-15,"169,67",Quetzaltenango,Education
549096,Ana  Mejia,F,2026-03-15,"233,27",ESCUINTLA,Retail
568030,JULIO MORALES, m ,2026-01-03,"434,21",Quetzaltenango,Food
561775,Pedro Herrera,m,2026-01-04,71.26,Villa Nueva,Food
533181,Diego Ramirez,m,2026-01-26,265.96,guatemala,food
582590,PABLO PEREZ, f ,2026-02-26,, quetzaltenango,RETAIL
580266,Oscar Rojas, m ,22/02/2026,230.71,Mixco,Services
570734,Pablo Perez,f,2026-02-07,257.23,Quetzaltenango,Services
567073,luis garcia,m,2026-02-25,"253,12",Mixco,food
527498,Rene Soto,m,2026-02-01,, Quetzaltenango,food
556358,Pablo Perez,m,2026-02-24,"386,01", Villa Nueva,FOOD
577696,mario lopez,,2026-03-22,233.22, Guatemala ,Services
566327,MARIA PAZ, f ,10/01/2026,"71,30",Amatitlan,education
553424,Jorge Castillo ,m,13/03/2026,"169,44",ESCUINTLA ,Food
502656,Mario Lopez, M ,2026-03-09,"401,77",Mixco,Food
565830,Oscar Rojas, f ,2026-01-25,279.92,Mixco,Retail
580092, MONICA LOPEZ,f,2026-03-19,94.44,Quetzaltenango,Services
535728,Paola Morales,f,2026-02-23,"254,97",Antigua,Education
583403,mario  lopez,m,2026-02-20,"196,93",Antigua,Services
519854,Julio Morales,M,2026-03-03,145.07,Amatitlan ,Food
591338,Luis Garcia, m ,2026-03-17,"438,32",Amatitlan,Services
530737,Rene Soto,m,2026-01-07,"375,80",Amatitlan,Education
581556,Julio Morales,f,2026-03-22,"362,00",Antigua,Retail
504381,Isabel Ramirez, f ,2026-03-07,382.10,   ,Education
518843,Carlos Mendez, m ,2026-03-17,"319,44",antigua,Education
539739,LUIS GARCIA,m,2026-02-07,"87,98",Guatemala,Retail
529276,Isabel Ramirez, F ,2026-01-19,"112,86",Villa  Nueva,Education
556046,jorge castillo,m,19/01/2026,300.76,Quetzaltenango,Retail
553134,Monica Lopez,f,2026-03-23,"241,60",Mixco ,RETAIL
555428, Oscar Rojas,M,2026-02-18,,villa nueva,Retail
548255,monica lopez, f ,2026-01-03,"24,27",escuintla,Education
585670, CARLOS MENDEZ, m ,16/01/2026,402.30,antigua,Education
507102,Julio Morales,M,22/01/2026,119.86,Antigua,Food
526949,Mario  Lopez ,m,2026-01-11,"23,38", Amatitlan,Retail
515833,Pedro Herrera, f ,2026-01-11,"307,30",Amatitlan ,services
588935,Patricia Soto,m,2026-02-22,,Villa Nueva,Services
565816,Monica Lopez,f,2026-02-17,"90,38",QUETZALTENANGO,Retail
583202,Luis Garcia,m,18/01/2026,"129,91", Escuintla,Education
525416, Maria Paz,M,06/02/2026,"283,56",Guatemala,Education
500989, Paola Morales , f ,2026-02-11,"313,93",ANTIGUA,Retail
542673,Maria Paz, F ,2026-01-14,5937.95,  Guatemala,services
579217,Lucia Perez,f,2026-01-17,250.89,Guatemala,Education
562020,Ana Soto,M,2026-03-02,"370,65",escuintla,Services
571618, Pablo Perez, f ,2026-02-25,"234,02",Villa Nueva,Food
571849,Diego Ramirez, f ,2026-03-01,"35,10",Escuintla,Services
520878,Mario Lopez, m ,2026-01-04,"282,63",Mixco,Retail
519865,patricia soto ,F,2026-03-10,366.80,QUETZALTENANGO ,food
510797,Pedro Herrera,m,2026-02-21,"164,11",Mixco ,Retail
582060,Paola Herrera, F ,2026-03-11,284.84,escuintla,Education
536960,Paola Herrera, F ,2026-01-22,"104,76",Escuintla,retail
571091,Diego Ramirez, M ,2026-01-06,"100,85",Amatitlan ,Retail
585141,Pedro Herrera, M ,03/01/2026,306.22,Amatitlan,Education
546416,Patricia Soto, f ,2026-02-08,249.59,Amatitlan,Services
579480,RENE SOTO ,m,2026-03-08,84.35,ANTIGUA,Services
528212, Paola Morales,f,2026-02-17,"340,03",Guatemala,FOOD
506549,carlos mendez,F,2026-01-05,98.43, amatitlan,retail
546723,Mario Lopez ,M,18/02/2026,"396,66",GUATEMALA,Food
575125, Jorge Castillo,M,24/02/2026,8856.59,Escuintla,RETAIL
524973,PAOLA HERRERA,f,17/03/2026,"110,13",Quetzaltenango,Education
565258,carlos mendez, m ,2026-01-16,291.98,villa nueva,services
573961,Diego Ramirez,M,2026-02-18,"93,65",ANTIGUA,Retail
563540,Carlos Mendez, M ,2026-03-24,"377,80",Quetzaltenango ,Retail
597358,Ana  Mejia,m,2026-02-28,142.61,Antigua,SERVICES
588721, Diego Ramirez, m ,15/03/2026,133.03, Villa Nueva ,Education
565501,ANA  MEJIA, f ,2026-02-16,444.92,Guatemala,Food
582143,Diego Ramirez, f ,2026-03-05,"267,13",antigua,education
587788,Patricia  Soto ,f,2026-03-23,299.43,Mixco ,Services
598935,Mario Lopez, F ,10/03/2026,147.54,Antigua,Education
545927,Rene Soto, m ,2026-02-13,322.59,Guatemala,Retail
545773,Monica  Lopez, m ,2026-01-16,302.41,escuintla ,Food
529406, Oscar Rojas,f,2026-02-22,"48,00",Antigua ,retail
574725,Diego Ramirez,M,2026-03-07,364.49,Amatitlan,Services
543266,Ana Diaz,f,2026-03-20,"181,08",Guatemala,Food
552068,Maria Paz, F ,13/02/2026,"294,12",Amatitlan,Retail
559934, ana mejia,f,2026-03-27,311.40, escuintla,Retail
502138,Carlos Mendez, m ,2026-03-25,"35,57",Mixco,SERVICES
504658,Pablo Perez,M,2026-01-03,"406,20", Antigua,Retail
526420, Paola Morales,f,2026-03-27,387.66,Antigua,FOOD
548354,ANA MEJIA,f,2026-01-28,363.88,guatemala,SERVICES
539462,Carlos Mendez, M ,2026-01-15,249.24,Antigua,Services
531183,carlos mendez, m ,2026-02-01,275.38,MIXCO,Education
534530, Oscar Rojas, f ,2026-03-06,"239,03",Guatemala,Food
547467, Diego Ramirez , m ,2026-01-02,417.55,Villa  Nueva,Food
541077,Jorge Castillo, m ,2026-03-12,141.13,Quetzaltenango,Food
506573,Ana Diaz,F,2026-02-16,"83,85",Quetzaltenango,Retail
537846,Rene Soto,f,2026-03-15,49.93,Villa Nueva,education
561799,Pedro  Herrera,f,2026-01-12,"421,30",Quetzaltenango,Retail
595879,Ana Diaz, f ,2026-03-04,4893.83,Escuintla,Education
541890, Patricia Soto,f,2026-03-21,187.68,Guatemala,Retail
550071,diego ramirez,M,2026-01-22,"249,73",Villa Nueva ,Food
520369,RENE SOTO,m,2026-02-12,172.44,antigua,Retail
544199,luis garcia, m ,21/03/2026,86.70,Quetzaltenango ,Education
584715,Diego Ramirez,F,2026-03-15,"167,92",Quetzaltenango,RETAIL
504296,carlos mendez,f,2026-01-18,"196,43",Quetzaltenango,Food
542614,Luis Garcia,m,2026-03-13,258.32,Guatemala,Retail
550649,Maria Paz,f,2026-01-12,"389,61", AMATITLAN,Services
503433,Oscar Rojas,f,2026-03-19,,Escuintla,retail
586949,Mario Lopez,M,2026-01-13,"301,68",Quetzaltenango,Retail
527346,Pedro Herrera,M,08/03/2026,"324,88",Escuintla,Food
536521,Julio  Morales,m,2026-01-17,"95,41",MIXCO,RETAIL
585559,Carlos Mendez, m ,10/03/2026,"400,60",GUATEMALA,food
579240,Paola Morales, F ,19/02/2026,250.87,Quetzaltenango,services
518547,Monica Lopez,f,05/01/2026,65.22,VILLA NUEVA,Education
504043,Carlos Mendez,m,21/03/2026,208.85, Escuintla,Education
506596,  Ana Diaz, F ,02/03/2026,,ESCUINTLA,Education
547813,Patricia Soto,F,2026-02-07,"266,73",Mixco,Food
513221,Ana Diaz,f,06/02/2026,76.68,Antigua,education
551778,paola herrera,F,2026-03-20,,antigua,Services
583517,Isabel  Ramirez,f,2026-02-13,,MIXCO,Education
512939, isabel ramirez,f,2026-02-04,"216,02", Quetzaltenango,FOOD
548337,Paola Morales ,f,2026-03-06,349.65, Amatitlan,Food
519843,Jorge Castillo,,2026-02-22,142.22,Amatitlan,Services
512889,jorge  castillo,m,2026-03-24,"174,39",Villa Nueva,Retail
588534,LUIS GARCIA,F,2026-02-23,"290,17", Antigua,FOOD
552373,Isabel Ramirez,M,08/01/2026,"71,36", Guatemala,Retail
562682,ISABEL RAMIREZ,f,2026-02-09,"78,65",Guatemala,Education
533437, Isabel Ramirez,F,2026-02-03,123.41,Mixco,Education
505183,mario  lopez ,m,2026-03-10,"113,97",Villa Nueva ,Services
568385,PATRICIA SOTO,M,2026-02-10,360.53,Mixco ,Services
538277,Paola  Morales ,m,2026-03-24,"202,35",Villa Nueva,Services
500249,Ana Soto,F,2026-03-15,"323,55",VILLA NUEVA,Services
591571,Jorge  Castillo,m,2026-01-13,283.08,Guatemala ,Services
515546,Pedro Herrera,M,2026-03-01,"430,77", villa nueva,Education
510270,PATRICIA SOTO,f,2026-01-14,159.31,Amatitlan,Food
577192,Lucia Perez,M,2026-03-18,"206,86",Mixco,education
571598,Lucia Perez, f ,2026-03-03,253.69,Antigua,EDUCATION
505932,Diego Ramirez, m ,2026-02-23,"397,61",Amatitlan,RETAIL
554864,Maria  Paz , F ,03/01/2026,"437,61",Antigua,sin dato
575288,Oscar Rojas,M,16/02/2026,"111,61",  escuintla,Food
574273,Jorge Castillo, m ,2026-03-25,"445,99",Mixco,Food
570396,Ana  Mejia,m,2026-02-04,"236,39",MIXCO,retail
596131,ANA SOTO,f,2026-02-19,"377,24",Mixco,Food
553175,Monica Lopez,f,2026-01-10,200.05,Villa Nueva ,Food
599501,OSCAR ROJAS , m ,03/03/2026,327.41, Antigua,Education
564585,Patricia Soto,m,2026-03-01,"337,46",Escuintla ,Education
595356,Carlos Mendez,m,2026-02-23,175.54,Mixco ,Education
546093,Ana  Soto, f ,2026-01-26,"440,21",Antigua,Education
502888,Mario Lopez,f,19/03/2026,,Antigua,food
574388,Maria Paz,f,15/02/2026,317.26,Mixco ,retail
565549,Ana  Soto, f ,2026-01-27,"74,59",Quetzaltenango,Education
535040,Pedro Herrera,m,09/03/2026,"198,85",Escuintla ,Retail
589536,Pablo Perez,m,2026-02-16,"109,44",Quetzaltenango ,retail
569413,PABLO PEREZ,m,2026-02-09,"192,87",Mixco,Services
588220,MARIA PAZ, f ,2026-01-09,423.40,VILLA NUEVA,Services
582329,Diego Ramirez,m,2026-03-10,321.12,Escuintla,Food
570743,Pablo Perez,m,2026-01-14,"27,94",Antigua,Services
537968, Lucia Perez, f ,2026-02-25,"86,12",Quetzaltenango,RETAIL
562771,Carlos Mendez,m,17/03/2026,199.22,Antigua,Food
538303, Paola Morales,f,2026-01-06,"350,45",Amatitlan,Education
543666,monica  lopez,f,2026-01-09,"178,30",Antigua,Retail
516599, Ana Mejia,f,2026-03-24,"419,50",Guatemala,retail
599797,Pablo  Perez ,m,2026-01-02,29.75, Guatemala,Food
541042,Paola Herrera, m ,2026-02-27,6794.66,Antigua,Retail
534868,julio morales ,m,2026-03-02,368.05,MIXCO,Food
567072,Isabel Ramirez,f,27/02/2026,109.69,Escuintla ,Retail
554116,pablo perez,M,2026-02-06,360.97,Quetzaltenango,Retail
522596,Ana Mejia,f,2026-01-19,"109,07",Escuintla,Food
558828,Patricia Soto,F,2026-02-16,"118,89",Escuintla,Food
507720, Isabel Ramirez,F,2026-01-25,,Mixco ,Retail
501152,  Pablo Perez, m ,2026-03-27,165.58,Mixco,EDUCATION
534662, Paola Herrera,f,2026-03-26,31.79,Antigua,Services
571858,Maria Paz, F ,2026-01-19,"211,34",Quetzaltenango,Education
551516,Patricia Soto, f ,2026-03-27,351.83,Amatitlan ,Retail
508083,Pablo Perez,F,21/01/2026,"229,97",Amatitlan,Food
591323,Mario Lopez,m,2026-01-05,"338,20",Antigua ,Education
586278,Jorge Castillo, M ,2026-03-16,208.52,ANTIGUA,Services
522723,PATRICIA SOTO,f,2026-02-21,,Amatitlan,Education
505724, Maria Paz ,m,2026-03-19,352.14,antigua,Food
543460,Patricia Soto, f ,2026-03-01,"424,52",Escuintla,Education
568159, Isabel Ramirez,F,22/03/2026,314.55,ESCUINTLA,Food
516877,Jorge Castillo,m,25/01/2026,195.13,AMATITLAN,Food
581814,Paola Herrera, f ,27/02/2026,"410,55",Quetzaltenango,Education
508041,Luis Garcia,m,2026-01-12,69.44, Amatitlan,Retail
505700,ANA SOTO,F,2026-02-23,195.81,Mixco,Retail
531684,Paola Morales ,F,2026-02-13,362.24,Escuintla ,Retail
519163,Pablo Perez,,2026-02-06,169.69,Quetzaltenango,food
569623,Diego Ramirez,M,13/01/2026,"27,08",antigua,Retail
538900,paola herrera,F,2026-03-11,"91,85",Villa  Nueva,Retail
521887,ana soto, f ,2026-03-01,429.27,Mixco ,Education
539432,Ana Diaz,M,2026-03-28,253.49, Antigua,Services
517045,Lucia Perez,f,2026-01-20,444.84,antigua,Retail
516412,PAOLA MORALES ,f,28/02/2026,"254,30",Escuintla,retail
524509,ana soto,F,2026-03-13,339.67,Antigua,FOOD
559433,Isabel Ramirez, f ,2026-02-27,26.72,Quetzaltenango,Services
599822,Diego Ramirez , M ,2026-01-25,"64,04",QUETZALTENANGO ,Education
519534,Jorge Castillo, m ,10/02/2026,"351,87",Mixco,Food
553770,Julio Morales, M ,26/01/2026,"176,35",Quetzaltenango,FOOD
547348,Ana Soto,f,2026-02-21,271.79,N/A,Services
557699, Lucia Perez,F,2026-03-22,"43,86", Quetzaltenango,Food
545699,Diego Ramirez, m ,2026-01-02,422.48,GUATEMALA,Education
599357,Ana Soto ,f,2026-03-12,385.66,Escuintla,Services
537781,Pedro Herrera, m ,2026-03-02,"342,42", Guatemala,Retail
543150,Rene Soto, m ,2026-03-17,378.87,Amatitlan,Education
588897,Monica Lopez,f,2026-02-05,121.25,Quetzaltenango,Education
571695,Luis Garcia,M,2026-02-17,67.50, Villa Nueva,Food
559100,Paola Herrera,f,2026-02-21,"280,78",Guatemala ,Services
537517,Patricia Soto,F,2026-03-03,"51,81",antigua,Services
587371,pedro herrera,M,20/03/2026,"440,40",Villa Nueva,RETAIL
500670,luis garcia,F,2026-03-19,51.21,Escuintla,RETAIL
500510,Paola Herrera,f,2026-01-05,384.19,Amatitlan,retail
516475,Jorge Castillo, m ,2026-01-04,"356,71",Escuintla ,Retail
555458, Pedro Herrera, m ,2026-03-24,203.66, Escuintla,Retail
544538,paola  herrera,F,2026-02-04,"62,78",Amatitlan,Education
522967,Patricia Soto,m,2026-02-28,"206,43", Escuintla,Education
508627,Ana  Soto,F,16/01/2026,,Villa Nueva ,EDUCATION
537173, Ana Soto, f ,02/01/2026,"214,38",Guatemala,Food
564543,Carlos  Mendez, M ,09/03/2026,"366,95",  Amatitlan,Retail
553389,ana  soto, f ,2026-03-27,"195,12", Escuintla,Food
531262,Carlos Mendez,F,22/02/2026,"64,75", Guatemala,RETAIL
524963, Ana Diaz,m,2026-03-20,392.26,Escuintla,Education
519320,Patricia Soto ,m,2026-03-20,401.69,Villa Nueva,Retail
513878,Monica Lopez, m ,2026-02-26,163.34,null,Food
552009,Rene Soto, F ,2026-03-12,"154,72",Quetzaltenango,EDUCATION
589164,Pedro  Herrera,m,2026-03-14,"261,54",Mixco,EDUCATION
544317,Isabel Ramirez, f ,2026-03-19,168.98,Mixco,SERVICES
593322,Isabel Ramirez, m ,2026-01-11,"112,41",Villa Nueva,Retail
535974, Monica Lopez ,f,2026-03-02,214.71, Quetzaltenango,Retail
559786,Maria Paz, m ,2026-03-26,190.66,Antigua,Services
581206,Paola Morales ,m,08/02/2026,146.40, Escuintla,Retail
561940,ANA MEJIA, F ,2026-02-14,"169,32",Escuintla ,services
504991,Luis Garcia,m,06/02/2026,363.61,Antigua,RETAIL
562158,Luis Garcia, m ,20/01/2026,,Escuintla,SERVICES
566445,diego ramirez,f,2026-02-01,257.01,ESCUINTLA,Services
514628,Luis Garcia, M ,2026-01-13,336.27,Quetzaltenango,FOOD
532748,Pablo Perez,m,08/01/2026,"275,34",Quetzaltenango,Retail
522538,Paola Morales,f,13/02/2026,"264,97", Escuintla,Services
575244,ANA MEJIA, f ,2026-02-23,369.69,QUETZALTENANGO,Education
531639,Rene Soto , f ,2026-03-18,88.57,Villa Nueva,Education
519192,Julio Morales,f,2026-01-27,,Amatitlan,food
596094,Maria Paz, m ,28/01/2026,"321,60",Mixco,food
502338,pedro herrera, m ,28/01/2026,355.66,Escuintla,Services
593527,Diego Ramirez, M ,2026-01-11,173.83,Escuintla,services
595776,rene soto,F,2026-02-14,"299,28",villa nueva,Retail
540393,Patricia Soto , F ,2026-02-07,111.08,Amatitlan,Education
586765, Mario Lopez, M ,2026-01-01,"441,40",Guatemala,Food
513947,Diego Ramirez,M,2026-03-23,"121,02",Antigua,FOOD
543476,oscar rojas, M ,2026-03-22,"67,18",villa nueva,Food
517411,Paola Morales, m ,2026-02-21,"406,89",QUETZALTENANGO,Education
586079, luis garcia,m,2026-01-25,"320,79",Quetzaltenango,Services
599822,Luis Garcia,m,2026-01-06,"233,21",Villa Nueva,education
574961,Paola Herrera, F ,2026-03-27,"292,15",QUETZALTENANGO,Retail
506831,Rene Soto, M ,2026-02-12,246.30,Escuintla,Services
501421,monica lopez,f,12/02/2026,"438,40",Amatitlan,Education
586075,Lucia Perez, M ,2026-02-09,198.98,Villa Nueva,Services
519449,julio morales,M,2026-03-02,30.67,Escuintla,Education
537687,Paola  Morales,f,2026-02-20,442.02, Villa Nueva,retail
563078,Luis Garcia, m ,2026-01-03,418.65,Amatitlan ,FOOD
521066,Carlos  Mendez, m ,2026-03-11,408.67,Amatitlan,Food
535113,PAOLA MORALES ,F,2026-03-19,207.42,Escuintla,Retail
592511,Luis Garcia, f ,2026-01-06,"138,94", Guatemala,food
540397,Luis Garcia ,f,04/01/2026,"235,66",villa nueva,FOOD
519551,PAOLA MORALES,F,2026-03-24,389.37,quetzaltenango,RETAIL
599043,Luis Garcia,m,2026-02-17,325.87,Mixco,Education
511342,Julio Morales, M ,2026-03-02,266.04,Mixco,Food
564498,Isabel Ramirez, F ,2026-01-10,339.61,Guatemala,Services
583909,Ana Mejia,M,2026-01-23,42.00,Amatitlan,Services
589619,Isabel Ramirez,f,25/01/2026,21.10,Villa Nueva,services
535856,Ana Mejia, f ,2026-02-01,292.78,Guatemala,Food
583655,maria paz,F,2026-03-21,"308,30", amatitlan,Services
561421,Maria Paz , m ,2026-02-22,"219,10",ESCUINTLA,Food
573696,Patricia Soto, f ,04/02/2026,"46,01",Mixco,Education
528480,Ana Mejia,F,2026-03-05,,amatitlan,Services
559116,Maria  Paz ,m,2026-03-02,"4661,96",Mixco,Services
552199,Diego Ramirez,m,23/02/2026,68.17,Villa Nueva,education
513947,Diego Ramirez,M,2026-03-01,"121,02",Antigua,FOOD
583240,Mario Lopez,m,2026-02-23,"306,53",Guatemala,Food
505991,Oscar Rojas,m,20/03/2026,381.74,  Mixco,Retail
537269,Isabel Ramirez,f,2026-02-01,60.74, Villa Nueva,Food
516105,Isabel Ramirez,F,2026-02-03,"100,77", Villa Nueva ,Services
500086,Oscar Rojas, M ,16/01/2026,"366,76",Villa Nueva,Education
506498,Pablo Perez,F,15/03/2026,417.81,Quetzaltenango,Services
549991,Maria Paz,f,2026-01-11,205.00,Guatemala,RETAIL
529668,Rene Soto,m,24/02/2026,, Quetzaltenango,FOOD
537651,DIEGO RAMIREZ,m,2026-02-11,,Guatemala,Education
543626,Maria  Paz , F ,2026-01-28,420.77,Quetzaltenango  ,Retail
536235,JULIO MORALES,M,2026-02-23,"29,11",Quetzaltenango,Education
526608,Monica Lopez, f ,2026-01-10,"303,51",Villa Nueva,Retail
520301,Ana Diaz,f,23/03/2026,"412,03",Escuintla,services
538906,PATRICIA SOTO, m ,2026-02-04,"207,49", Amatitlan,Services
502253,Mario Lopez, f ,2026-01-11,394.95,Escuintla,Services
524207, Lucia Perez ,f,2026-02-13,422.20,Guatemala,Food
526640, Pedro Herrera , M ,20/02/2026,"113,94",Antigua,Food
542622,PAOLA HERRERA ,M,15/03/2026,,Quetzaltenango,Education
576688,Oscar  Rojas ,M,02/01/2026,177.16,Amatitlan,Education
540413,Rene Soto, m ,2026-02-23,301.21,Villa Nueva,Retail
534281,monica lopez, F ,2026-02-09,"373,45", Villa Nueva,EDUCATION
554425,Rene Soto,m,2026-03-03,"24,28",antigua,education
511851,oscar rojas,M,2026-03-01,228.22, QUETZALTENANGO,services
551153,Isabel Ramirez,f,2026-03-19,124.47, Escuintla,Education
571558,Isabel Ramirez, F ,14/02/2026,268.57,Quetzaltenango,Food
540379,Isabel Ramirez ,f,24/03/2026,,Guatemala,Education
512881,Carlos Mendez , M ,02/03/2026,144.77,Quetzaltenango,Services
556722,Ana Mejia,f,2026-01-09,"169,22",escuintla,FOOD
555512,Luis Garcia,M,2026-01-15,"48,39",ANTIGUA,Services
539631,MARIA PAZ,m,11/01/2026,357.37,Mixco,RETAIL
578650, Jorge Castillo ,m,11/03/2026,"293,90",Guatemala,Services
510088, lucia perez,f,2026-01-01,,Escuintla,Education
502230,Monica Lopez,f,23/01/2026,237.34,Amatitlan  ,Food
515085,ANA MEJIA, f ,2026-03-04,144.83,quetzaltenango,education
570158,Jorge Castillo,m,2026-03-16,423.54, Antigua,EDUCATION
513795,patricia soto,f,12/01/2026,"270,26", Quetzaltenango,Services
526466,Pedro Herrera,M,13/03/2026,"89,69",Amatitlan,Retail
513158,Isabel Ramirez, f ,2026-02-07,389.57, mixco,Food
518789,carlos mendez , f ,2026-03-10,"28,38",Quetzaltenango,Education
502376,Pablo Perez, M ,2026-02-03,97.98,Villa Nueva,Services
535573,rene soto,M,2026-03-12,185.57, Villa Nueva,Education
531327,Pedro Herrera , f ,2026-02-01,46.54,  VILLA NUEVA,Education
569795, Pedro Herrera,M,2026-01-20,"68,89",Amatitlan,FOOD
583006,Rene  Soto , m ,2026-02-07,"332,22",Mixco,Education
587401,ANA DIAZ,f,2026-03-01,"307,72", QUETZALTENANGO,Services
542277, Ana Soto,f,2026-02-04,344.88,Guatemala,Retail
517293,Rene Soto ,m,2026-01-14,366.04,ANTIGUA,Education
553474,Julio Morales, M ,2026-03-09,191.44, Amatitlan,Retail
598977,Ana Diaz,M,22/03/2026,"380,84",Antigua,Education
582538,PAOLA MORALES ,f,2026-03-28,"301,11", Guatemala,RETAIL
544219,PATRICIA SOTO,F,16/01/2026,,Villa Nueva,FOOD
534528,Rene Soto, m ,2026-02-14,"107,28", Villa Nueva,Retail
543743,Paola Herrera, f ,2026-01-03,"235,57",MIXCO ,Retail
509489,Luis Garcia,F,2026-01-23,"57,31",Villa Nueva,SERVICES
533928,julio morales, m ,04/01/2026,117.77, Guatemala,Education
562062,Isabel Ramirez, m ,2026-01-11,"301,58",Guatemala,RETAIL
516882,Luis Garcia ,m,2026-03-27,170.13,guatemala,Food
562967,Ana Mejia,m,2026-03-15,,GUATEMALA,Services
547155,Ana Mejia, f ,2026-01-02,"268,35", Quetzaltenango,EDUCATION
550375,Ana Soto,f,2026-01-11,"200,09",Guatemala,RETAIL
552878,Paola  Herrera,F,2026-02-13,"174,12",Amatitlan,Services
539512,Ana Diaz,f,2026-01-20,"412,77", Amatitlan,food
588570,Isabel Ramirez,m,2026-02-03,"329,11",Amatitlan,Food
539238,Maria Paz,,2026-02-09,54.95,Quetzaltenango,Services
572810,Maria Paz , F ,2026-01-28,"144,22", ESCUINTLA,Services
523642,Monica Lopez,f,01/03/2026,240.47, Villa Nueva,Retail
537867,Paola Morales,f,26/03/2026,"36,45",Mixco,Education
530505,Pedro Herrera, m ,2026-01-25,79.44,mixco  ,Services
528606,  Monica Lopez, F ,2026-02-18,,Quetzaltenango,Food
593988,Ana Diaz,f,2026-03-07,"188,15",guatemala,SERVICES
526485,Paola Morales,f,2026-02-24,, Amatitlan,Food
552243,Isabel Ramirez,M,17/02/2026,333.16,Mixco,Services
506563,Maria Paz,f,2026-03-08,285.45, Mixco,RETAIL
599832,Maria Paz,M,2026-03-24,"25,74",Antigua,Food
569601,Ana  Mejia,f,10/02/2026,282.93, Guatemala,Food
545116,Paola Morales,f,2026-02-02,375.83,Guatemala,SERVICES
515917,Isabel Ramirez,f,2026-02-04,,Quetzaltenango,Services
514257, Oscar Rojas,m,2026-01-02,31.44,Antigua,FOOD
580942,Ana Diaz ,f,11/02/2026,384.96,Guatemala ,EDUCATION
555957,Carlos Mendez,m,2026-01-04,347.81,Antigua,Food
573064, diego ramirez,M,2026-01-15,187.54,Mixco,Services
542415,Paola Herrera,F,2026-03-11,5543.54,quetzaltenango,Food
535836,LUCIA PEREZ, F ,2026-01-21,"133,18", Quetzaltenango ,Food
514534,ANA MEJIA, f ,2026-02-10,,Quetzaltenango,Retail
544408,luis garcia, m ,2026-03-09,"405,33",Amatitlan,FOOD
559638,lucia perez, m ,2026-03-04,"5204,88",Amatitlan,Services
549528, Julio Morales ,m,2026-01-21,,Antigua,Education
542491,Ana Soto, f ,2026-02-04,111.06, Antigua,Retail
502509,MARIA PAZ,f,2026-02-12,157.12,Mixco,Retail
565164,Carlos Mendez, m ,2026-01-16,317.81,MIXCO ,Education
552510, ANA SOTO,f,2026-02-07,"317,74",Amatitlan,Food
501714,carlos  mendez,m,02/02/2026,"218,19",QUETZALTENANGO ,SERVICES
580751,Lucia Perez,f,2026-02-25,"382,75", Amatitlan,Retail
571205, JULIO MORALES, m ,2026-02-04,"408,07",Antigua,Food
567329,Lucia Perez , f ,2026-02-19,"266,32",Guatemala,Services
547503, Maria Paz, f ,2026-02-20,"90,45",ESCUINTLA,Education
511588,paola herrera, f ,2026-01-18,442.01,Villa Nueva,Services
558552,Oscar Rojas,m,2026-03-28,"246,98",Escuintla,Food
598823,Pablo Perez , m ,2026-03-07,"133,93", Quetzaltenango,Services
590094,ana soto,f,10/01/2026,372.98,Mixco,Retail
548967,Ana Mejia,f,2026-01-22,"198,11",Mixco,Retail
500731,Carlos Mendez, m ,22/02/2026,137.56,Escuintla,Education
566613,Maria Paz,f,2026-03-09,"48,09",Villa Nueva,Education
578013, ana diaz ,f,10/03/2026,,Amatitlan,Food
529871,Ana Diaz, m ,2026-03-09,"285,66",guatemala,Services
529001,Carlos Mendez,f,15/01/2026,"376,63",Amatitlan,services
502589,Isabel Ramirez,F,2026-03-03,"242,72",Quetzaltenango,Retail
595537,Jorge Castillo,m,2026-02-17,, Villa Nueva ,Services
594145,Lucia Perez,F,2026-02-01,350.71,AMATITLAN,Services
552312,Julio Morales, m ,2026-01-22,21.82,ANTIGUA,Food
517309, Julio Morales, m ,2026-03-09,"136,45",Mixco,Food
522805,Pedro  Herrera ,M,2026-02-06,"352,71", antigua,FOOD
511560,Rene  Soto , M ,2026-02-14,"150,41", ESCUINTLA,SERVICES
535415,Paola Herrera,f,05/03/2026,411.65,Antigua,Education
571607,ANA SOTO,F,2026-03-22,244.76,Villa Nueva,Retail
567413,Ana Soto, F ,18/03/2026,"248,58",Escuintla,Food
505177,Isabel Ramirez,f,2026-03-10,"338,83",Antigua,Food
503679,Carlos Mendez,m,2026-03-03,328.22,Escuintla,FOOD
509681,DIEGO RAMIREZ,M,2026-03-24,"21,74",Quetzaltenango,Retail
502995,Paola Herrera, F ,2026-03-01,93.99,Villa Nueva,Retail
569884,Luis Garcia, f ,03/01/2026,"449,65",Guatemala,Food
553370,Oscar Rojas,M,03/02/2026,53.13,Villa  Nueva,Services
521793,Paola Herrera ,f,2026-02-04,145.21,escuintla,food
505229,Jorge  Castillo,M,05/03/2026,433.69,Amatitlan,retail
578364,Monica Lopez ,f,2026-03-23,"406,57",GUATEMALA,Food
571592,Oscar Rojas, M ,2026-02-23,276.55,Mixco,FOOD
526008,Julio Morales,m,2026-02-15,358.86,GUATEMALA,Retail
557705, Luis Garcia,F,2026-02-07,392.27,VILLA NUEVA,Food
574599,Ana Diaz,m,22/01/2026,76.97, Amatitlan,Education
562114,Pablo Perez, m ,2026-01-28,169.26,Antigua  ,Food
560479,Ana Diaz, f ,2026-02-21,,Amatitlan,SERVICES
537059,ANA DIAZ, f ,01/02/2026,"265,19",N/A,Services
555698,ana soto,f,12/01/2026,267.29,quetzaltenango,EDUCATION
571627,Carlos Mendez ,m,2026-03-10,348.67,Guatemala,Food
597390,Oscar Rojas,m,2026-03-25,"384,50", Quetzaltenango,education
551290, Pedro Herrera,m,01/01/2026,"104,57",Guatemala,Education
517410,Monica Lopez, F ,2026-02-04,"235,65",Quetzaltenango,Services
565943,Luis Garcia,m,2026-01-04,"338,43",VILLA NUEVA,Services
581564,Pablo Perez,f,2026-01-02,291.70, Villa Nueva,Retail
518221,PEDRO HERRERA, M ,2026-02-02,34.35, Amatitlan,Education
500175,Diego Ramirez , M ,12/03/2026,412.55,Villa Nueva ,Retail
556532,Lucia Perez, F ,2026-02-20,"69,95", Quetzaltenango,Food
591630, Ana Diaz, F ,20/01/2026,"185,03",Villa Nueva,FOOD
511137, carlos mendez , M ,2026-02-19,"247,45",quetzaltenango ,Retail
565525,Paola Morales,F,11/01/2026,189.13,Amatitlan,Education
544095,Mario Lopez, m ,2026-03-27,"108,42",Villa Nueva,Education
557968,Carlos Mendez,M,2026-02-28,"80,37",Guatemala,retail
571578,Oscar Rojas ,m,2026-03-25,,Antigua,Retail
564843,PAOLA HERRERA,f,10/03/2026,"380,15",VILLA NUEVA ,Services
505926, Luis Garcia ,f,2026-03-07,304.21,Quetzaltenango,Retail
574924,Ana Diaz, f ,2026-02-02,371.54,Amatitlan,education
515976, Paola Morales,f,2026-01-08,292.78,Mixco,Retail
534551,Pablo Perez, m ,2026-02-21,178.79,Mixco,retail
599495,Monica Lopez, F ,2026-02-15,249.90,Quetzaltenango,Retail
552557,Oscar Rojas, f ,28/03/2026,212.52, Mixco ,Services
597716,Maria Paz, F ,2026-02-21,66.84,AMATITLAN,Education
534322, JULIO MORALES,m,2026-03-16,"253,41",Villa Nueva,Education
532671,Isabel Ramirez, f ,22/03/2026,"443,09", Antigua,Food
516180,mario  lopez, m ,25/03/2026,"307,01",Escuintla,Education
568784,monica lopez,m,2026-01-17,63.84,Amatitlan,Services
559979,Mario Lopez , M ,2026-01-24,"445,55",Antigua,Food
526958,Mario Lopez,m,2026-01-15,181.05,Amatitlan,Education
580682, carlos mendez ,M,2026-03-01,406.33,Villa Nueva,Services
533257,oscar  rojas,M,2026-03-11,,Guatemala,retail
516444,Patricia Soto,f,2026-01-05,411.50,Quetzaltenango,Food
525381,Isabel Ramirez, f ,2026-03-10,168.70,Antigua,Food
534371,Mario Lopez, m ,2026-01-24,"425,71",Amatitlan,FOOD
581566,Pedro Herrera , M ,2026-03-09,"207,34",Mixco,Retail
579155,RENE  SOTO, m ,2026-02-23,180.10,Amatitlan,SERVICES
574305,Pedro Herrera,M,2026-03-21,"28,35",ESCUINTLA,Food
504800,Mario Lopez,m,13/02/2026,"184,29",Amatitlan ,Education
554469,Paola  Morales,f,2026-03-05,330.39,Guatemala,Services
572489,JULIO MORALES,m,2026-02-20,"241,71",Villa Nueva,Education
543628,Ana Diaz,f,2026-01-01,"50,83",Antigua,Retail
591436,Oscar Rojas,m,2026-01-01,"374,18",Mixco,education
515687,Luis Garcia , m ,18/03/2026,"99,48",Escuintla,Education
526470,PABLO PEREZ, f ,2026-02-08,70.09,Mixco,Services
583107,Patricia Soto,F,2026-01-24,"370,02",Mixco,Retail
550733,Paola Morales,f,2026-03-06,"432,98",Amatitlan,Education
547148,Diego Ramirez, M ,11/03/2026,301.22,Quetzaltenango,Education
510593,Monica Lopez, M ,2026-01-13,216.27,Mixco,EDUCATION
584692,Carlos Mendez,f,2026-02-02,,Escuintla,SERVICES
546010,Diego Ramirez, M ,2026-02-10,147.37,Mixco,SERVICES
572944,Ana Soto,F,2026-03-11,"377,99", Guatemala,food
575107,ANA SOTO,f,2026-01-05,"322,61",AMATITLAN,Food
574388,Maria Paz,f,15/02/2026,317.26,Mixco ,retail
529313,paola morales,f,2026-02-08,"256,86",Guatemala,Services
537459,Pedro Herrera,M,2026-01-21,"136,71",Antigua ,Food
579405,Pedro Herrera,f,2026-03-09,315.35,amatitlan,Education
527586,paola herrera, f ,2026-02-25,"431,32",Villa Nueva,food
598776,Diego Ramirez,f,2026-02-14,"119,69",Antigua,Education
596604,carlos mendez, m ,24/01/2026,"301,84", Quetzaltenango ,NA
509791,monica lopez , f ,2026-03-13,260.20,Amatitlan,Education
566414,Lucia Perez,f,2026-02-21,218.30, Antigua,Services
520726,Pedro Herrera,M,2026-01-26,423.81,Antigua,Food
524856,Rene Soto ,M,08/02/2026,"378,02", quetzaltenango,Education
556453,Ana Mejia, f ,2026-03-16,22.06,Quetzaltenango,Services
522398,ISABEL RAMIREZ,f,2026-03-01,"438,47",Quetzaltenango,EDUCATION
506299,Ana Soto,F,2026-02-11,365.57,Villa Nueva ,Education
569052,lucia perez,F,17/01/2026,"270,56",MIXCO,Food
563219,RENE SOTO,F,2026-01-01,86.68,Villa Nueva,Retail
590182,Jorge Castillo, m ,2026-03-19,204.28,Mixco ,services
501495,Diego Ramirez,M,2026-03-05,"7601,45",Guatemala,Services
565812,Ana Diaz, m ,12/02/2026,"426,59", Mixco,retail
591589, Jorge Castillo,m,2026-03-18,408.10,Villa Nueva ,Food
583681,Patricia Soto, F ,2026-01-08,"355,51",Antigua,FOOD
574473, Julio Morales , m ,2026-02-09,288.41,Quetzaltenango,Education
573557,Ana Mejia, f ,2026-02-05,"286,12", VILLA NUEVA,Food
574971,Paola Herrera, f ,2026-02-11,126.43,Quetzaltenango,RETAIL
586870,MARIA PAZ,f,2026-03-16,"60,16",Escuintla,RETAIL
548730,ANA MEJIA,F,2026-01-07,"106,66",quetzaltenango,Services
590731, Oscar Rojas, m ,2026-01-16,"249,57", GUATEMALA,SERVICES
501165,  Julio Morales,M,02/02/2026,408.98,Amatitlan,FOOD
596003,PAOLA  HERRERA, m ,03/02/2026,119.47,antigua,Services
507974,Ana Mejia,f,09/03/2026,75.24, Mixco,Food
534684, MARIO LOPEZ,m,2026-02-27,"436,86", antigua ,Retail
519890,Ana Diaz,f,2026-03-06,"64,55",Quetzaltenango,Services
505506,LUCIA PEREZ, F ,2026-02-06,"234,28",Escuintla,Food
546886, Jorge Castillo, f ,2026-02-22,"85,14",villa nueva ,Services
508313,Lucia Perez, f ,2026-01-18,349.99, Guatemala,food
557798,JORGE CASTILLO,M,2026-02-22,"122,17",Antigua,Food
537362, Ana Mejia, f ,2026-03-15,411.81,Quetzaltenango,RETAIL
546945,Maria Paz, f ,05/01/2026,144.94,Mixco,Education
552465,Paola Herrera,F,2026-02-16,224.07, Amatitlan,Retail
514732,isabel ramirez,,2026-01-06,181.17,Mixco,Retail
569857,Luis Garcia, M ,2026-03-19,"393,92",Amatitlan,RETAIL
553557,Ana Mejia , f ,06/03/2026,198.47,Guatemala,Services
531058,Carlos Mendez ,M,2026-01-28,"248,66",Amatitlan,Food
527462,jorge castillo,M,2026-02-25,392.16,Antigua,Retail
519155,Patricia  Soto,F,27/03/2026,,Quetzaltenango,Food
596088,RENE SOTO, f ,10/02/2026,"332,25",Antigua ,Food
550989,Ana Mejia,F,26/02/2026,141.87,  Villa Nueva,Retail
518034,Luis Garcia,m,2026-03-14,100.01,AMATITLAN,Food
531926,Lucia Perez,m,08/02/2026,"90,91", quetzaltenango ,Education
556901, Luis Garcia,m,22/01/2026,23.95,quetzaltenango,Services
546570,Diego Ramirez,M,2026-02-18,310.90,  Amatitlan,Food
550696,Pedro  Herrera,f,2026-03-11,"175,29",Antigua,Education
546955,Carlos Mendez,m,25/01/2026,376.17,amatitlan,Services
545015,Julio Morales,M,2026-02-21,49.03,Mixco  ,Retail
531430,Ana Mejia, f ,2026-03-12,70.69,mixco,Education
549232,Monica Lopez,F,2026-01-23,117.63,Antigua,Food
505571,Patricia Soto, F ,2026-02-13,,Mixco,Food
542408, Ana Soto, F ,2026-03-28,"153,05",Antigua,Retail
506098,ISABEL RAMIREZ, M ,22/02/2026,"58,35",Villa Nueva,Services
530001,Maria Paz ,f,2026-01-12,"240,77",Amatitlan,Services
571929, Isabel Ramirez,,2026-01-28,65.92,Mixco,Food
503734,Patricia  Soto,F,04/03/2026,420.03, Mixco ,Food
568360, Luis Garcia ,F,2026-01-14,150.30,Villa Nueva,services
589206,Monica Lopez, F ,11/02/2026,"42,53",Amatitlan ,Services
541720,MONICA LOPEZ,f,2026-02-05,"304,31",Antigua,Retail
565854,Diego Ramirez ,f,2026-03-21,162.84,Villa Nueva,RETAIL
591470,  Diego Ramirez ,m,26/01/2026,243.36,AMATITLAN,Retail
594531,monica  lopez,F,23/02/2026,,QUETZALTENANGO,EDUCATION
559015, Carlos Mendez , m ,2026-01-06,198.17,escuintla,Education
530371,JORGE CASTILLO, m ,2026-01-12,"411,69",Guatemala,FOOD
501721,JULIO MORALES,F,22/02/2026,431.77, Mixco,Retail
587788,Patricia  Soto ,f,2026-03-01,299.43,Mixco ,Services
502816,PEDRO  HERRERA,m,2026-02-18,"125,87",Antigua ,Food
516915,MARIA PAZ , f ,2026-02-10,"130,01",Antigua,Services
524308, ANA DIAZ,,10/02/2026,418.19,Quetzaltenango ,Education
557843,Pedro Herrera,m,2026-01-12,417.88,Quetzaltenango,FOOD
524483,Diego  Ramirez,m,2026-02-13,"289,85",Villa Nueva ,FOOD
555424,Isabel Ramirez, f ,2026-03-27,"297,42",Guatemala,Education
543413,Maria Paz,f,2026-02-18,114.38,Mixco,Services
575717,Jorge Castillo, M ,10/03/2026,"304,34",Guatemala,Retail
510927,Jorge Castillo ,m,2026-03-03,"244,33",Antigua,services
512070,Paola Morales, f ,2026-01-01,"196,41",Amatitlan,Services
560228,Maria Paz, M ,2026-01-10,"323,23", QUETZALTENANGO,Food
543316,Paola Herrera,F,27/01/2026,"218,65",Amatitlan,Education
551516,Patricia Soto, f ,2026-03-27,351.83,Amatitlan ,Retail
580365,Oscar  Rojas, m ,2026-01-11,"231,78",Quetzaltenango,Services
564413,Monica Lopez,F,2026-03-19,239.84,Mixco,Services
518788,Carlos  Mendez,m,02/02/2026,"380,66",  guatemala ,Education
527930,Paola Herrera, F ,09/03/2026,211.87,ESCUINTLA,retail
563227,Luis Garcia,f,27/02/2026,"355,95",Mixco,Retail
584798,Maria  Paz ,f,2026-02-21,"347,65",villa nueva,SERVICES
548079, pablo perez, m ,2026-03-25,366.92,Amatitlan,SERVICES
569166,Lucia Perez, F ,19/02/2026,52.28,Guatemala,Food
592431,Patricia  Soto ,F,2026-02-05,"441,45",Escuintla,FOOD
567648,Paola Herrera, f ,2026-01-04,286.72,Antigua,Retail
569235, Pablo Perez,M,2026-01-04,344.06,quetzaltenango,Services
546902,Patricia Soto,f,2026-03-03,"147,71",Guatemala,education
510949,PEDRO HERRERA,M,2026-03-14,"389,29",antigua,Education
577935,Carlos Mendez,M,11/03/2026,6941.68,Amatitlan,Food
551772, Luis Garcia,m,01/03/2026,128.92,Quetzaltenango,education
511873,Ana Soto , f ,07/02/2026,117.53, mixco ,Services
522437,ANA DIAZ,m,2026-01-08,339.32, AMATITLAN,Services
556435,Diego Ramirez,F,28/03/2026,"244,21",Quetzaltenango,Food
559635,Patricia Soto,f,2026-01-15,"192,40",ANTIGUA,Services
506388,Pedro Herrera ,M,2026-03-01,"223,72",Guatemala ,Food
508292,Paola Morales,f,2026-01-21,177.85,Mixco,Services
510193, Paola Morales, m ,01/01/2026,198.83, Amatitlan,Retail
587304,Ana Mejia, F ,2026-02-22,301.07,Guatemala ,Education
504684,ANA DIAZ,,2026-03-28,"394,48",Amatitlan,Education
528964,Paola  Morales,m,2026-02-12,"269,99",Escuintla,Retail
534281,monica lopez, F ,2026-02-09,"373,45", Villa Nueva,EDUCATION
508744,MARIO LOPEZ,m,2026-02-16,"290,86",Antigua,FOOD
578470,Ana Diaz,F,2026-02-13,"211,97",Antigua,Retail
570349,Isabel Ramirez,,2026-01-06,"189,76",Amatitlan,Retail
553579,Paola Morales,f,2026-02-09,"31,20",Quetzaltenango,Retail
577803,Maria Paz,m,2026-01-07,63.39, GUATEMALA,Food
584399,Carlos Mendez , m ,04/01/2026,448.51,ANTIGUA  ,Services
552557,Oscar Rojas, f ,2026-03-01,212.52, Mixco ,Services
527013,  LUCIA PEREZ,F,2026-01-28,"162,82",Antigua,Food
565235,Luis  Garcia, m ,21/03/2026,437.57,Antigua,education
555241,Pablo Perez,M,2026-01-27,189.25,Mixco,Food
565961, monica lopez,m,26/02/2026,"439,51",Guatemala,Services
512240,Lucia Perez,M,2026-01-08,"245,44",mixco,Food
554490,OSCAR ROJAS,m,2026-03-10,"158,58",Antigua,Services
570788,Luis Garcia,M,2026-02-27,"267,26",escuintla,Retail
511936,LUIS GARCIA , m ,2026-01-19,"144,77",villa nueva,Food
516450,PEDRO  HERRERA , m ,2026-01-12,23.83, Amatitlan ,EDUCATION
532760, Lucia Perez , m ,2026-02-04,,Quetzaltenango,Education
553250,Lucia Perez, f ,2026-02-21,184.08,Antigua,Services
599241,Patricia  Soto,f,2026-03-01,375.97,Guatemala,Education
579375,Paola Morales,f,2026-03-20,"73,43",Quetzaltenango,Retail
505467,Patricia Soto,f,28/01/2026,"104,24",Antigua,services
571620, Pedro Herrera, M ,07/03/2026,"212,87",Mixco ,Food
572403,Ana Soto, m ,2026-01-12,"364,85",N/A,Services
524794,ANA MEJIA,M,2026-03-22,,Villa Nueva,Retail
503640,Monica Lopez, f ,2026-01-03,30.89,GUATEMALA,Services
561276,Jorge Castillo,m,2026-03-19,"56,61",Amatitlan,RETAIL
531926,Julio Morales, m ,2026-03-05,"130,80",Antigua ,Services
559588, ISABEL RAMIREZ,f,2026-01-28,192.72,Villa Nueva ,Education
564688, Pablo Perez, m ,19/03/2026,"295,94",Quetzaltenango,Retail
593333,DIEGO RAMIREZ,m,2026-02-01,390.11,Antigua,food
569274,Julio Morales ,M,25/03/2026,,Guatemala ,SERVICES
539342,Luis Garcia, M ,2026-03-15,254.16, Amatitlan ,Services
551562,rene soto, m ,2026-02-25,"178,40",  Quetzaltenango,Services
578651,Luis Garcia ,M,2026-02-21,"86,93", Antigua,Education
540942,Pablo Perez , f ,2026-02-26,"305,12",Amatitlan,Retail
526142, ANA DIAZ,f,06/03/2026,35.86,mixco,Food
522335,Luis Garcia, m ,10/03/2026,"378,86",Escuintla,Services
542316,Rene Soto,m,2026-02-24,,  Antigua,Food
523052,RENE SOTO,F,2026-03-03,445.57,Villa Nueva,services
529736,Rene Soto, M ,2026-01-10,"411,18",Mixco,Services
549508,Ana Diaz,f,2026-01-12,,escuintla,FOOD
598097,Ana Diaz,f,2026-01-14,133.21,Mixco,Retail
529257, Mario Lopez, m ,24/01/2026,,Antigua,Food
595216, Luis Garcia, m ,2026-03-01,411.09, Quetzaltenango,SERVICES
537817,Jorge  Castillo,M,24/02/2026,"285,18",Escuintla,retail
563222,JORGE CASTILLO,m,2026-01-04,406.07,escuintla,Food
592333,  Luis Garcia,,11/01/2026,435.64,Mixco,retail
597643, Ana Diaz, F ,2026-03-18,6956.89,Quetzaltenango,Services
565270, Lucia Perez, m ,2026-02-08,"226,56",VILLA NUEVA,Services
549594,Luis Garcia, m ,2026-01-12,"293,08",Mixco,Retail
580597,Luis Garcia, m ,2026-02-16,313.90,Villa Nueva ,education
506135,Paola Morales,f,2026-03-09,"155,95",Quetzaltenango ,Retail
503664,Diego  Ramirez , f ,2026-03-19,"62,17",ESCUINTLA,Education
513123,Luis Garcia,m,2026-02-05,448.98,Mixco,Food
582587,Patricia  Soto ,m,2026-02-10,"119,12",Escuintla,SERVICES
537210,Carlos Mendez,F,2026-03-01,412.66,Guatemala,Retail
505215,Rene Soto,f,2026-03-04,311.27, QUETZALTENANGO,food
595699,Luis Garcia,m,2026-03-26,"360,60",Mixco  ,Food
501734,Ana Mejia,f,2026-01-15,365.01,Amatitlan ,Services
559864,Luis Garcia,,21/02/2026,270.84,Escuintla,Food
554990,Maria Paz,M,2026-01-18,"47,42",Quetzaltenango ,Education
559174,Paola Morales , f ,2026-01-15,"381,54",Escuintla ,Food
526410,Jorge Castillo, m ,2026-03-07,"421,54",Villa Nueva ,Food
520625,Patricia Soto,M,08/01/2026,"264,22",Guatemala,Services
513339,Diego Ramirez,M,2026-02-09,"433,00",Quetzaltenango ,food
518823, Patricia Soto,m,2026-03-08,,Escuintla,Retail
541958,Julio  Morales,m,18/02/2026,315.56,Quetzaltenango ,Services
576879,Mario  Lopez ,M,14/02/2026,349.77, Guatemala,Education
532920,MARIO LOPEZ ,M,2026-01-27,169.75,Villa Nueva ,Services
525681,Isabel Ramirez,F,03/03/2026,404.37,ANTIGUA  ,Food
561960,Julio Morales, F ,18/03/2026,"82,65",Mixco,SERVICES
573055,Pablo Perez ,M,2026-02-09,107.06,Villa Nueva,services
522230,ISABEL RAMIREZ , f ,21/02/2026,"447,99",Quetzaltenango,RETAIL
513596,Maria Paz,m,06/03/2026,290.46,Villa Nueva,Food
584495,Pedro Herrera, f ,2026-03-01,422.47,Escuintla,Food
525932, Paola Morales, F ,2026-01-27,"83,33",Antigua,Services
564845,Jorge Castillo , m ,2026-01-10,154.96, GUATEMALA,Food
599091, Paola Morales,F,2026-02-18,,Antigua,Education
502785, Pedro Herrera,F,26/03/2026,"226,19",Escuintla,Food
573519,Mario  Lopez, m ,2026-01-05,"296,80",Escuintla ,food
573443,Maria Paz,f,2026-01-01,146.00,Villa  Nueva,RETAIL
555163,Julio Morales,m,2026-01-07,"396,44",Quetzaltenango,Food
514849,DIEGO  RAMIREZ, m ,08/03/2026,74.32,Quetzaltenango,retail
568520,ISABEL RAMIREZ, f ,2026-02-13,356.17,Quetzaltenango,Education
558722, Jorge Castillo,m,2026-02-24,"215,62", Antigua,SERVICES
573068,Isabel  Ramirez ,f,2026-03-24,"140,00",ESCUINTLA,Education
523242,Paola Herrera, f ,2026-03-08,65.81, AMATITLAN,Education
566232,ISABEL RAMIREZ,f,2026-03-19,115.36,Escuintla,Food
574420, Monica Lopez, f ,14/03/2026,26.67,Villa Nueva,Retail
501448,Diego Ramirez, f ,2026-01-17,418.69,N/A,Education
552426,ANA SOTO, f ,2026-01-06,, Quetzaltenango,retail
590333,Isabel Ramirez, f ,2026-03-20,"259,18",Antigua,Services
566057,Julio Morales ,m,2026-01-13,"118,18",Quetzaltenango,Education
536004,Ana Mejia,f,2026-03-22,252.80,Quetzaltenango,Services
573617,Paola Herrera, f ,2026-01-03,63.87,Quetzaltenango ,Food
509307,Mario Lopez, F ,2026-01-10,"390,89",Quetzaltenango,Education
536215, Mario Lopez, f ,20/03/2026,389.24,VILLA NUEVA ,Retail
567278,PAOLA HERRERA, f ,2026-01-09,338.26, Guatemala ,Food
559211,LUIS GARCIA , m ,2026-03-05,27.04,Villa Nueva,Education
511224,diego ramirez, m ,2026-01-21,"237,26",MIXCO,Food
544109, Pedro Herrera,M,2026-01-16,"202,59",ANTIGUA,Education
537684,Luis  Garcia, m ,2026-02-17,7167.93, Escuintla,Retail
596829,CARLOS MENDEZ, m ,2026-01-02,147.72,Amatitlan,Services
560505,diego ramirez, m ,2026-02-22,"281,98",Mixco,Education
589968,ISABEL RAMIREZ, F ,2026-03-19,353.61,Escuintla ,Services
531936,PEDRO HERRERA , m ,2026-01-04,221.42, Guatemala,Retail
562810,Ana Diaz,f,2026-01-23,82.43,Quetzaltenango,Retail
512972,Ana Mejia,m,2026-02-28,"397,06",villa nueva,Retail
562344,Rene Soto,m,2026-02-28,"317,34",Villa Nueva,Services
577422,Maria  Paz, f ,20/01/2026,208.38,villa nueva,Services
515195,maria paz ,f,2026-03-16,399.93,mixco ,FOOD
515546,Pedro Herrera,M,2026-01-26,"430,77", villa nueva,Education
586787,Carlos  Mendez, M ,2026-01-13,219.14,Amatitlan,Retail
549654,  luis garcia, M ,02/02/2026,"288,88",Amatitlan,Education
502219,Isabel Ramirez,f,2026-01-18,297.43,Guatemala  ,SERVICES
591916,MARIA PAZ,f,2026-03-19,"98,24",villa nueva,Food
582821,Julio Morales,f,07/01/2026,140.90,Escuintla,Retail
505280,Diego Ramirez, m ,2026-02-28,"391,38",Mixco,Food
598986,Pablo Perez, m ,2026-02-21,"415,62", Quetzaltenango,SERVICES
509348,Pablo Perez, M ,2026-01-19,"439,93",Guatemala,EDUCATION
525591,Rene Soto,F,18/02/2026,359.81,Escuintla,EDUCATION
537189,Pedro Herrera, f ,2026-01-07,151.19,antigua,Food
554438,monica lopez,f,22/01/2026,288.13,Escuintla,Retail
511551,Julio  Morales ,M,2026-03-24,"6298,60",quetzaltenango ,Education
559801,Rene Soto,M,2026-01-16,23.13,Villa Nueva,Food
561454,Oscar Rojas, m ,20/02/2026,"228,90",Mixco,SERVICES
527498,Luis  Garcia, m ,24/03/2026,"410,01",Amatitlan ,Services
550358,Ana Diaz,F,11/03/2026,,Guatemala,Food
567720,Monica Lopez,f,2026-03-22,"210,10", Villa Nueva,Retail
549221,Jorge Castillo, m ,2026-02-18,"315,81",Quetzaltenango,Services
551176,Rene Soto,m,2026-03-17,403.40,Guatemala,Retail
518246,MONICA  LOPEZ, f ,28/01/2026,"125,73",Escuintla,Education
599138,ANA MEJIA,m,2026-02-20,"359,20",Quetzaltenango ,education
500501,Mario Lopez,m,2026-03-13,328.48,Antigua ,Education
561612,Isabel Ramirez , F ,2026-02-12,175.73,  Antigua,Services
535580,  Isabel Ramirez, F ,2026-03-17,"257,02",ANTIGUA,Services
550447,isabel ramirez,f,2026-02-02,187.94,Amatitlan,Services
593769,Ana Mejia,f,2026-03-05,"190,24",AMATITLAN,Retail
507931,Pablo Perez,m,2026-02-04,"339,87",Quetzaltenango,food
537320,julio morales, m ,2026-02-26,"107,13",Escuintla,Food
543460,Patricia Soto, f ,2026-01-26,"424,52",Escuintla,Education
571183,Luis Garcia,M,2026-03-27,,Quetzaltenango,services
524090,LUCIA PEREZ , M ,17/03/2026,"254,76",Mixco ,Food
529021,Ana Mejia,M,2026-03-22,312.31,QUETZALTENANGO,Retail
585604,Monica Lopez, M ,15/01/2026,"398,35",ESCUINTLA,retail
568347, Mario Lopez ,m,2026-01-13,321.58,Villa  Nueva,Education
508023,Jorge Castillo, m ,2026-03-19,, Amatitlan ,RETAIL
533885,Diego Ramirez,m,2026-03-11,"357,53",Escuintla,Food
560051,Paola Herrera, f ,2026-03-03,335.45,Mixco,Food
555822,Paola Morales, f ,2026-01-13,140.09,MIXCO ,Services
584088,MARIA  PAZ, f ,2026-02-20,"48,58",Antigua,Food
513886, Patricia Soto,F,12/03/2026,"53,01",Mixco,Retail
517850, diego ramirez, M ,27/03/2026,"447,01",Antigua,food
573702,Patricia Soto,M,2026-01-01,147.54,ESCUINTLA,Retail
591079,Mario Lopez, m ,2026-03-12,410.30,Guatemala,Education
536442, Rene Soto,,11/01/2026,"190,74", ESCUINTLA,Retail
556931,Patricia Soto, F ,2026-02-02,301.78, villa nueva,Retail
525770,Ana Soto,f,01/02/2026,"320,81", Guatemala,Retail
501598,Mario Lopez,M,24/03/2026,368.00,Antigua,Services
503473,Julio Morales,m,2026-01-08,111.26, Amatitlan,Retail
549452,Rene  Soto,f,2026-01-19,"355,74",Villa  Nueva,Retail
539887,Isabel Ramirez, f ,2026-03-16,"406,78",Guatemala,Services
573626,jorge castillo, m ,2026-02-09,"189,03",Quetzaltenango ,Food
599710, Luis Garcia ,m,2026-03-27,172.19,Amatitlan,Retail
519478,Carlos Mendez ,M,2026-01-14,,  Villa Nueva,Education
505673, Paola Morales,f,2026-02-27,"440,68",Quetzaltenango ,Retail
510998,carlos mendez, M ,2026-03-24,58.04, Mixco,Education
541212,Diego Ramirez,M,2026-01-22,362.26,VILLA NUEVA,Services
586816, patricia soto , F ,2026-01-22,133.37, Escuintla,Services
570831,LUIS GARCIA,F,2026-02-17,"265,10",Antigua ,Services
523082,PEDRO HERRERA,f,2026-03-28,"335,42",Quetzaltenango,Retail
509983,Julio Morales, f ,2026-02-26,"251,50",GUATEMALA  ,Education
596549, jorge castillo, m ,2026-01-19,61.69,Amatitlan,services
547930,ISABEL RAMIREZ , m ,2026-03-28,294.82,Mixco,Retail
546135,Ana  Diaz,f,2026-03-01,181.66,Amatitlan,Food
576895,DIEGO RAMIREZ,m,2026-03-08,5439.21,ANTIGUA,Food
552030,Patricia Soto,f,2026-03-12,104.36, Amatitlan,Education
501510, Patricia Soto,f,2026-03-24,45.59,Villa Nueva,EDUCATION
587037,Isabel Ramirez , M ,2026-01-10,,  Amatitlan,Services
563156, carlos mendez,,14/02/2026,"82,34",GUATEMALA,Education
579842,Rene Soto,f,2026-01-22,"153,90",Escuintla,Food
550900,paola  herrera, f ,2026-02-18,,Mixco,Education
516316,Jorge Castillo, m ,2026-02-20,"284,27",Quetzaltenango,Retail
518745,Ana Diaz, f ,2026-03-10,"7558,29",Escuintla,EDUCATION
505905,Oscar Rojas, m ,2026-01-03,339.48,Villa Nueva,Services
510760,Luis Garcia, m ,04/03/2026,38.09, Quetzaltenango ,Retail
545160,Oscar Rojas,m,2026-01-27,344.70,Quetzaltenango,Retail
524328,Maria Paz,f,18/02/2026,"108,63",antigua ,Food
548784, Rene Soto ,M,2026-03-01,289.46,Guatemala,Food
542733,Paola Morales,m,2026-02-08,182.45,Antigua ,Education
598880,ana soto,f,2026-02-14,45.35,Guatemala ,Services
512472,Maria Paz, m ,23/01/2026,,Quetzaltenango ,SERVICES
573356,Luis Garcia, F ,2026-03-11,"444,69",Quetzaltenango,FOOD
505193,Isabel Ramirez, m ,2026-02-21,,null,retail
534957,Ana Soto,f,2026-01-10,,Escuintla,Retail
540071,PAOLA MORALES,f,2026-02-12,,Escuintla,education
530663,Jorge Castillo, m ,2026-01-13,6746.76,Amatitlan,Food
574693,Jorge Castillo, m ,2026-02-25,"228,86",Guatemala,Services
571707,PATRICIA SOTO,f,2026-03-19,74.96,Villa Nueva ,Retail
588511,Julio Morales, m ,2026-03-21,237.23,guatemala,Services
534801,Jorge Castillo ,m,14/01/2026,56.01,Villa Nueva,Education
505199,Julio Morales,m,2026-03-01,332.47,Antigua ,education
543785,Ana Mejia ,f,2026-01-17,239.48,Mixco,EDUCATION
552012,ANA MEJIA, f ,2026-01-04,417.58,Guatemala,Retail
583015, julio morales,M,10/02/2026,328.04,Quetzaltenango,Services
558949,Mario Lopez, M ,2026-01-25,145.01, amatitlan,Services
524697,Pablo Perez,F,2026-03-04,"274,11",Guatemala,education
513616,Ana  Soto,F,2026-01-08,424.10,ESCUINTLA ,Education
518257,Isabel Ramirez, m ,2026-02-16,"259,74",quetzaltenango,Food
599423,Rene  Soto, M ,2026-01-07,"75,45", Guatemala,Education
529070,Oscar Rojas,m,2026-01-13,"4029,95",MIXCO,Education
551922,Ana Soto,F,2026-03-26,48.23,Quetzaltenango,services
568939,Paola Herrera,m,2026-03-28,347.71,Antigua,Services
505884,Ana  Mejia,F,2026-03-13,"5576,60",Amatitlan,Food
511418,Diego Ramirez,m,2026-02-02,436.48,Guatemala,Services
568331,Patricia Soto , f ,10/03/2026,406.34,Amatitlan,Food
508079,Monica Lopez, f ,2026-02-08,141.63,Villa Nueva,Food
535994,DIEGO RAMIREZ, m ,2026-03-22,120.06,Amatitlan,Retail
503145,Isabel Ramirez, f ,2026-03-04,176.86, Amatitlan ,Food
538798, Ana Mejia,f,2026-02-04,"132,41",Quetzaltenango,Retail
530711,Monica  Lopez , f ,2026-03-19,201.16,Amatitlan,food
593896,Patricia Soto, f ,2026-02-11,168.02,Antigua,FOOD
535988, rene soto,m,2026-03-12,389.58,Guatemala,Education
502536,Paola Herrera, f ,2026-01-13,70.07,Amatitlan,Retail
509545,  Ana Diaz,F,2026-02-15,"219,85", Escuintla ,RETAIL
520375,Julio Morales, m ,2026-03-20,70.36,villa nueva,Retail
590999,DIEGO  RAMIREZ, f ,27/01/2026,237.91,villa nueva,Food
514002,JULIO MORALES, f ,2026-03-24,"187,18",Amatitlan  ,Food
521149,Patricia  Soto ,m,2026-03-01,"31,69",quetzaltenango,Services
577117, PAOLA HERRERA,F,2026-01-25,382.31,Guatemala,Food
520624, Jorge Castillo,m,25/01/2026,,Mixco,Retail
596610,Lucia Perez, M ,2026-01-27,100.55, VILLA NUEVA,food
548122,Lucia Perez , f ,2026-02-09,"327,00",ESCUINTLA,Food
541978,Diego Ramirez, m ,2026-03-28,"440,33",ESCUINTLA,Food
574130, Ana Soto,F,2026-01-14,"402,37",Mixco,services
508170,Julio  Morales,f,2026-01-23,283.03,Mixco,Education
587543,Lucia Perez, M ,2026-01-27,233.64,Mixco,Education
592567,Patricia Soto , f ,16/02/2026,"99,49",Mixco,Services
590082,Pedro Herrera,M,03/01/2026,"122,09",Guatemala,Education
544199,luis garcia, m ,21/03/2026,86.70,Quetzaltenango ,Education
552487,Ana Diaz,f,14/03/2026,363.40, guatemala,FOOD
592273, Ana Mejia, f ,2026-03-07,"217,63",Escuintla,Education
510239,diego ramirez,f,2026-03-28,"229,60",Guatemala,Services
514976,Lucia Perez,F,19/01/2026,138.16,escuintla,education
509569,Maria Paz,f,09/01/2026,"84,72",Antigua,SERVICES
589619, Ana Soto,M,2026-02-04,"45,05",Villa Nueva,Retail
555237,pedro herrera,F,2026-01-19,"329,98",villa nueva ,Education
535050,Monica Lopez, f ,2026-03-12,"258,25",Antigua,Education
579433,Monica  Lopez, f ,2026-03-08,,MIXCO,Services
558429,Julio Morales, m ,2026-02-17,"322,10",Villa Nueva,Education
528050,patricia soto,f,24/02/2026,"223,89",quetzaltenango,EDUCATION
545690,Mario Lopez,m,2026-01-20,"27,40",Quetzaltenango,Retail
591185,Pedro Herrera , m ,11/02/2026,389.95,Mixco,Retail
526763,Ana Mejia , F ,2026-01-22,"123,13",Escuintla,Education
575096, Pedro Herrera,M,2026-03-07,"100,01", GUATEMALA,Services
506360,Paola Herrera, f ,2026-02-08,"112,41",Villa Nueva,Food
545473,Mario Lopez,M,2026-02-12,292.39,Escuintla,Education
547082, Pablo Perez, f ,2026-03-28,186.82,Amatitlan,Food
571588,Monica  Lopez, f ,11/01/2026,"337,15",Mixco,Food
567581,Luis Garcia,m,15/01/2026,205.86,Amatitlan ,EDUCATION
535276,Ana Mejia,f,2026-01-08,348.33,Guatemala,food
585299,Jorge Castillo, f ,2026-01-11,"143,53", Villa Nueva ,Food
582616,Paola Herrera,F,2026-02-20,170.50, Antigua,Education
504142,Ana Mejia,f,2026-01-25,"404,57",Escuintla,Education
555409,Ana Soto, f ,27/03/2026,136.24,Quetzaltenango,Retail
501324,Oscar Rojas, m ,2026-01-11,237.02,quetzaltenango,Food
590466, Isabel Ramirez,F,06/02/2026,"123,70",Mixco,RETAIL
542834, Rene Soto, m ,2026-02-09,"139,19",GUATEMALA,Services
513307,Julio Morales,M,2026-02-06,229.31,Escuintla,retail
548948,Pablo Perez,m,2026-03-08,"287,22",Antigua,Retail
538279,Ana Diaz, f ,2026-03-10,334.01,Quetzaltenango,retail
577446,Monica Lopez,F,2026-02-20,, Guatemala,Food
544533,Isabel Ramirez, f ,2026-03-25,73.03,Amatitlan,Education
546323, Ana Diaz, f ,2026-03-07,204.49,Antigua,FOOD
532725, Luis Garcia,f,2026-02-07,362.01,AMATITLAN,Retail
554270,RENE SOTO,m,2026-02-15,411.89,Antigua,Education
537892,ANA MEJIA,F,2026-02-11,"137,97",Mixco,Food
543973,Ana Soto,m,11/01/2026,219.17,guatemala,SERVICES
566532,Lucia Perez,f,2026-01-22,149.68,Escuintla ,Services
580916,Monica Lopez, m ,28/02/2026,132.85,Guatemala,Retail
567595,Maria  Paz, f ,2026-03-11,"399,26",Antigua,Food
558731, Mario Lopez , m ,2026-03-17,419.36, Quetzaltenango,EDUCATION
516648,Maria Paz,f,2026-03-12,377.64,Escuintla ,Education
542103,Mario Lopez,m,2026-03-15,69.57,Guatemala,Retail
578827,Ana  Mejia,M,14/02/2026,154.46,ANTIGUA,Services
596598,Paola Herrera,f,2026-02-03,245.19, Guatemala,Services
536778,Monica Lopez,f,2026-03-14,396.55,Villa Nueva,Retail
502726,LUIS GARCIA,m,2026-01-15,"92,21",Guatemala,education
526871,Mario Lopez, m ,2026-03-17,299.13,Antigua,services
508066, jorge castillo,M,2026-03-13,,quetzaltenango,Education
540447,JORGE CASTILLO , f ,27/02/2026,"133,59",VILLA NUEVA,Services
583198,Ana  Soto, f ,15/02/2026,"328,97",Quetzaltenango,Food
527808,Ana Mejia ,f,2026-02-11,130.34,Antigua ,Services
566653,Luis Garcia,m,2026-03-20,183.20,ANTIGUA,Services
590990,Carlos Mendez,m,2026-01-04,"5491,40",ANTIGUA,SERVICES
577767, Monica Lopez , F ,2026-02-20,40.76, quetzaltenango,Services
538324,PAOLA MORALES, f ,2026-03-01,27.43, amatitlan,Retail
537749,Ana Soto,f,2026-02-09,"409,10",Escuintla ,Services
522575,Ana Mejia,F,2026-01-06,270.92,mixco ,Education
523106,Oscar Rojas,m,2026-02-26,123.24,Mixco,Education
535905,Isabel  Ramirez , F ,2026-03-26,"248,36",antigua,Food
578078,  Paola Morales, f ,2026-02-14,"95,25", Mixco,Food
572181,Diego Ramirez,m,2026-02-07,444.79,Villa Nueva,Retail
588636,Ana Mejia,f,2026-02-23,"68,43",Mixco,Retail
508322,Lucia Perez , f ,2026-02-09,351.59,VILLA NUEVA,Education
573723,Pedro Herrera, m ,2026-01-24,22.71,Villa Nueva,Retail
566616,Rene  Soto, m ,16/03/2026,317.18,AMATITLAN ,RETAIL
533253,Mario Lopez, M ,2026-03-24,"254,42",ESCUINTLA,Services
534653,Carlos Mendez,m,2026-03-03,130.04, Mixco,SERVICES
534111,Julio Morales,m,2026-01-28,140.55,Quetzaltenango,SERVICES
569661, Paola Morales, f ,2026-01-19,159.34,Mixco ,Education
504586,Luis Garcia, m ,2026-03-02,"217,44",ANTIGUA,Retail
546022,ana soto,f,2026-01-22,"380,66",Amatitlan,Food
587765,Maria Paz,f,28/03/2026,5508.08,Villa Nueva,Retail
520376,Rene Soto ,m,2026-01-16,"307,34",Escuintla,Education
562081,Lucia  Perez,,2026-01-26,"347,51",Quetzaltenango,Retail
529638,Lucia Perez , f ,2026-03-17,104.39,Villa Nueva,Retail
539702,Oscar  Rojas , m ,27/01/2026,"296,88",Escuintla ,Food
517534,Isabel Ramirez, f ,2026-02-14,173.79,Guatemala,SERVICES
540825,Rene Soto, m ,2026-01-01,418.37,Amatitlan ,Services
525275, JORGE CASTILLO,M,02/03/2026,,MIXCO,Services
586423,Pedro Herrera ,M,2026-02-08,"137,66",Antigua,Retail
525583, julio morales,m,2026-02-02,"309,71",Escuintla,EDUCATION
511959, Isabel Ramirez,F,2026-01-23,"243,88",Villa Nueva,Education
546708,Isabel Ramirez,f,2026-01-07,121.38,mixco,Education
580413,Ana Soto, m ,18/02/2026,442.86,Amatitlan,retail
519094,PAOLA MORALES ,F,2026-01-21,175.40,Villa Nueva,Education
599284,Mario Lopez ,m,2026-03-08,"246,79", Amatitlan ,Education
583568, oscar rojas, m ,2026-03-11,80.38,Antigua,Retail
544517,Mario Lopez ,m,2026-03-28,353.91, Quetzaltenango,FOOD
594480,Julio Morales,M,2026-03-11,"321,73", Antigua,Education
598953,Mario Lopez, m ,27/01/2026,"25,09",Antigua,Services
507112,Monica Lopez,,2026-01-27,"328,95",Quetzaltenango,Services
562831,luis garcia,m,08/02/2026,"129,80",Mixco,Education
534306,Ana Diaz,f,27/02/2026,"346,11",ANTIGUA,RETAIL
508063,Pablo  Perez ,f,2026-02-11,241.31,Mixco,FOOD
579154,monica lopez, M ,05/03/2026,"147,44",Escuintla ,Services
593915,Isabel Ramirez,f,2026-03-06,"405,95",MIXCO ,EDUCATION
506436,Paola  Herrera, M ,2026-01-03,320.86, Mixco,Food
569205,Luis Garcia,m,22/02/2026,243.48,antigua,retail
542724,Paola Herrera,f,2026-03-23,144.26,VILLA NUEVA,Food
537776, Pablo Perez, m ,2026-03-05,261.89, Quetzaltenango,Services
586856,Carlos Mendez,M,26/02/2026,320.55,Antigua ,Education
572241, Diego Ramirez,m,2026-02-03,135.75,Villa Nueva,Food
523395,Ana Soto ,F,05/03/2026,34.15, Guatemala,Retail
502934,Julio Morales,m,2026-03-03,"341,01",Guatemala ,FOOD
559953,Oscar Rojas , m ,09/01/2026,135.92,GUATEMALA,education
598805,Isabel Ramirez,,2026-03-01,280.75,Villa Nueva,Education
572264, Rene Soto,M,2026-03-14,101.25, Villa Nueva,Services
540553,Rene Soto, f ,2026-02-22,"416,86",Escuintla,Food
537842,PATRICIA SOTO, M ,2026-02-23,278.70, Villa Nueva,Education
568516,Isabel Ramirez,F,09/01/2026,"147,08",Quetzaltenango,Retail
519456,Rene Soto,m,22/02/2026,285.18,GUATEMALA,Education
588650,Ana Diaz,F,2026-03-02,"442,20",Quetzaltenango ,Retail
547383, Oscar Rojas,m,21/03/2026,324.96,Villa Nueva,EDUCATION
594146,MARIO LOPEZ,m,2026-02-14,"234,97",antigua,Food
575347,Diego Ramirez,m,2026-03-04,"24,41",Escuintla,Education
535744,Rene Soto,F,2026-01-01,290.21,Escuintla ,Services
568264,ANA MEJIA, f ,2026-02-20,"111,22",ESCUINTLA,Services
516176, CARLOS MENDEZ,F,2026-03-21,60.35,   ,Services
583787,Ana Mejia, m ,2026-03-21,372.18,amatitlan,Retail
531027,Paola Herrera,f,2026-02-16,"242,88",Mixco,FOOD
504547,Ana Soto, f ,2026-01-10,383.43, Amatitlan,Food
559301,Mario Lopez,m,2026-02-04,"49,54",Escuintla,Food
548361,julio morales, M ,25/03/2026,"326,66",Escuintla,Retail
570734,Pablo Perez,f,2026-02-07,257.23,Quetzaltenango,Services
517437,Maria Paz,F,2026-03-24,370.14, Escuintla,Food
583382,Rene Soto ,,2026-02-15,97.78, Guatemala ,FOOD
577076, Monica Lopez, f ,2026-03-01,413.95,MIXCO,RETAIL
593907,diego ramirez,M,24/03/2026,"363,06",Escuintla,Food
515521,Pablo Perez,m,2026-02-16,109.78,quetzaltenango,SERVICES
544420,Paola Herrera,m,2026-01-13,252.30,Antigua,Food
501430,Diego Ramirez,m,2026-03-15,"272,28",Escuintla ,Retail
535984,Paola Morales, F ,2026-02-16,183.06,Villa Nueva,Food
506513,Diego Ramirez,m,2026-01-26,341.19,Villa Nueva,Retail
545919,Maria Paz,m,2026-01-04,"447,59",Villa Nueva ,Education
524461,Oscar Rojas,M,2026-02-14,"419,31",Antigua,Education
529825,Paola  Morales , f ,2026-01-01,"212,78",Mixco,SERVICES
536728,Diego Ramirez,m,2026-03-20,281.64,Escuintla,Services
520667,Ana Mejia ,f,2026-02-16,181.91,Antigua,services
585840,Luis Garcia , M ,2026-01-19,109.53,  mixco,Food
540814,Maria Paz,f,2026-02-07,"392,94",AMATITLAN ,Services
505415, Ana Mejia,f,2026-02-23,131.88, ANTIGUA,Retail
509277,Maria Paz,f,23/03/2026,232.25,Mixco,Education
594040,Luis Garcia,f,2026-01-15,"447,88",  Antigua,Food
567739,Patricia Soto, f ,2026-02-20,"207,18",villa nueva,Services
544926,Ana Soto,f,2026-02-05,"371,59",Quetzaltenango,Food
563043,Lucia Perez,m,2026-02-08,91.56,Guatemala,SERVICES
526691,LUCIA PEREZ, f ,2026-01-09,344.21,Quetzaltenango,Education
599583,Isabel Ramirez ,F,2026-01-03,"383,62",Villa Nueva ,Food
553616,Paola Herrera, f ,2026-01-02,"389,34",QUETZALTENANGO,Food
538141,Ana Mejia, f ,27/01/2026,349.25,Amatitlan,Retail
526312,PAOLA HERRERA,m,2026-03-08,,ANTIGUA,Food
507873,Pablo Perez, F ,14/02/2026,66.93,quetzaltenango,food
521600,Paola Herrera,F,28/01/2026,"72,85",ANTIGUA,Food
575263,Mario Lopez,M,2026-02-24,273.73, Escuintla,Retail
514740,Diego  Ramirez, m ,18/03/2026,297.26,villa  nueva,Retail
590891,Pedro Herrera,m,14/03/2026,120.89,Villa Nueva,services
509039,Paola Herrera,f,2026-01-04,305.91,escuintla,Retail
583389,Ana Soto,f,12/03/2026,, Escuintla,Education
562706,Paola  Morales,f,2026-01-27,189.25,Amatitlan,RETAIL
531934,Paola Herrera, f ,15/03/2026,"271,54",  villa nueva,Services
540040,Carlos Mendez,F,16/03/2026,256.40,AMATITLAN,Services
587290,Jorge Castillo,,2026-02-10,"441,95",Escuintla,Food
574976,Mario Lopez, f ,2026-01-05,86.17,Antigua,Education
597466, Mario Lopez, m ,03/01/2026,352.55,Mixco  ,retail
589878, Rene Soto, m ,23/02/2026,,Guatemala,Retail
560842,Carlos Mendez, m ,2026-03-09,"92,00",GUATEMALA,Education
576487,Paola Herrera , F ,2026-01-04,427.38,AMATITLAN,Retail
528212,Jorge Castillo,m,2026-03-02,390.71, Mixco ,Education
564903,Monica Lopez,,2026-01-10,"426,59",Guatemala,Education
583322, ANA DIAZ, f ,2026-02-19,"273,27", Quetzaltenango,Services
549365,Patricia Soto, m ,2026-01-18,"395,26",Villa Nueva,Education
528456,Pablo Perez,F,2026-02-16,22.77,Mixco,services
521601, Lucia Perez, f ,2026-01-16,432.58,VILLA NUEVA,Food
577889,Ana  Diaz,f,2026-02-12,151.60,Villa Nueva,Food
530393,DIEGO RAMIREZ ,M,02/03/2026,327.38,Villa Nueva,Education
546537, Jorge Castillo, m ,2026-01-23,"251,76",Quetzaltenango,Food
578322,Maria Paz,F,2026-02-15,157.55,Villa Nueva,Education
506230, Mario Lopez,f,2026-02-11,271.70,AMATITLAN,Retail
592992,Ana Diaz, f ,2026-03-01,287.02,escuintla,Education
531360,Monica Lopez , F ,2026-01-27,218.21, Amatitlan,Retail
548689,Julio  Morales,m,2026-01-05,"439,24",Escuintla,SERVICES
560809,Ana Mejia,F,2026-01-12,28.54,Guatemala,Education
544506, Isabel Ramirez,f,2026-03-17,"140,72", Amatitlan,Food
535600,Diego Ramirez,m,2026-02-20,"173,84",Villa Nueva,Food
597584,oscar rojas,m,2026-02-11,416.15,Amatitlan,education
509970,julio morales,M,2026-03-08,"397,39",Escuintla,FOOD
513182,Paola Morales, F ,18/01/2026,339.98,mixco,Services
586277,Pablo Perez, f ,08/03/2026,26.84,Guatemala,services
574761,Ana Diaz,f,2026-01-14,279.43,Escuintla,Retail
599763, Julio Morales,M,2026-01-28,352.57,Quetzaltenango ,Retail
579215,Mario Lopez, M ,2026-02-18,"446,15",Guatemala,Retail
564659,patricia soto ,f,2026-03-01,37.22,Villa Nueva,Services
559635,Luis Garcia,M,2026-01-13,"137,37",Mixco,Food
510800,Maria Paz,f,2026-01-14,"387,32", AMATITLAN,Services
525400,Paola Herrera, F ,2026-02-09,291.23,ESCUINTLA,Services
522769,Ana Soto, m ,2026-03-19,,Mixco ,Services
523440,Ana Mejia, f ,2026-01-20,349.61,Villa Nueva,Retail
524518,ANA MEJIA,m,2026-03-21,"298,41",Guatemala,SERVICES
569335,Lucia Perez, m ,2026-01-02,296.38,QUETZALTENANGO,Food
501412,Julio Morales,m,2026-01-17,82.64,MIXCO ,Food
579826,Mario Lopez, f ,2026-03-08,31.93, Mixco,Food
515097,Ana Soto,f,12/02/2026,"132,95",Quetzaltenango,Food
578407,Ana Mejia, f ,2026-03-03,"221,81",Villa Nueva,Retail
581089, Mario Lopez, m ,2026-02-11,"121,50",Quetzaltenango ,Food
503429,Lucia Perez,f,2026-02-28,"85,29",QUETZALTENANGO,education
597133,Isabel Ramirez, f ,2026-01-15,108.51,Mixco,Services
562723,ANA SOTO,F,2026-03-27,59.16,GUATEMALA,Education
546778,Lucia Perez,F,2026-03-18,"84,11",Guatemala  ,Services
583398,Mario Lopez,F,21/03/2026,,Antigua,RETAIL
563042, Pedro Herrera,M,2026-01-20,"267,06",Antigua,Services
509169,LUCIA PEREZ ,f,2026-03-06,"433,71",Antigua ,Services
502087,Ana Soto,F,2026-01-14,"219,14",Villa Nueva,Food
570937,Ana Mejia,M,2026-02-10,"270,74",Escuintla,Food
572554, Mario Lopez, M ,2026-03-01,182.30, ANTIGUA,Food
525681,Isabel Ramirez,F,03/03/2026,404.37,ANTIGUA  ,Food
582042,Rene Soto,m,2026-01-27,,Amatitlan,Retail
576756,Luis Garcia, M ,2026-03-01,"312,91",Antigua,Education
590854,Patricia Soto,f,2026-02-01,"136,09", Quetzaltenango,Education
587525, PAOLA MORALES,f,2026-01-18,"32,83",amatitlan,Retail
599153,ANA MEJIA,F,2026-02-17,"187,73", Villa Nueva,Services
530346,Paola Morales, F ,2026-01-09,61.26,ANTIGUA,retail
583829,Maria Paz,m,2026-02-22,"345,57",Mixco,Services
599671,CARLOS MENDEZ ,m,2026-01-15,"172,69",ESCUINTLA,Education
525333,Diego  Ramirez,F,2026-03-08,"310,36",GUATEMALA,Education
557145,Rene Soto,m,2026-01-05,"56,53", Antigua ,Food
568664,JORGE CASTILLO,m,2026-03-04,225.46,Quetzaltenango  ,Services
558809,Isabel Ramirez,f,13/02/2026,"231,81",Antigua,Services
520783,Rene  Soto,M,2026-01-10,,ANTIGUA,Retail
544177,Paola Herrera,F,2026-01-01,"437,72",Quetzaltenango,RETAIL
515806,Paola  Morales ,f,2026-03-18,"147,20",Antigua,Services
562903,Pedro Herrera, f ,2026-03-04,144.87,Villa Nueva,Services
576852,Julio Morales ,M,2026-02-11,367.04,Quetzaltenango,Services
562255,  OSCAR ROJAS, M ,2026-03-26,423.58,Mixco,EDUCATION
550208,Julio Morales ,m,2026-03-20,"103,29",Escuintla ,Retail
528605,Carlos Mendez, m ,2026-02-17,"79,51",Mixco ,Services
576168,LUIS GARCIA, M ,18/02/2026,31.42,Mixco,SERVICES
502195,Patricia Soto,F,25/02/2026,82.04,escuintla,Education
533544,MARIA PAZ, f ,2026-01-28,156.27, Quetzaltenango,Education
575803, luis garcia,M,2026-01-08,"116,27", Antigua,Services
573579,Oscar Rojas, M ,27/01/2026,164.14,Guatemala,Food
595202,Mario Lopez,M,2026-01-23,,Antigua,Retail
596507,Isabel Ramirez,m,12/03/2026,262.39,Mixco,Education
509674,Julio Morales,M,2026-03-01,403.60,Villa Nueva,Retail
594837,Patricia Soto, f ,2026-02-06,296.93,ANTIGUA,Education
556231,ANA SOTO , F ,2026-01-26,"39,58",AMATITLAN,Education
597045,Pablo Perez,m,01/03/2026,132.18,Mixco,Food
597950,Pablo Perez, M ,07/01/2026,,Amatitlan,Services
574659, Luis Garcia ,m,2026-03-07,408.78,  ANTIGUA,Services
523916,julio morales,,2026-02-13,382.65, Amatitlan,food
538134, Oscar Rojas,m,18/02/2026,382.28,Mixco ,education
511685,Isabel Ramirez, f ,2026-03-15,423.03,Guatemala,SERVICES
538847,Pablo Perez,m,2026-01-25,"164,76",Amatitlan,SERVICES
564659,patricia soto ,f,2026-02-15,37.22,Villa Nueva,Services
546963,PAOLA MORALES ,F,2026-03-04,"338,11",Antigua,FOOD
578135,Luis Garcia,f,2026-02-18,119.26, Escuintla,retail
544067,Ana Soto, m ,02/03/2026,86.17,mixco,Education
563758,julio morales,m,2026-01-07,182.58,Antigua,Retail
594927,Carlos Mendez,m,03/01/2026,"40,52",Antigua,Services
530286,rene soto,M,2026-01-02,342.20,Villa Nueva,Food
554147,Paola Herrera,F,2026-02-12,373.15,Amatitlan,Education
513473,Paola Herrera,F,2026-02-01,"161,41",Guatemala,Education
521282, Diego Ramirez,M,23/01/2026,"101,18",Guatemala,Education
525980,Jorge Castillo, m ,2026-03-08,165.52,Amatitlan,food
548333,JORGE CASTILLO ,m,17/02/2026,"382,53",Amatitlan,Retail
548462,PAOLA MORALES ,F,12/03/2026,448.38, Quetzaltenango,Education
553740,JULIO MORALES, m ,02/01/2026,292.03,Guatemala,SERVICES
566266,rene soto,M,2026-02-23,411.26,quetzaltenango ,Education
552021,Maria Paz , f ,2026-01-28,201.86,Quetzaltenango,Food
538811,PABLO PEREZ, m ,2026-03-01,"316,52",Antigua,Retail
563985,Jorge Castillo,m,2026-03-26,"352,13",Quetzaltenango,Services
573451,Pablo Perez,F,2026-02-26,"249,77", Quetzaltenango ,Services
550188,Rene Soto , m ,2026-01-03,,Amatitlan,Retail
584798,Maria  Paz ,f,2026-02-21,"347,65",villa nueva,SERVICES
555673,RENE SOTO,M,2026-01-10,"118,88",Guatemala ,EDUCATION
542057,Ana Mejia, F ,2026-03-13,"286,61",Escuintla,Food
524220,Isabel Ramirez,F,2026-01-09,, Antigua ,Services
536888,Patricia Soto,F,2026-02-18,365.75,Villa Nueva,Services
548730,ANA MEJIA,F,2026-03-01,"106,66",quetzaltenango,Services
550801,LUCIA  PEREZ,F,2026-03-10,211.38,AMATITLAN ,Education
535148,Pedro Herrera, M ,2026-01-07,"136,65",Guatemala,Education
522365,Paola Morales, m ,2026-02-17,"119,41", Mixco,Food
538677,Monica Lopez,f,2026-02-16,"335,49",Mixco,Education
584347,Paola Morales, F ,2026-02-04,134.94,Guatemala,RETAIL
572662,Jorge Castillo,F,2026-02-01,"187,50",MIXCO,Retail
541236,Oscar Rojas,F,04/03/2026,255.40,Guatemala,FOOD
558151,Isabel Ramirez, F ,19/02/2026,223.09,Escuintla,Retail
517440,Oscar Rojas,M,2026-02-05,387.14,Mixco ,RETAIL
553660,  Pedro Herrera, m ,2026-02-09,"160,19",Escuintla,Retail
590609, Paola Morales,f,2026-01-01,"38,83",Antigua,Retail
526152,Ana Mejia,f,2026-02-04,364.64, Quetzaltenango,Retail
590112,carlos mendez,,2026-03-22,446.88,Antigua ,Food
520671,Carlos Mendez,F,2026-02-19,"193,42",Quetzaltenango,Education
597000, Oscar Rojas,M,2026-01-25,299.76,mixco,Services
545447,Pablo Perez, m ,2026-01-10,"368,36",Guatemala,Services
584223,MARIA PAZ,F,2026-01-18,"6613,89",QUETZALTENANGO,Food
512527,Isabel Ramirez,,2026-01-12,"201,64",  Antigua,FOOD
552700,Julio Morales ,M,25/01/2026,"300,52",Quetzaltenango  ,Services
504484,JORGE CASTILLO,M,14/03/2026,"285,18",Amatitlan,Education
526583,ANA SOTO,F,2026-02-24,30.72, AMATITLAN,Education
585349,Isabel Ramirez, m ,2026-01-11,278.18, GUATEMALA,Food
535171,Rene Soto,m,2026-02-07,"170,38",VILLA NUEVA,Education
504921,Diego Ramirez,f,2026-02-01,"64,07",ESCUINTLA ,SERVICES
563629,Luis Garcia, M ,2026-01-21,, Villa Nueva,Services
553785,Ana  Soto, f ,2026-03-13,145.80,Villa Nueva,Food
571364,Lucia  Perez, M ,2026-01-09,"239,99",MIXCO ,education
587018,Ana Diaz ,f,2026-03-22,138.34,Villa Nueva,SERVICES
578137,Rene Soto,m,2026-01-28,"33,17",Mixco,Services
578241,Jorge Castillo, f ,2026-03-25,212.51,Amatitlan,Retail
598189,Monica Lopez,F,2026-01-20,68.99, Villa Nueva,SERVICES
569809,Pedro Herrera, m ,07/02/2026,79.61,Mixco,Retail
541872,Oscar Rojas,f,2026-02-09,"343,20",VILLA NUEVA,Services
572909,Luis Garcia, M ,2026-01-13,,Antigua,Services
590373,Monica Lopez,F,2026-02-04,"247,61",amatitlan,Services
556664,Jorge Castillo,m,27/03/2026,102.96,Quetzaltenango,Education
585489,Mario Lopez,m,2026-01-12,297.04,Mixco,Services
553741,Jorge Castillo ,m,23/03/2026,261.78, mixco,EDUCATION
594121,Luis Garcia,f,2026-02-23,303.66,Villa Nueva,Food
549894,LUIS GARCIA,f,2026-01-17,"291,43",VILLA NUEVA,Retail
560119,MARIA PAZ, m ,2026-01-04,"356,09",amatitlan,Retail
555970,Ana Soto, f ,2026-01-04,132.08,Guatemala,Services
513579,Lucia Perez, F ,2026-03-24,"20,21",Escuintla,SERVICES
503640,Monica Lopez, f ,2026-01-03,30.89,GUATEMALA,Services
534671,Mario Lopez,M,2026-01-19,174.35,Amatitlan,Education
515676,Carlos Mendez,M,01/03/2026,178.28,Escuintla,Food
553523,oscar rojas,m,11/03/2026,342.12,Antigua,Food
520958,Paola Herrera , f ,2026-03-11,341.18,Amatitlan,education
573594,Diego Ramirez,M,2026-03-12,"348,17",GUATEMALA,Education
584487,Luis  Garcia, m ,2026-02-05,"284,37", Villa Nueva,RETAIL
553948,Oscar Rojas,m,2026-03-26,"186,67",Antigua,Services
567977,Rene Soto,m,2026-01-01,344.62,MIXCO,Food
502432,Pablo Perez,f,2026-03-13,"202,05",Mixco,Food
530994,Monica Lopez,F,2026-03-20,,Escuintla,food
574169,ana mejia , F ,2026-02-10,124.29,Quetzaltenango,EDUCATION
591983,Paola Morales , f ,2026-01-26,"283,12",Escuintla,food
599725, Carlos Mendez, f ,2026-03-13,"210,06",Amatitlan,EDUCATION
533052,Julio Morales,f,2026-02-20,"110,68",QUETZALTENANGO,Services
504952,JORGE CASTILLO,M,08/01/2026,"348,34", Antigua,Education
514144,Isabel Ramirez ,F,2026-03-13,"382,35",  Quetzaltenango,EDUCATION
585793,Pablo Perez,M,01/01/2026,"438,91",Quetzaltenango,Food
594178,Rene Soto,m,27/02/2026,"156,91",Amatitlan,Retail
505584, Paola Herrera, F ,06/03/2026,"34,47",Villa Nueva,Education
542527,Pablo Perez,M,2026-01-01,338.41,Antigua ,Retail
535208,Mario Lopez,m,2026-03-14,"435,73", Guatemala,Education
579090, Paola Morales, f ,2026-01-25,"263,68",amatitlan,Retail
597186,Oscar Rojas ,m,2026-03-13,,Mixco,Retail
587786, Julio Morales, f ,2026-02-19,"302,17",Villa Nueva,Retail
505984,JULIO MORALES,M,2026-01-20,323.50,Villa Nueva,food
510705,Julio Morales , M ,2026-02-11,,quetzaltenango ,retail
522658, Pedro Herrera,F,2026-03-08,372.61,Mixco,Retail
552761,JULIO MORALES,m,2026-01-15,"352,08", QUETZALTENANGO,Services
578882,Jorge Castillo, M ,2026-03-26,111.71,Guatemala,Education
524543, monica lopez,F,13/01/2026,390.92,Amatitlan,FOOD
565205, Ana Mejia,f,2026-01-25,"191,83",Amatitlan,SERVICES
549221,Jorge Castillo, m ,2026-02-18,"315,81",Quetzaltenango,Services
517828, Ana Mejia, f ,04/03/2026,"234,41", Mixco ,Food
579650,Isabel  Ramirez,f,2026-02-12,94.42,Escuintla,Services
510018,Diego Ramirez ,,10/02/2026,416.77,Amatitlan,Food
545604,Luis Garcia ,m,11/01/2026,,Escuintla,Retail
555748, mario lopez,M,25/01/2026,396.20, Amatitlan,Services
549679, Luis Garcia, m ,2026-01-10,166.41,Quetzaltenango,Retail
524877,JULIO MORALES,m,2026-01-01,100.56,Antigua,Education
580563,Ana Mejia ,f,2026-02-21,135.76,Mixco,RETAIL
511138,Pablo Perez,m,06/03/2026,"379,67", Mixco,Retail
545935,Maria Paz,F,2026-02-13,63.75,Amatitlan,Services
594146,MARIO LOPEZ,m,2026-02-14,"234,97",antigua,Food
556591,Diego Ramirez,f,2026-02-25,257.04,Quetzaltenango,Education
520458,Paola  Morales,F,2026-02-06,"184,47",Mixco,Retail
525992,Carlos Mendez,m,2026-03-11,"8173,36",Guatemala  ,SERVICES
594035,Mario Lopez ,f,2026-02-19,150.68,Escuintla ,Services
574971,julio morales,M,2026-01-25,"250,26",Guatemala,Services
527956,Isabel Ramirez, f ,2026-01-01,, GUATEMALA,Food
588277,Luis Garcia ,f,2026-01-04,89.08,Quetzaltenango,Services
556962,Oscar Rojas,M,2026-02-24,"164,14",Mixco,Services
599660,Isabel Ramirez,f,2026-01-21,"280,63",Escuintla,services
522801,Ana Soto, f ,19/01/2026,425.32,Antigua,Retail
567082,Diego  Ramirez,M,2026-02-16,"330,95",Quetzaltenango,Education
522990,Pedro Herrera, m ,2026-02-07,"96,40",Villa Nueva,Education
583548,carlos mendez,m,14/02/2026,252.23,Antigua,Food
574100,Jorge Castillo, M ,2026-02-22,"75,91",Escuintla,Services
509952,Oscar Rojas,,2026-02-04,113.46,Antigua,Food
549406,Ana Soto, F ,2026-03-13,232.60,Mixco,Services
568274,Carlos Mendez,m,2026-01-08,68.88,Guatemala,Food
572482,Maria Paz,,2026-03-08,"71,06",Amatitlan,Services
594478,jorge  castillo,F,2026-03-04,140.25,Villa Nueva,Food
541617,rene soto,f,12/01/2026,50.13,villa nueva,Food
596264,Ana Diaz,m,2026-03-06,"390,44",  Antigua,Retail
556058,JULIO MORALES, M ,02/03/2026,, Guatemala,Food
568629,Ana Diaz,f,2026-01-03,,Villa Nueva,Food
547230,Diego Ramirez,f,2026-02-24,"43,81",Escuintla,RETAIL
589287,Oscar Rojas,m,2026-02-03,273.79,Mixco,food
594388,Monica Lopez ,m,2026-02-21,"232,72",Guatemala,Services
546365,Ana Mejia,f,2026-01-18,322.03,Guatemala ,Education
593765,ana soto , m ,28/01/2026,"87,77",Amatitlan,Food
531283,Ana Diaz, m ,22/01/2026,"81,92",Mixco,Retail
580281,Monica Lopez,m,2026-01-13,390.55, Guatemala,food
514443,Paola Morales,f,2026-03-06,200.07,Villa Nueva,Food
523866,PAOLA HERRERA, f ,2026-02-26,368.60,Villa Nueva,Services
544784,Monica Lopez,f,23/03/2026,"103,48", ANTIGUA,Food
527353,Rene Soto ,m,2026-02-14,344.49,Villa Nueva,Education
517364,PAOLA HERRERA,F,2026-01-27,,Escuintla,Food
559377,luis garcia, m ,04/02/2026,"105,05",guatemala,Services
516074, Ana Diaz, f ,2026-03-01,25.81,MIXCO,Education
503595,Lucia Perez,f,12/02/2026,35.97,Amatitlan ,Education
509399,Ana  Soto,m,2026-01-12,"276,31",Amatitlan,Food
515516, Paola Herrera,f,2026-02-14,"6589,18", Quetzaltenango,Food
574406, Julio Morales, F ,2026-03-06,49.99, Quetzaltenango,Services
535474,Ana Soto , F ,2026-03-25,"39,50",QUETZALTENANGO ,Retail
508522, LUCIA PEREZ,m,16/03/2026,119.50,ANTIGUA,EDUCATION
591060,Patricia Soto ,f,24/03/2026,185.20,  Escuintla ,Services
591077,Pedro Herrera,F,2026-02-21,"181,08",Amatitlan,Services
598437,Oscar  Rojas, M ,24/02/2026,"234,35",amatitlan,Food
572677,Luis Garcia,M,2026-03-20,270.40,ANTIGUA,retail
552244,paola morales, F ,2026-03-19,167.08,guatemala,Services
586236,Diego Ramirez, m ,05/02/2026,"142,00",Escuintla,Services
560658,PABLO PEREZ, F ,01/02/2026,"35,77",quetzaltenango,Education
560231,Oscar Rojas, m ,2026-01-22,197.43,Escuintla,FOOD
575272, Julio Morales ,m,16/01/2026,183.64,Guatemala,Services
532496,Paola Morales,f,2026-02-02,"368,28",QUETZALTENANGO,Retail
517992,Paola  Morales, f ,2026-03-20,"69,64",antigua,Retail
525973,Monica Lopez,F,2026-03-01,,QUETZALTENANGO,Food
539115,ISABEL RAMIREZ,F,2026-03-11,"149,85",GUATEMALA  ,Services
566827,Paola  Morales,,04/02/2026,151.66,Amatitlan,SERVICES
544672,maria paz, F ,2026-02-23,182.49,Amatitlan,Education
518755,Mario Lopez, m ,19/02/2026,420.29, Amatitlan,Retail
597899,Luis Garcia, m ,2026-01-17,92.82,Escuintla,Retail
587161,PEDRO HERRERA,f,2026-02-27,"265,44",MIXCO,Services
573706,Isabel Ramirez,f,2026-01-19,"68,87",Amatitlan,Services
550543,Paola Herrera, f ,01/01/2026,"255,69",Mixco,Education
550179,JORGE CASTILLO, m ,15/01/2026,"167,52",Mixco,Food
581231,Mario  Lopez,m,2026-02-16,265.71,Mixco ,Education
550073,Rene Soto, M ,2026-01-01,"221,84",Villa Nueva ,Food
564109,JORGE CASTILLO,f,2026-03-26,250.78,Guatemala,SERVICES
542986, pablo perez,,2026-03-06,403.99, Amatitlan ,Food
561847, Ana Diaz, f ,2026-01-02,"5912,06",Guatemala,Retail
574000,Jorge Castillo,m,2026-03-17,"240,40",Villa Nueva,retail
583036,Diego Ramirez,m,2026-01-18,"160,16",Villa Nueva ,Education
535311,Rene Soto,M,2026-03-28,209.80,Antigua,SERVICES
541286,Oscar Rojas,M,2026-01-01,"271,91",Quetzaltenango,Food
595744,Rene Soto, M ,2026-02-06,90.52, Mixco,Services
560431,Paola Morales ,f,19/01/2026,"385,68",Mixco,Education
574847,Pablo Perez,m,2026-02-18,,QUETZALTENANGO,Education
557872,Carlos Mendez,m,14/02/2026,100.04,Mixco ,Food
531926,Ana Diaz, m ,2026-01-21,"372,53",Amatitlan,Education
568214,Oscar  Rojas,m,2026-01-25,364.05,VILLA NUEVA,Services
537617,ANA DIAZ, f ,2026-02-09,427.62, ESCUINTLA,Retail
572859,Rene Soto,m,2026-02-19,"386,50", Escuintla,Retail
519851,maria paz,F,2026-03-09,70.43,Mixco,Education
569902, LUCIA PEREZ,f,21/01/2026,"303,88", Amatitlan,Retail
546443,Rene Soto,M,09/02/2026,33.23,Guatemala,retail
565936,Lucia Perez, F ,2026-01-27,"231,16",Antigua,EDUCATION
540734,Paola Herrera,f,10/02/2026,332.03,  Mixco,Food
587884,Paola Morales,F,2026-01-15,387.71,Antigua,Retail
583107,Patricia Soto,F,2026-03-01,"370,02",Mixco,Retail
502240,diego ramirez,F,2026-01-10,205.60,Amatitlan ,Retail
572228,Julio Morales,M,18/03/2026,282.07,  Villa Nueva ,SERVICES
581034,ana  soto, f ,2026-01-09,348.62,Quetzaltenango,Services
515696,Isabel Ramirez,f,2026-02-09,"158,65",Villa Nueva,Food
522741,MONICA LOPEZ,f,2026-01-13,"248,71",Villa Nueva,Food
526999,Isabel  Ramirez ,f,2026-01-16,,Antigua,services
593462,Luis  Garcia,f,2026-02-18,439.96, Antigua,Education
517779,Julio Morales,m,28/01/2026,85.12,Guatemala,Food
557053,Rene Soto,M,2026-01-11,"422,69", Mixco,Retail
585378,Isabel Ramirez, f ,2026-02-02,"402,79",Guatemala,RETAIL
516076,Paola Herrera,F,2026-01-05,286.13,Amatitlan,Retail
577205,Rene Soto ,m,2026-01-14,,Villa Nueva ,Retail
509105,Diego  Ramirez, m ,2026-02-23,352.43,Escuintla,Food
525239,  Isabel Ramirez, M ,2026-03-18,"25,22",VILLA NUEVA,food
531825, Mario Lopez,m,2026-03-16,289.50,Antigua,Food
564556,Luis Garcia, m ,2026-02-26,"351,79", Quetzaltenango,FOOD
575203, Monica Lopez,M,2026-02-02,"385,48",Escuintla  ,EDUCATION
551973,luis garcia ,M,22/02/2026,"88,66",Guatemala,Food
503396,Patricia Soto ,F,2026-03-23,,Escuintla ,Services
565478, Rene Soto, m ,2026-02-22,"219,00",Quetzaltenango,Food
516253,Ana Soto , m ,02/02/2026,162.24,Escuintla ,EDUCATION
516710,Ana Diaz, M ,2026-01-25,"240,55",Antigua,Services
578213, Lucia Perez,f,2026-03-01,302.14,Amatitlan,Food
567804,Paola  Herrera ,f,2026-02-09,"125,26",Guatemala,Food
512025,Isabel Ramirez, F ,2026-03-15,215.35,QUETZALTENANGO ,Food
516713,Lucia Perez,f,28/02/2026,"77,43",Amatitlan,FOOD
559167,Ana Soto,f,2026-01-15,66.18, Guatemala,Services
548799,Ana Soto, f ,2026-02-12,270.11, Mixco,Food
593978,Isabel  Ramirez, M ,2026-01-25,"228,76",amatitlan,Services
512907, Luis Garcia, F ,2026-03-27,180.88,Quetzaltenango,Retail
512211,julio morales,F,2026-02-06,379.98,Guatemala,Services
523024,Ana Soto,f,13/02/2026,131.46, guatemala,Retail
568234,Diego  Ramirez, m ,15/02/2026,"63,91",Villa Nueva,Education
562468,Maria Paz, f ,2026-01-23,351.68,Guatemala,Retail
594230,ANA MEJIA,F,2026-02-09,405.20,Escuintla,Retail
520839, Mario Lopez,m,2026-03-07,187.61,Antigua,Retail
546600,lucia perez ,f,2026-02-05,"310,89",Mixco,Education
567962,Jorge Castillo,m,2026-01-10,"305,75",Mixco,retail
533999,Luis Garcia,F,2026-01-20,,Antigua,Education
559480,Jorge Castillo,M,2026-03-18,187.03,Quetzaltenango,food
556009,Pablo Perez , M ,2026-01-07,"43,82", VILLA NUEVA,Education
597886, Monica Lopez, F ,10/03/2026,349.57,Escuintla,Services
500100,mario lopez, m ,10/03/2026,"290,99",Mixco,Retail
527194,isabel ramirez,f,2026-02-13,"250,95",Amatitlan,Education
528059,Rene Soto,f,2026-03-28,439.42, Mixco,Services
532509,Isabel Ramirez , F ,2026-01-21,"262,70",ESCUINTLA ,Retail
597093, Ana Mejia, F ,2026-03-01,"65,14",Quetzaltenango ,Retail
535881,Pablo Perez, m ,13/01/2026,332.42,Mixco,Services
598951,Oscar Rojas,m,2026-02-15,407.43,Guatemala,Education
507846,Carlos Mendez ,m,18/02/2026,"435,45",GUATEMALA,Food
551134,Isabel  Ramirez,f,08/01/2026,437.81,ANTIGUA,Education
558930,Paola Herrera, f ,2026-02-19,"339,83",Antigua,Retail
523315,Mario Lopez,m,2026-01-10,289.17,Antigua,Retail
578499, Paola Herrera,F,2026-01-14,"321,94",Antigua,Education
558110,Patricia Soto, m ,10/02/2026,96.04,Mixco,Retail
548357,Lucia Perez,f,2026-03-09,"207,63", Quetzaltenango,Retail
568457,Jorge Castillo, f ,2026-03-06,31.00,Villa Nueva,Education
542840,Pedro Herrera,m,2026-01-27,"66,89", Villa Nueva,EDUCATION
502716,Diego Ramirez, m ,2026-02-28,"268,74", Mixco,Services
593713, Maria Paz, M ,2026-02-19,"325,62",Villa Nueva,food
590334,Jorge Castillo, f ,2026-02-11,"53,00",Escuintla,Food
567104,Pedro Herrera, m ,2026-02-16,315.53,Amatitlan ,Services
504537,Isabel  Ramirez, f ,2026-03-26,51.36,Mixco,Retail
571854,DIEGO RAMIREZ, m ,2026-02-22,"231,79", Guatemala ,Food
582720,Monica Lopez,F,2026-01-05,353.20,Antigua,food
540397,Luis Garcia ,f,04/01/2026,"235,66",villa nueva,FOOD
589076,Lucia Perez, f ,2026-01-23,178.74, Antigua,services
504150, ana diaz, f ,2026-02-15,"340,98",Mixco ,EDUCATION
515562,Rene Soto,m,2026-03-05,415.35,Quetzaltenango,FOOD
561527,Pedro Herrera, m ,2026-03-11,272.78,ESCUINTLA ,Food
510470,Patricia  Soto, f ,24/02/2026,"273,84",GUATEMALA,Education
531467,Isabel Ramirez,f,2026-02-11,"359,49",Villa Nueva,Retail
510447,Jorge Castillo , f ,2026-02-18,411.82,escuintla,Food
517036,Ana Mejia, F ,2026-02-05,,Amatitlan,Education
501635,Pedro Herrera,m,2026-03-24,303.11,Amatitlan,Retail
501332,Maria Paz, m ,2026-02-25,"70,93",Amatitlan,Retail
537664,JORGE CASTILLO, m ,2026-01-02,62.40,Escuintla,FOOD
545923,Monica Lopez,f,2026-03-04,"330,23", Mixco,Services
577128,Ana Soto, f ,2026-02-01,432.68,Mixco,Food
508389,Rene Soto,m,2026-01-24,"411,25",antigua,Retail
508322,ANA MEJIA, f ,05/01/2026,244.79, Quetzaltenango,Services
533783,Paola Morales, m ,2026-03-19,"306,18", Mixco,SERVICES
542634,Maria Paz, f ,2026-03-23,"384,87",Guatemala,FOOD
550940,isabel ramirez, f ,2026-01-23,"446,97",Villa Nueva,Services
541123,Rene Soto,f,2026-03-25,"239,29",Antigua ,Food
549203,Maria Paz,f,2026-02-23,44.25,Guatemala,Services
521068, Paola Herrera,f,2026-03-01,"143,33", Mixco ,Education
572331,Pablo Perez, m ,2026-01-25,"332,85",Amatitlan,Services
547385,Luis  Garcia, m ,14/03/2026,396.31,Villa  Nueva,Services
547903,ANA SOTO,,2026-01-09,"369,82",Escuintla ,Services
567894,Rene Soto, m ,2026-03-07,8531.46,Guatemala,SERVICES
592662,Lucia Perez,M,2026-02-18,347.64,AMATITLAN  ,Retail
509423,DIEGO RAMIREZ,M,2026-03-22,"103,38",Antigua,EDUCATION
589111,Julio Morales,,2026-03-24,,Villa Nueva ,Education
510391,Mario Lopez,M,2026-03-18,"375,74",Mixco ,EDUCATION
591154,ANA SOTO,f,2026-01-27,340.48,Guatemala ,Services
584116,Paola Herrera, f ,2026-02-25,"339,58",Villa Nueva,Retail
534094,Paola Herrera, M ,2026-03-10,261.95,Quetzaltenango,Retail
579847,Paola Morales,F,2026-01-23,346.66,Villa Nueva,SERVICES
534346,Rene Soto,m,2026-01-23,"325,34",quetzaltenango,Food
586547,Mario Lopez , M ,06/01/2026,"233,53", Amatitlan,Services
539088,Pedro Herrera,,2026-02-27,94.16,Guatemala,FOOD
507846,Carlos Mendez ,m,18/02/2026,"435,45",GUATEMALA,Food
524974,Lucia Perez,F,2026-02-01,427.86, Amatitlan,RETAIL
558101, Pablo Perez ,m,2026-03-19,347.80,Antigua,Services
507949,Jorge Castillo,m,2026-02-16,294.68,escuintla,Education
566633,Luis Garcia ,M,2026-03-16,"329,37",Mixco,EDUCATION
563682,Mario Lopez,M,2026-03-22,"374,08", Quetzaltenango,Retail
565246,Rene Soto,,06/02/2026,167.39,Mixco,SERVICES
544548,Patricia Soto,f,2026-02-09,"34,42", MIXCO,Education
520375,Julio  Morales,M,2026-01-12,"263,14",Villa Nueva,Services
554281,Rene Soto,m,2026-03-06,376.26,QUETZALTENANGO,Services
535107,RENE SOTO,F,2026-01-14,"414,25",Quetzaltenango,RETAIL
587406,Pedro Herrera, M ,2026-03-28,"246,72",Villa Nueva,Food
571048,ana soto,f,2026-03-20,"53,01",Antigua ,Education
558878,Diego Ramirez,,14/01/2026,280.66,Villa Nueva,Education
568376,Pablo Perez, m ,2026-01-05,"146,39",villa nueva ,Education
582230,Paola Herrera,f,2026-01-16,"318,61",Villa Nueva,education
599660,Isabel Ramirez,f,2026-01-21,"280,63",Escuintla,services
503272,Ana Mejia, f ,03/02/2026,234.94,Guatemala ,Services
590163,Isabel Ramirez,f,24/03/2026,289.78,Escuintla,Education
509355, PAOLA MORALES,f,2026-01-04,212.07,Escuintla ,education
535071,Ana Mejia,f,2026-01-11,383.05,Guatemala,Retail
558551,Luis Garcia, M ,2026-02-05,104.52,Quetzaltenango,FOOD
508522,Monica Lopez, F ,17/01/2026,"57,83",Quetzaltenango,Retail
558179,Isabel Ramirez,f,2026-02-03,"404,36",Amatitlan,Retail
588103,pablo perez, M ,21/02/2026,, Amatitlan,Services
544062,Diego Ramirez,m,2026-01-14,"157,77",Quetzaltenango,Services
554259,ISABEL RAMIREZ, f ,2026-03-15,"185,20",Antigua,RETAIL
588324,carlos mendez,m,13/02/2026,288.56,Quetzaltenango,Services
506230, Mario Lopez,f,2026-02-11,271.70,AMATITLAN,Retail
530732,Mario Lopez, m ,2026-02-21,"38,54",GUATEMALA,education
597714,luis garcia,m,2026-03-15,"297,51",antigua,Retail
520823,Ana Soto ,m,02/02/2026,161.02,Mixco,Education
541617,rene soto,f,2026-03-01,50.13,villa nueva,Food
567361,Lucia Perez,F,2026-01-03,"373,05",quetzaltenango ,food
579005,Pedro Herrera,M,2026-02-20,340.63,Amatitlan,Services
537042,Ana Mejia , f ,05/01/2026,349.09,GUATEMALA,Services
546502,Lucia Perez, f ,03/02/2026,319.13,Guatemala,education
549205,Ana Diaz , M ,2026-01-13,213.26, Guatemala,Services
580865,Pablo  Perez,m,2026-02-14,191.82,Guatemala,Education
505889, Rene Soto, m ,17/01/2026,36.81,MIXCO,Education
510925,Paola Morales,m,2026-03-01,"409,15",Guatemala ,Education
555019,Rene Soto, M ,2026-02-08,"338,25",-,education
532352,PABLO PEREZ,M,2026-01-13,"234,36",Quetzaltenango,Services
537985,Lucia Perez, F ,02/01/2026,311.19,guatemala,RETAIL
534594,Pablo Perez,m,2026-03-11,"312,68",Quetzaltenango,Services
564592,Paola Morales,f,2026-03-25,"31,75",GUATEMALA,RETAIL
572365, Mario Lopez,m,2026-02-23,304.12,Mixco,Services
535714,Ana  Soto, f ,2026-03-11,"63,16",Mixco,Services
560873,Rene Soto, m ,2026-01-14,133.25,Mixco,Education
521668,Mario Lopez, m ,2026-01-17,"388,59",  Amatitlan,Services
552833, Maria Paz,f,2026-02-13,"267,41",Mixco,Food
522040,Jorge  Castillo,m,2026-01-26,"194,55",Mixco,retail
559340,PAOLA HERRERA , f ,2026-02-12,312.39,Antigua,Education
562505,Monica Lopez,F,2026-01-12,"210,78",Mixco ,FOOD
509139,Carlos Mendez , m ,2026-02-19,"386,89",Amatitlan,RETAIL
533143,Ana  Diaz, f ,2026-01-10,7426.44,Villa Nueva,Education
522414,patricia  soto,m,26/02/2026,369.22,MIXCO,SERVICES
531916,RENE SOTO , m ,2026-03-01,"237,97",null,Retail
596941,Monica Lopez,F,03/01/2026,152.16,Escuintla,Services
533739,Oscar Rojas,m,27/01/2026,"81,40",Amatitlan,Retail
567482,Paola Herrera , f ,17/01/2026,,Villa Nueva,Food
594783,oscar rojas, m ,07/03/2026,"55,62",Villa Nueva,Retail
571837, Pedro Herrera ,m,2026-01-09,51.93,Antigua ,Retail
514788,Jorge  Castillo,f,10/01/2026,103.49,Antigua,Education
557878,LUCIA PEREZ, F ,2026-03-26,,Quetzaltenango ,Services
584261,Rene Soto,m,2026-01-03,48.21,Quetzaltenango,Food
527192, ana soto ,F,2026-03-03,"48,04", Escuintla,Services
549198,Isabel Ramirez, F ,2026-01-21,"133,52",ESCUINTLA,services
570752,Carlos Mendez, M ,2026-02-09,"179,56",Amatitlan ,Retail
548707,Paola Herrera, F ,09/03/2026,443.40,Amatitlan,education
529327,Ana Soto, f ,12/02/2026,331.04, Escuintla ,Retail
505583,MONICA LOPEZ,f,2026-02-24,21.95,Escuintla,Food
599878,Mario Lopez, f ,09/01/2026,209.46,Mixco,Services
572430,patricia soto,f,03/02/2026,"386,26",Guatemala,Food
528745,Patricia Soto, f ,2026-01-12,"351,56",Guatemala,Services
580192,Julio Morales, M ,2026-03-28,"287,09",Antigua,Services
584274,Patricia Soto,m,2026-03-02,412.25, Villa Nueva,Retail
551710,Julio  Morales,M,2026-03-21,"90,89",Amatitlan,Services
582314,monica lopez,f,2026-01-20,8922.70,AMATITLAN ,Food
552508,Mario Lopez,m,07/01/2026,"328,27",QUETZALTENANGO,Retail
574015, Maria Paz ,f,2026-01-28,"262,98",Antigua,services
558706,Pablo Perez,m,2026-03-01,402.30,Escuintla,Services
586688,Paola Herrera,M,2026-02-05,,Guatemala ,Retail
597856, julio morales, m ,21/02/2026,,Guatemala,Services
542226,Ana Diaz,f,2026-01-13,,Guatemala,Services
510570,paola herrera, f ,2026-02-06,"306,16",Guatemala,RETAIL
575756,Carlos Mendez , M ,2026-02-13,"407,66",Guatemala,Food
525836,Ana Soto,m,2026-03-21,"202,11",Mixco,FOOD
547572,Ana Diaz, f ,2026-03-22,361.87,Quetzaltenango ,Retail
584310,Ana Diaz, m ,2026-01-25,"285,90",Antigua,food
590009,Carlos Mendez, M ,2026-03-23,"339,82", Villa Nueva,Education
514860,isabel ramirez ,f,2026-01-15,"262,71",Amatitlan,RETAIL
541254,Pablo Perez,m,2026-02-22,"442,52",Antigua,EDUCATION
522486,Mario Lopez, f ,2026-03-11,176.07,GUATEMALA,Food
531770,Lucia Perez,f,25/01/2026,340.33,Quetzaltenango,Services
523945,Ana Soto,f,09/02/2026,80.61,Mixco,Education
515881,isabel ramirez,f,14/01/2026,"267,57",Mixco,Education
561020, Pedro Herrera, m ,2026-03-20,"82,80",escuintla,Food
506453,MARIA PAZ,f,11/02/2026,29.21,Escuintla,Education
504601,Ana Mejia,F,2026-02-27,"35,51",guatemala ,Food
567394,Carlos Mendez,m,24/02/2026,"262,05",QUETZALTENANGO,Services
523762,Carlos Mendez,m,2026-01-13,286.12,Quetzaltenango,Food
551408,Isabel Ramirez, F ,11/02/2026,255.06,Guatemala,Food
513326,Mario Lopez,m,2026-02-09,"209,66",Guatemala ,Retail
578259, Carlos Mendez,m,2026-01-19,82.63, QUETZALTENANGO,Education
552814,Pablo Perez,m,2026-02-19,"159,26",Mixco,Education
575538, MARIA PAZ,F,2026-02-06,"253,63", ESCUINTLA,Retail
530686,Paola Morales,f,03/02/2026,"21,02",Quetzaltenango,Education
552812,Pablo Perez,m,2026-02-18,407.58,Amatitlan,Retail
534191,Pablo Perez,M,21/01/2026,326.57,ESCUINTLA,Food
520471,Diego Ramirez,F,26/02/2026,399.89,ANTIGUA,Services
507823,Isabel Ramirez,F,2026-03-08,"149,05",Quetzaltenango,Retail
562298,Lucia Perez,f,15/01/2026,"54,32", villa nueva ,Retail
561815,rene soto,m,2026-03-15,234.54,VILLA NUEVA,Food
555912, Pedro Herrera,M,2026-02-16,386.73,GUATEMALA,Retail
544852,oscar rojas, m ,2026-01-28,"415,38", Villa Nueva,Services
524663,julio morales,f,2026-02-09,"328,57",Antigua,EDUCATION
561440,Luis Garcia, M ,2026-03-02,433.75,Antigua,Services
543491,Isabel Ramirez,m,2026-03-02,183.59,Amatitlan,SERVICES
516952,Ana Diaz,F,2026-03-22,432.57,villa nueva,Education
577095,Ana  Soto, f ,2026-03-16,252.49,Escuintla,Education
566028,Pedro Herrera, f ,2026-03-07,"275,87",Villa Nueva,Education
569844,  Isabel Ramirez, F ,2026-01-14,117.66, Amatitlan,Education
518457,Jorge Castillo,M,2026-03-22,,Mixco  ,Food
522220,Mario Lopez, m ,2026-03-06,380.47,guatemala,education
521675,Maria Paz,f,2026-01-10,204.34,Guatemala ,Education
537341, MONICA LOPEZ, f ,21/01/2026,380.40, Guatemala,Services
580921,Patricia Soto,f,2026-01-05,"176,95",amatitlan,Services
538120,paola herrera, f ,06/01/2026,97.82,villa  nueva,Services
564634,ana soto,m,2026-03-16,318.17,quetzaltenango,Retail
522117,Julio Morales,f,2026-03-07,"284,30", Antigua ,Food
505267, ANA SOTO, f ,2026-02-03,135.79,quetzaltenango,Retail
545967,Julio Morales,m,2026-02-21,278.17,escuintla,Services
516382,Isabel Ramirez,f,2026-01-10,144.09,Antigua,Services
527998,CARLOS MENDEZ,M,2026-03-28,71.72,Amatitlan,Services
567088,Julio Morales, m ,2026-02-05,"163,95",Villa Nueva,Services
570323,Patricia Soto,f,02/02/2026,283.21,Guatemala,Education
556002,Pedro Herrera,f,2026-03-01,"326,52",Villa  Nueva,Food
566364,Jorge Castillo,m,2026-03-19,127.24,AMATITLAN,Food
594619,Carlos  Mendez,f,2026-03-20,"440,84",Mixco,FOOD
574756,Pedro Herrera ,m,2026-01-23,8641.15,Guatemala,Retail
536760,Julio Morales, m ,2026-02-06,61.37,VILLA NUEVA,Services
564641,Jorge Castillo,m,06/03/2026,439.85,guatemala,Food
540496, Paola Herrera ,F,06/02/2026,"139,93",GUATEMALA,Food
569630,Maria Paz, F ,08/03/2026,"72,44",Mixco,Education
591339, Carlos Mendez,m,22/03/2026,"98,08",QUETZALTENANGO,food
528705,Patricia  Soto,f,26/02/2026,367.11,Villa Nueva,Food
522275, Julio Morales,m,2026-03-24,"22,66",mixco ,Services
577701,Paola  Herrera,F,2026-01-23,"240,26", Quetzaltenango,Retail
542672,OSCAR ROJAS,m,2026-01-09,21.85,ANTIGUA,SERVICES
500768, Oscar Rojas, F ,2026-01-22,"400,73",GUATEMALA,Services
558643,Ana Diaz,f,2026-01-07,373.89,Escuintla,education
550779,RENE SOTO, F ,01/01/2026,"344,32",villa nueva,RETAIL
568745,Jorge Castillo ,F,2026-03-19,,Quetzaltenango,Retail
574295, Ana Mejia,f,2026-01-23,"363,64",Antigua ,Retail
530983,Pablo Perez,m,2026-01-19,128.72,Antigua,FOOD
556126,Patricia Soto,m,2026-01-22,"137,61",Mixco,Food
549450,Patricia Soto, f ,08/02/2026,106.89,Guatemala,Retail
534785,Ana Soto, M ,23/02/2026,"350,47",Amatitlan,Services
567691,Patricia Soto, f ,2026-01-05,"60,10",Quetzaltenango,Education
597599,Paola Morales, f ,14/02/2026,428.89,Antigua,Retail
510831,Rene Soto, m ,12/01/2026,"117,35",Escuintla,Education
580887,Luis Garcia,M,2026-02-07,"205,68",Amatitlan,Retail
598826,Maria Paz,m,2026-02-16,301.06,Antigua,FOOD
599382,Luis Garcia, m ,2026-03-20,"204,52",Escuintla,Food
548422,Carlos Mendez, M ,2026-03-05,"355,23", Guatemala,Services
510112, Pablo Perez, f ,2026-03-25,,Mixco,education
564589,Oscar Rojas,,2026-01-13,413.14,Mixco,Education
557723,lucia perez,,2026-03-14,"241,70",GUATEMALA ,food
519742,MARIO LOPEZ,m,2026-03-22,"137,95",Mixco,Retail
523232,Pedro Herrera , m ,2026-01-11,"176,13",amatitlan,Retail
525348,Luis  Garcia,M,2026-03-25,299.86,QUETZALTENANGO,Services
573332,Paola Herrera,F,14/01/2026,"345,31",mixco ,Retail
596345,Ana  Diaz,f,2026-02-04,"324,93", escuintla,Retail
524265,Rene Soto,,2026-03-22,438.33,guatemala,Services
550777,Jorge  Castillo,m,2026-02-07,"109,96", Mixco,Retail
534458, Ana Soto, m ,11/02/2026,"259,37",Amatitlan,Food
513043,Isabel Ramirez, f ,01/02/2026,, Guatemala,SERVICES
539117,Ana Mejia,f,2026-02-08,333.72,Quetzaltenango,Retail
558495,Monica Lopez,f,2026-01-25,"63,58",Antigua,food
574354,mario lopez ,F,2026-01-13,144.29,Guatemala ,Food
558541, monica lopez, F ,2026-02-12,"367,58",Villa Nueva,Food
590373,Ana Diaz, m ,01/02/2026,"146,79",ESCUINTLA ,Services
568881,rene  soto, F ,25/03/2026,363.31,Amatitlan,Food
553151, Paola Morales, f ,12/02/2026,"134,48",ESCUINTLA,Food
533740,Rene Soto,M,2026-03-27,"344,63", Guatemala,Education
584999,Julio Morales,m,2026-01-19,270.89, Villa Nueva,FOOD
548831,Lucia Perez,f,2026-02-11,421.10,Quetzaltenango,SERVICES
581510,Paola Herrera, F ,24/03/2026,"79,31",ESCUINTLA,Education
570509, Maria Paz,m,2026-01-26,"107,34",Escuintla,Retail
598345,julio morales,F,2026-02-09,"134,71",Guatemala ,Services
593434,Ana Diaz, F ,2026-02-28,, guatemala,Education
581284,Ana  Soto,m,12/02/2026,404.32,Quetzaltenango ,Education
515160,Paola Herrera, F ,2026-01-21,"188,65",MIXCO,Education
508198,Pedro Herrera,,2026-03-27,"414,00",Villa Nueva,Food
583705, PAOLA MORALES,F,2026-03-18,403.01,Quetzaltenango,Retail
540310,Lucia Perez,f,2026-01-24,226.43,Guatemala,Services
536783,Rene  Soto , M ,2026-01-26,338.72,  QUETZALTENANGO,RETAIL
539785,Jorge Castillo, F ,2026-02-08,"232,94",Villa  Nueva,FOOD
587125, RENE SOTO, f ,2026-02-23,344.79,Escuintla,Services
538140,Lucia Perez,F,2026-01-14,171.92,Villa  Nueva,retail
560190,Luis Garcia,,2026-02-23,337.94,Villa Nueva,Services
563722,Ana Soto,,2026-02-06,"270,88",Quetzaltenango ,Retail
517943,Ana Diaz, m ,2026-01-12,448.29,Mixco,Services
588702, Paola Herrera,f,2026-02-03,"295,27",Amatitlan,Services
584473, paola morales ,F,06/02/2026,"367,28",mixco,Retail
516146,Mario Lopez,m,2026-02-10,"238,49",Villa Nueva,Retail
531429,Patricia Soto,f,2026-01-02,"178,96", Escuintla,Education
513163,Paola Herrera,F,01/01/2026,"24,34",escuintla,Retail
531381,Ana Mejia,F,2026-01-04,187.74,Escuintla,Retail
525799, Isabel Ramirez,M,2026-03-16,"170,25", Antigua,Food
509540,Luis Garcia,M,2026-01-05,"57,82",Amatitlan,Retail
582983,Jorge Castillo, m ,2026-03-12,"221,08",Amatitlan,RETAIL
543694,Oscar Rojas, M ,2026-03-21,"246,47", Guatemala,Food
539607,Jorge Castillo,M,2026-03-26,205.96,Villa Nueva,Education
552925,Rene Soto,m,2026-02-04,188.94,Antigua,FOOD
501762,Oscar Rojas, m ,2026-02-21,269.35,QUETZALTENANGO,Education
537558,diego ramirez , m ,02/01/2026,"347,36", Antigua,Food
537347,Paola Herrera,f,2026-02-22,84.37,Guatemala ,Food
563512,diego ramirez,m,2026-01-03,"93,37",Amatitlan,services
513933,Paola Herrera, f ,2026-03-26,,Mixco,Food
549640,MARIO LOPEZ, m ,2026-02-13,"298,32",Amatitlan,Education
530946,Diego Ramirez,F,2026-02-07,393.24,Amatitlan,Food
542605,Luis Garcia,M,2026-01-14,"6255,40",Guatemala,food
538980,Paola Morales,f,08/02/2026,424.17,Quetzaltenango,Food
506220,Paola Morales,F,2026-02-17,"358,88",Escuintla,Food
539452,Maria Paz,F,2026-02-24,229.13,Antigua,EDUCATION
580865,Pablo Perez, m ,2026-01-11,232.15,Antigua ,services
533928,Jorge Castillo,M,2026-03-21,"422,26", guatemala,FOOD
592367,Ana Mejia , F ,2026-03-27,,Quetzaltenango,Education
599595, Ana Soto,F,2026-02-24,196.97, QUETZALTENANGO,Retail
545519, Paola Herrera,,2026-01-26,"242,47", Quetzaltenango,Retail
552585,Isabel Ramirez ,F,2026-03-20,,Guatemala,education
587852,Pedro Herrera, m ,2026-02-26,"185,35",Mixco,Education
595843,ana mejia,M,2026-01-20,"99,64",Mixco,Services
552109,Lucia Perez, f ,2026-03-19,"304,81",Mixco,Services
502510,Patricia Soto ,f,20/02/2026,"447,10",amatitlan,SERVICES
585084,Ana Soto,m,2026-03-07,"426,06", Antigua,Education
507314, pablo perez,M,11/02/2026,6251.25, amatitlan,Education
519660,Rene  Soto,M,2026-01-15,43.76,Antigua,Food
557519,LUCIA PEREZ, f ,2026-02-17,"332,07", Villa Nueva,Food
520375,Julio  Morales,M,2026-03-01,"263,14",Villa Nueva,Services
540436,Ana Diaz, m ,2026-03-05,"411,92",Amatitlan,EDUCATION
594640,Ana Diaz, f ,2026-01-23,,Amatitlan,Services
595384,Pedro Herrera , m ,15/01/2026,308.46,Escuintla,Education
560469,Rene Soto, f ,24/01/2026,"429,17",ANTIGUA ,Food
502110,Ana Soto, f ,2026-03-04,"22,60", Antigua,RETAIL
541278,Pablo  Perez,,2026-03-26,331.57,Amatitlan,Food
511851,oscar rojas,M,2026-02-22,228.22, QUETZALTENANGO,services
598876,Maria Paz,f,16/03/2026,360.05,Mixco ,Education
502495,Monica Lopez , f ,16/02/2026,32.81,ANTIGUA,RETAIL
507851,Julio Morales,m,2026-01-22,"160,25",Guatemala,Food
564647,PEDRO HERRERA, m ,22/03/2026,"250,04",Amatitlan,Retail
535739,Oscar Rojas ,m,01/02/2026,"215,56",Quetzaltenango,Food
541309,oscar rojas,,2026-02-28,173.90,quetzaltenango ,food
546253,carlos mendez,m,2026-02-09,"151,65",Guatemala,FOOD
518055,Rene Soto, m ,23/02/2026,"388,32",Mixco,Education
505430,Maria Paz,f,20/02/2026,"149,24",Quetzaltenango ,retail
593742,JORGE CASTILLO,m,05/01/2026,262.84,Antigua,Services
554296, Jorge Castillo, M ,2026-02-05,"188,19",Guatemala ,Retail
518843,Carlos Mendez, m ,2026-03-17,"319,44",antigua,Education
571768,Jorge Castillo,f,2026-02-18,"138,15",Villa Nueva,Services
523984,Oscar Rojas, m ,23/03/2026,"31,96",Villa Nueva ,FOOD
510655,JORGE CASTILLO, m ,2026-01-25,424.03,quetzaltenango,services
538628,Lucia Perez,F,2026-02-08,"105,83", GUATEMALA,Retail
591357, paola morales,M,2026-03-17,384.56,  Quetzaltenango,Services
500422, Lucia Perez, M ,2026-01-18,8200.52,Escuintla,Retail
581758,Carlos Mendez,m,2026-03-25,,Guatemala,Services
576441,Paola Morales,F,2026-01-28,182.33,Villa  Nueva,Retail
569848,lucia perez, f ,2026-01-16,5009.73,Quetzaltenango ,Services
588409,Isabel  Ramirez, f ,12/03/2026,"392,50",Mixco ,Food
532941,Maria Paz,F,2026-03-22,,Escuintla,Retail
582876,Isabel Ramirez, f ,2026-02-12,117.26,Villa Nueva ,Retail
599914, pablo perez, m ,2026-01-12,"71,26",QUETZALTENANGO,SERVICES
506763,Oscar Rojas, m ,2026-03-25,,Villa Nueva,Food
570149,Mario Lopez,m,2026-03-02,"131,33",villa  nueva,Education
545904,Ana Diaz,f,19/03/2026,205.44, antigua ,Food
539262,Paola Herrera,F,2026-02-19,73.03,Antigua,retail
500272, Lucia Perez,f,2026-02-08,157.85,Escuintla ,Food
590000,Oscar Rojas ,M,2026-02-17,"330,14",Mixco,Food
539018,Carlos Mendez,m,2026-01-12,"51,64",Guatemala,FOOD
593702,Pedro Herrera , f ,03/03/2026,56.36, QUETZALTENANGO,Food
551415,Patricia Soto,f,2026-03-15,"143,12",antigua,Education
575139,monica lopez, m ,2026-01-17,79.52,antigua,Food
566544,Carlos Mendez,m,2026-01-02,"339,84",ESCUINTLA ,Food
574320,monica lopez,f,2026-01-15,"93,22",Villa  Nueva,Retail
540638,Ana Mejia,f,2026-02-16,224.16,Quetzaltenango,Education
558426,JULIO MORALES,m,2026-03-25,267.40,ANTIGUA,Retail
549971,Julio Morales,m,2026-01-24,"187,60", ANTIGUA,Food
503789,Pablo Perez, m ,05/02/2026,257.89,Escuintla,SERVICES
529483,Carlos Mendez , m ,2026-02-03,321.36,Guatemala,EDUCATION
572346,oscar rojas, f ,2026-01-05,"344,85",Quetzaltenango,Retail
543516,Maria Paz,f,2026-01-23,316.69,Guatemala,Education
572324,Ana Soto, F ,2026-03-09,"105,37", GUATEMALA,Retail
534240,Lucia Perez, f ,11/01/2026,432.70,Amatitlan,Retail
513042, Oscar Rojas, M ,16/03/2026,"189,42", GUATEMALA,Education
547768,Pedro Herrera , M ,2026-02-20,"411,74",Amatitlan,Education
500989, Paola Morales , f ,2026-02-11,"313,93",ANTIGUA,Retail
562485,MARIA  PAZ,f,28/02/2026,"409,33",Villa Nueva ,Services
508830,Paola Herrera , f ,04/03/2026,412.54,guatemala ,food
589147, Pedro Herrera, F ,2026-03-01,"247,13",antigua,Retail
506526,ANA DIAZ,f,2026-03-06,89.53,Guatemala,Retail
530299, ISABEL RAMIREZ,m,2026-02-11,86.17,ANTIGUA,Food
557328,Pablo Perez, f ,2026-02-16,67.14,Amatitlan,Education
561435, Monica Lopez,F,12/02/2026,119.92,Amatitlan,Education
571861, Isabel Ramirez,f,23/02/2026,"73,47",Escuintla,SERVICES
520511,Lucia Perez,M,11/03/2026,93.50,Villa Nueva ,Retail
596486, Luis Garcia , m ,2026-03-06,"358,87", Antigua,EDUCATION
548054,ISABEL RAMIREZ,,27/01/2026,441.42, Guatemala,retail
587820, Ana Soto,M,18/03/2026,429.29,Mixco,Education
514149,Ana Mejia, F ,24/03/2026,"367,22",Escuintla,Education
595600,Jorge Castillo,M,06/01/2026,"35,09",Mixco,SERVICES
549848,carlos mendez, m ,2026-03-01,"291,06",mixco,Services
578965,Isabel Ramirez, f ,2026-03-10,"355,68",Guatemala,Food
574327,LUCIA PEREZ,,2026-03-11,, Mixco,Retail
569514,Oscar Rojas,m,2026-02-01,,Antigua,EDUCATION
511656,Patricia Soto,f,2026-03-16,"81,33",Escuintla,EDUCATION
501644,Carlos  Mendez,m,2026-02-20,328.74, Guatemala ,Services
522976,monica lopez ,F,04/03/2026,"50,97",Guatemala,Retail
595235,Mario Lopez ,M,2026-03-08,"78,00",escuintla,food
593951,Maria Paz,F,02/02/2026,"146,95",Antigua,Food
523463,Monica Lopez, f ,2026-03-06,"84,44",Guatemala ,Food
596124,Paola Morales,f,2026-02-06,"388,94",AMATITLAN,Education
500851,  MARIO LOPEZ, m ,2026-01-03,275.49,  VILLA NUEVA,Food
560163,Paola Herrera,f,2026-03-20,184.41,Guatemala,Education
532150,Paola Herrera, f ,2026-02-19,"75,34",ESCUINTLA,Services
529297,Ana Diaz ,F,12/02/2026,358.27,quetzaltenango,Retail
595486,LUCIA PEREZ,m,2026-01-18,"183,52", Mixco,RETAIL
596663, Lucia Perez,F,2026-02-05,,guatemala,Food
503312,paola morales , f ,2026-01-27,"275,38",escuintla,food
534683,Pedro  Herrera,m,2026-02-02,"189,35",Mixco,Education
549788,Lucia Perez, f ,10/03/2026,56.80,Antigua,Education
502492,Luis Garcia, m ,2026-03-22,"372,10",Amatitlan,Education
540020,Julio Morales ,M,2026-02-21,"278,51",Guatemala,food
510050,Pedro Herrera ,M,2026-01-10,"160,14",Villa Nueva ,Services
529681,monica lopez ,f,2026-01-23,78.06,Villa Nueva,Education
594640,Mario Lopez,M,28/02/2026,336.39,escuintla,Services
531951,Luis Garcia,f,2026-03-09,"374,59",Amatitlan ,Education
540989,Pablo Perez, M ,2026-01-04,237.21,Escuintla,Services
594725,Maria Paz, f ,2026-01-16,434.15,Escuintla ,Services
569649,Patricia Soto,m,2026-03-13,"433,23",Guatemala,Services
599911, pedro herrera, f ,2026-02-03,"341,69",Antigua ,RETAIL
595851,Paola Herrera, f ,15/02/2026,"321,00",Villa Nueva,Services
564369,Patricia Soto,f,2026-03-08,309.05,Antigua,Education
507119,Diego Ramirez,,2026-02-24,"33,89",escuintla,Education
556686,Oscar Rojas,M,2026-01-24,322.60,Guatemala,food
584603,MONICA LOPEZ,f,20/03/2026,"89,97",Mixco,Retail
581449,Paola  Morales, f ,05/03/2026,298.29,Antigua,Services
560797,Monica  Lopez, f ,23/02/2026,"51,39",Antigua,retail
572399,Patricia Soto ,,13/01/2026,208.34,ANTIGUA,Food
570441,Monica Lopez,f,2026-03-05,323.08,Villa Nueva,Retail
593305,Mario Lopez,f,2026-02-01,,Guatemala,Retail
517453,ANA MEJIA,f,2026-03-24,249.05,Guatemala,RETAIL
553560,Pablo Perez,F,25/03/2026,"434,16",Mixco ,Education
505112,Pablo Perez , M ,2026-02-11,186.33,Amatitlan,Food
510168,DIEGO RAMIREZ ,m,2026-02-05,29.81,Quetzaltenango,Retail
528509,Patricia Soto, F ,2026-03-01,301.62,Amatitlan,EDUCATION
560090,PAOLA HERRERA, F ,2026-01-01,36.73,Guatemala,Education
589161,Ana Soto , f ,02/03/2026,429.61,Amatitlan,SERVICES
564366, Paola Herrera ,f,14/01/2026,87.29, AMATITLAN,Food
509634,Rene Soto ,M,2026-03-11,"205,77",Quetzaltenango,Education
541443,Ana Mejia , f ,15/03/2026,"120,24",Amatitlan,Education
560478,Luis  Garcia, M ,2026-01-24,228.10,ESCUINTLA,Services
515470,Pedro Herrera, m ,2026-01-04,53.61,quetzaltenango,Services
579859,Paola Morales, m ,01/01/2026,388.68, ANTIGUA,Retail
504531, ANA DIAZ,,2026-02-12,38.47,Villa Nueva,Education
576181,Luis Garcia,M,2026-01-02,422.39,Villa Nueva,Retail
511553, Isabel Ramirez,f,16/01/2026,"215,25",Antigua,food
567707,Lucia Perez, F ,15/01/2026,"179,42", Antigua,Food
526607,  oscar rojas,m,04/02/2026,"443,01",Antigua,Retail
516077,monica lopez, m ,2026-03-04,302.32,Villa Nueva,Services
584485, Ana Diaz,f,2026-03-16,"244,11",  Antigua,services
523970,Diego Ramirez, m ,2026-03-08,367.98,Villa  Nueva,Services
517255,Paola Morales, f ,22/03/2026,281.55,Quetzaltenango,Retail
525966,Mario Lopez,f,2026-01-09,"400,46",Antigua,Retail
593100,patricia soto ,f,2026-03-05,, AMATITLAN,Education
573073,Pedro Herrera,f,2026-02-08,"229,45",Amatitlan ,Education
504752,Mario Lopez,M,2026-01-05,418.70,villa nueva,Services
567136,PABLO PEREZ, F ,2026-03-24,"90,92",Escuintla,Food
559950,  Rene Soto , F ,2026-03-27,"324,83",Quetzaltenango,Retail
500728,Paola Morales, f ,09/01/2026,"25,17",Amatitlan,Education
503154,Pablo Perez,m,2026-03-28,"213,97", Amatitlan,Education
508582,Paola Herrera, F ,2026-02-19,"54,96",Escuintla ,retail
586906,Ana  Soto, F ,2026-02-24,"139,90",Antigua,Retail
540312,Oscar Rojas,M,2026-01-04,372.33,guatemala,Food
585115,Mario Lopez, m ,04/02/2026,"368,80",Mixco ,Education
529459, Ana Mejia,f,2026-01-18,"107,96",Escuintla,Retail
545388,pedro herrera,m,06/01/2026,70.87,Guatemala,Services
526229,MARIA PAZ ,F,2026-03-10,"360,70",Antigua,Services
502828,Luis Garcia,f,2026-02-25,210.84,Antigua,Retail
583088,Ana Mejia, f ,2026-02-25,,Mixco ,Retail
500019,Lucia Perez,f,2026-03-07,439.15,Quetzaltenango ,Education
590351,Lucia Perez, M ,2026-03-22,142.58, Guatemala ,Food
562832,LUCIA PEREZ ,M,2026-01-26,"434,17",Antigua,Education
583603,maria paz, f ,2026-02-21,"176,16",Villa Nueva,Education
518444,Paola Herrera, m ,09/02/2026,"4839,96",Amatitlan ,Education
559772,Diego Ramirez ,m,14/02/2026,"171,92",Antigua,Retail
510077,Maria Paz, F ,2026-03-05,189.62,Villa Nueva,Services
583112,Maria Paz, F ,2026-01-21,"38,40",antigua ,Retail
581603,Maria Paz,F,2026-01-01,71.45,escuintla ,Retail
509071,Maria Paz,f,2026-02-14,,Guatemala,Food
517854,Paola Herrera, F ,03/02/2026,,Guatemala,Services
511474,Jorge Castillo, M ,2026-03-01,414.57,ESCUINTLA,Retail
503314,Pablo  Perez,M,2026-01-16,440.40,Mixco,Education
552370,Maria Paz,f,2026-03-15,143.43,mixco,Services
524803,DIEGO RAMIREZ, M ,2026-01-24,372.94,Villa Nueva ,Services
545781,Jorge Castillo,m,2026-03-28,"375,84",GUATEMALA,Education
560982,Ana Soto, f ,2026-02-13,"355,51",Villa  Nueva,Retail
572752,Monica Lopez,f,2026-02-13,"72,55",Escuintla,Retail
513726, Isabel Ramirez ,F,2026-02-14,161.55,quetzaltenango,Retail
521631,Maria Paz, F ,2026-03-24,"378,93",Villa Nueva,Services
586080,Jorge Castillo,m,2026-01-16,187.74,AMATITLAN  ,Food
553127,Lucia Perez,f,15/01/2026,4438.40,Amatitlan,services
523517, Isabel Ramirez,f,2026-01-01,"206,61",quetzaltenango,Food
578922,ANA MEJIA, M ,10/01/2026,94.50,Antigua,Education
553000,Julio Morales , f ,2026-02-21,,GUATEMALA,Food
508797,Pablo Perez ,m,2026-01-25,"282,58",Escuintla,services
574871,paola herrera, f ,2026-02-05,"295,50", Antigua,Retail
538811,PABLO PEREZ, m ,2026-03-05,"316,52",Antigua,Retail
556471,Ana Soto,F,2026-03-11,58.41,Escuintla,Retail
558256, Pablo Perez,,16/01/2026,"253,08",Guatemala,EDUCATION
549376,ANA  DIAZ,f,18/01/2026,"395,43",Villa Nueva ,Education
561700,Diego Ramirez,m,2026-01-28,"344,44",Mixco,FOOD
564367,Paola Herrera,f,2026-03-12,"53,84",Mixco,services
597514, Julio Morales, m ,03/03/2026,"173,50",ESCUINTLA ,Food
555084,ana soto,f,2026-03-05,"316,21",Antigua,Services
511986, Jorge Castillo, m ,2026-03-09,276.26,Villa Nueva,Education
589597,Pedro Herrera,m,2026-02-20,"115,24",AMATITLAN,Retail
516744,Jorge Castillo , f ,24/03/2026,"421,62",antigua,Services
552025, Isabel Ramirez,f,2026-03-20,"265,77",ESCUINTLA,Retail
576374,Ana Soto, F ,2026-02-11,"429,42",Mixco,Services
525205,Maria Paz, F ,07/03/2026,"387,68",Antigua,Services
568537, Ana Soto ,m,2026-02-28,"116,41",Villa  Nueva,EDUCATION
504059,Monica Lopez,m,2026-01-20,"257,45",Antigua,SERVICES
566581,Pablo Perez,m,2026-01-23,"376,67",MIXCO,Services
525195,Carlos Mendez,F,2026-01-06,417.89,Antigua,Retail
588137, MARIO LOPEZ ,m,2026-02-24,162.96,Escuintla,Services
507563,ANA MEJIA ,f,2026-03-25,173.16,antigua,Food
575995,  Oscar Rojas,F,2026-01-05,,Villa Nueva ,Retail
545485,Paola Morales,F,2026-02-25,"387,36", villa nueva,Retail
534633,Carlos Mendez,f,2026-03-27,"149,29",Mixco,Food
570165,Ana Mejia,F,2026-03-02,107.34,mixco,Food
527298,Rene Soto,m,2026-03-01,170.77,Quetzaltenango,Retail
579261,Julio Morales,F,2026-02-07,"126,13", Guatemala,Services
561457,Lucia Perez,f,2026-01-11,"182,05",Antigua,Food
559723,Diego Ramirez,m,2026-03-24,"422,21",Escuintla,Retail
531298,Maria Paz,f,2026-02-20,141.83,Escuintla,Retail
595216, Luis Garcia, m ,2026-01-13,411.09, Quetzaltenango,SERVICES
565990,Pablo Perez,m,2026-03-23,"431,09",Amatitlan,Retail
507815,Monica Lopez,F,2026-03-01,59.80, Guatemala,Services
529261,Carlos Mendez,M,2026-02-27,129.18,Mixco,Food
587725,Paola Herrera,M,14/02/2026,"22,90", Guatemala,Services
557067, Isabel Ramirez,m,2026-02-04,"261,84",Amatitlan,Food
578137,Rene Soto,m,2026-03-01,"33,17",Mixco,Services
548017,pedro  herrera, m ,2026-02-06,239.15,Escuintla,Food
532742,Ana Mejia, f ,2026-01-18,110.07,Antigua,Services
564382,Carlos Mendez ,m,2026-01-08,323.57,Escuintla,Retail
536135, Carlos Mendez,F,2026-02-20,"427,24",Villa Nueva,Retail
552415,CARLOS MENDEZ , F ,18/01/2026,155.00,ANTIGUA,Education
590146,Patricia Soto,f,2026-01-07,"173,60",Quetzaltenango,Services
566119,Rene Soto,F,2026-03-01,135.06,Escuintla,Food
588675,Ana Soto,m,2026-01-21,"90,29",amatitlan,Retail
594902,Pedro  Herrera,M,2026-03-09,284.62,Villa Nueva,Food
574968,LUCIA  PEREZ,f,17/02/2026,"437,52",Amatitlan ,Food
583732,Pablo Perez, M ,27/03/2026,"45,68",Quetzaltenango,Retail
558879,Isabel Ramirez,F,06/03/2026,"250,49",Mixco,Retail
566043,Lucia Perez,f,2026-01-18,115.03,Mixco,Food
531626,paola morales,F,04/01/2026,"375,54",Villa Nueva,Retail
500411,Luis Garcia,M,2026-01-25,,ANTIGUA,services
517448,Paola Herrera, f ,2026-02-07,147.76, Amatitlan ,Services
534457,PATRICIA  SOTO ,f,2026-01-12,155.00,Villa Nueva,Retail
582250,Ana Soto, f ,15/02/2026,386.32, Villa Nueva,Education
598477,Oscar Rojas,M,2026-02-24,"156,13", Antigua,Retail
567421,Pablo Perez ,M,2026-03-09,346.23, Antigua,Food
586731,PEDRO  HERRERA,m,2026-02-02,101.68,Guatemala,Services
573612,Rene Soto,M,18/03/2026,"180,58", Amatitlan ,Education
502721,lucia perez,f,10/02/2026,,Antigua,FOOD
593951,Maria Paz,F,02/02/2026,"146,95",Antigua,Food
579187, Carlos Mendez, m ,2026-03-15,"340,44",Quetzaltenango,Retail
599842,Mario Lopez,m,14/01/2026,"152,85",ANTIGUA,Services
581150,monica lopez ,F,02/01/2026,186.40,Amatitlan,EDUCATION
503087,Pablo Perez,m,2026-01-14,351.20,Escuintla,Retail
572942,Oscar Rojas,M,2026-03-21,,Villa Nueva,Services
511975,Ana Diaz,M,07/03/2026,242.42, Villa Nueva,Food
544085,PABLO  PEREZ,f,2026-01-20,154.86,Antigua,Services
593715, Carlos Mendez,F,2026-03-07,49.24,Villa  Nueva ,RETAIL
505694,Julio Morales,M,2026-01-20,"67,07",Mixco,Education
594919,Pablo Perez,M,2026-02-03,"51,96",Quetzaltenango,Retail
583912, Ana Diaz, F ,2026-03-18,"127,76",Escuintla,Food
543400,Ana Diaz, m ,09/03/2026,66.27,Mixco,Services
594923,Isabel Ramirez, f ,2026-01-24,"437,28",Guatemala,RETAIL
581633, carlos mendez,m,2026-03-27,,Villa Nueva,Services
535836, JULIO MORALES, m ,2026-01-13,406.32, Guatemala,Food
516212,Pedro Herrera,f,2026-02-10,104.66,ESCUINTLA,Retail
509285,Jorge Castillo, m ,05/01/2026,416.11,Escuintla,Food
590351,Lucia Perez, M ,2026-03-22,142.58, Guatemala ,Food
584458,Lucia Perez, f ,2026-01-20,77.20,Mixco,Services
598616,Maria Paz,f,2026-01-28,79.41,ESCUINTLA,Services
527244,Maria Paz , m ,2026-02-16,"379,01",Villa Nueva ,Services
558985,Lucia Perez,F,2026-01-04,"448,06",antigua,SERVICES
520928,ANA MEJIA, m ,2026-02-04,36.92,Escuintla,services
511145,  lucia perez,f,2026-01-08,307.78,Amatitlan,Services
555417,Oscar Rojas ,m,2026-03-20,237.14,Mixco,food
588185,Rene Soto, M ,2026-03-28,"420,66",Escuintla,Education
588620, Julio Morales,m,01/02/2026,228.52,Mixco,RETAIL
545277,  Maria Paz, f ,2026-02-23,408.05,Antigua,Services
532082,Pedro Herrera,M,2026-01-21,"313,01",Mixco,Retail
508709,pedro herrera, m ,2026-01-15,45.94,GUATEMALA,Services
591871,Pedro Herrera, m ,2026-02-28,,quetzaltenango,Education
587531,Pedro Herrera,f,01/01/2026,252.20,Antigua,Retail
536356,Jorge Castillo ,m,10/02/2026,268.22,amatitlan,Education
546442,  Pablo Perez ,M,2026-03-26,"398,42",Amatitlan,retail
565740,Luis Garcia, f ,2026-01-08,213.30,Escuintla,Services
500851,  MARIO LOPEZ, m ,2026-03-01,275.49,  VILLA NUEVA,Food
565063,Oscar Rojas, M ,2026-02-05,"52,00",Quetzaltenango,Education
550262,Ana Mejia,,2026-03-10,, antigua,Services
512935,MARIA PAZ,f,2026-03-13,"261,08",Guatemala ,Services
526187, ANA DIAZ,m,22/01/2026,"83,76", Quetzaltenango,education
581041,Monica Lopez ,f,2026-01-10,54.08,Villa Nueva,Education
517653,Jorge Castillo, m ,10/01/2026,"113,29", Guatemala,Education
588514,Ana Soto,f,25/03/2026,"399,42",ESCUINTLA,Food
505045,  Lucia Perez,,2026-03-07,327.32,Villa  Nueva,services
506747, CARLOS MENDEZ,f,2026-02-25,185.44,Quetzaltenango,Retail
569808,Ana Diaz, f ,2026-02-19,"407,59",Mixco,Food
535119,Ana Mejia,f,2026-01-17,314.79,  Quetzaltenango,Retail
581510,Paola Herrera, F ,24/03/2026,"79,31",ESCUINTLA,Education
525763,patricia soto,f,25/03/2026,141.09,Mixco,Education
593047,Ana Soto, f ,2026-01-17,"366,53",Escuintla,Services
505784,MONICA LOPEZ ,f,2026-02-27,"298,83",Mixco,Food
569795,PATRICIA  SOTO,f,14/03/2026,"192,75",Guatemala,Services
536794, Rene Soto, M ,10/02/2026,"265,24", Guatemala,Education
566470,Paola Morales,m,02/01/2026,197.46,Guatemala,Services
548857,Rene Soto,M,15/03/2026,346.70, Villa Nueva ,Retail
527566,Paola Morales,m,2026-03-14,"198,97",Guatemala,Education
562275,Ana Diaz,F,2026-01-15,397.68,ANTIGUA,RETAIL
538440,Jorge Castillo,m,2026-02-07,408.81,Escuintla ,education
527045,Rene Soto,m,2026-02-19,"435,96", Mixco ,Education
570142,carlos  mendez,m,26/01/2026,"67,89",Amatitlan,Education
537867,Paola Morales,f,26/03/2026,"36,45",Mixco,Education
542177,JULIO MORALES,M,17/02/2026,"54,35",Guatemala ,Education
535910,LUIS GARCIA,m,2026-02-12,"176,33",Amatitlan,Food
592673,Patricia Soto , f ,2026-01-27,87.93,Amatitlan,Services
554142,Ana Diaz, m ,2026-03-06,"201,75",ANTIGUA,Education
581724,Luis Garcia , m ,08/02/2026,,Mixco,Education
512394,jorge castillo , m ,2026-03-27,"287,45",mixco,food
538666,Ana Mejia,F,20/03/2026,"192,53",Mixco,Retail
547719, pablo perez,M,27/03/2026,"270,03",Quetzaltenango,Services
514110,Patricia Soto, f ,13/01/2026,406.16,Villa Nueva,Food
565029, julio morales ,M,14/01/2026,"78,12",Escuintla ,Services
555596,Lucia  Perez,f,2026-01-14,"97,81",Guatemala,Education
560658,Oscar  Rojas,m,2026-03-08,"200,85", Escuintla,Food
579243,Diego Ramirez, m ,2026-03-24,"159,82",Amatitlan,Education
585234,Ana Soto,F,2026-01-16,"249,16",MIXCO,FOOD
556256,Carlos Mendez,M,2026-01-18,200.13, mixco,EDUCATION
551710,Julio  Morales,M,2026-03-21,"90,89",Amatitlan,Services
583161,Maria Paz,f,15/01/2026,165.83, Villa Nueva,Retail
527436,  Ana Soto,f,2026-03-12,"235,83",Antigua,Food
584424,MARIO LOPEZ,F,2026-03-14,"405,45",Guatemala,Retail
584115, Rene Soto,f,2026-01-21,"172,54",  Escuintla ,Services
562953,Ana Soto ,,2026-01-25,"81,94",-,Education
508498,DIEGO RAMIREZ,,2026-02-27,"196,19",Guatemala,Food
547813,Patricia Soto,F,2026-03-01,"266,73",Mixco,Food
525816,Oscar Rojas,m,2026-03-24,"221,03",Escuintla,Retail
581221,Oscar Rojas, m ,23/03/2026,71.27,Quetzaltenango ,NA
504386,Monica Lopez,f,2026-03-26,"361,11",Guatemala,Retail
582458,Oscar Rojas, m ,2026-02-22,"156,54",GUATEMALA,Services
580748,Paola Herrera,F,2026-03-27,"120,79",ANTIGUA,Retail
515119,patricia soto, F ,2026-03-02,447.44,Guatemala,Food
548282,julio morales,m,2026-03-05,58.03,Quetzaltenango,Education
516043,Ana  Diaz,f,2026-02-12,"86,75",Guatemala,Services
542349,Lucia Perez,m,2026-02-23,"432,43",Guatemala,Retail
570477,Isabel Ramirez, f ,2026-03-09,"167,89", Villa Nueva,FOOD
572152,Oscar Rojas,f,2026-01-13,"72,33", Guatemala,FOOD
565474,Ana Mejia,F,13/01/2026,139.74,Quetzaltenango,Education
518866,Diego  Ramirez,m,2026-02-04,391.79,Escuintla,Education
551045,Paola Herrera, F ,2026-02-17,"188,54",Villa Nueva,Services
531139,Paola Herrera,m,08/01/2026,,Amatitlan,Education
508292,Paola Morales,f,2026-03-01,177.85,Mixco,Services
515213,Oscar Rojas,m,2026-02-06,110.51,Escuintla ,Services
510146,Diego  Ramirez,M,2026-01-24,,Villa Nueva,retail
523622,Oscar Rojas,M,2026-01-10,440.57,Guatemala,Education
513138, Diego Ramirez ,m,2026-02-25,"92,16", guatemala,Services
532935,Monica Lopez, f ,2026-03-15,288.31, Guatemala,Services
588634, LUCIA PEREZ,m,2026-01-15,"25,82",Antigua,Retail
544145,Jorge Castillo, m ,2026-01-06,43.05,GUATEMALA,Retail
551794,Carlos Mendez, m ,2026-02-18,98.17, Mixco,Education
531732,MARIO LOPEZ,m,2026-01-09,145.07,Quetzaltenango,Services
556497,Oscar Rojas ,m,09/02/2026,204.13,Guatemala,Education
537353,carlos mendez,m,2026-02-23,"418,15",VILLA NUEVA ,Food
568932,Rene  Soto,m,2026-03-17,"245,50",Quetzaltenango,Food
597564,Paola  Morales,f,21/03/2026,408.81,-,Food
528588,Lucia Perez,f,2026-02-03,"284,53",Guatemala,Food
546946,Paola Herrera,F,25/03/2026,35.86,mixco,Food
545600,Lucia Perez, f ,2026-02-28,80.15,Mixco,Services
555225,ANA MEJIA, F ,07/01/2026,35.32,Escuintla,Services
547901,Diego Ramirez,m,2026-01-03,409.73,guatemala,Education
508469,  Luis Garcia , M ,2026-01-05,"352,49",mixco,Food
507722,Lucia Perez, f ,07/02/2026,282.27,Quetzaltenango,Education
593983,Julio Morales, m ,2026-01-13,"41,34",Villa Nueva ,Services
522365,Jorge  Castillo, M ,27/01/2026,53.57,amatitlan,Services
583995,Ana Soto,M,2026-02-17,351.44,Amatitlan,Services
564108,Jorge Castillo,f,2026-01-20,108.52,Antigua ,services
502393,diego ramirez, m ,2026-01-01,201.27,Antigua ,Food
511186,DIEGO RAMIREZ, M ,2026-03-19,"244,42",Mixco,services
585657,Ana Diaz,f,2026-02-09,389.34,Escuintla,Retail
532813, Pedro Herrera ,m,2026-02-10,"30,55", Mixco,Retail
520828,Paola Morales, F ,2026-03-12,265.43,Antigua,Services
571897,Monica Lopez,f,2026-03-28,"240,51",Mixco,SERVICES
580928,Mario Lopez,M,2026-03-08,147.27, Guatemala ,Food
521161,Pablo Perez,M,04/02/2026,"397,13",Antigua,Retail
544916,Lucia Perez , F ,2026-02-27,198.28, Villa Nueva,Food
519987,MARIA PAZ, f ,2026-03-08,"62,65",Escuintla,Retail
540006,Ana Diaz,f,2026-02-23,54.10,Quetzaltenango,Food
577801,Rene Soto,m,2026-03-10,"225,70",Guatemala,Services
572251,Ana Mejia ,f,2026-02-19,309.74,VILLA  NUEVA,SERVICES
597144, Patricia Soto, m ,2026-03-18,"159,28",Antigua,Education
536227,Ana Diaz, F ,2026-01-20,264.49,Antigua,Food
560304,Ana Diaz , F ,2026-01-01,"428,06",Antigua,Services
525023,Pablo  Perez, m ,16/02/2026,"297,85",Amatitlan,Education
565012,pedro  herrera ,M,2026-03-13,"325,02",Quetzaltenango,Education
549592,Ana Mejia,F,2026-02-05,284.80,  Antigua,education
528961,Mario  Lopez, M ,08/01/2026,"428,02",guatemala,education
576446,Julio Morales,m,2026-03-06,"434,15",GUATEMALA,FOOD
566652, Ana Mejia,f,2026-01-15,124.43, Guatemala,Food
554184,Patricia Soto , f ,2026-01-22,377.98,QUETZALTENANGO,Food
538905,Mario Lopez, m ,20/02/2026,, Quetzaltenango,Education
500175,Mario Lopez , m ,2026-02-09,"382,81",Escuintla,Education
539694,Rene Soto,m,2026-01-28,"162,53",Villa  Nueva,Services
528970,Ana Soto ,F,09/02/2026,"92,02",Villa Nueva ,Retail
503983, PATRICIA SOTO,f,2026-02-21,"297,69", Guatemala,services
599350,Rene Soto, f ,2026-01-07,"223,50",Antigua,Education
540753,DIEGO  RAMIREZ, m ,2026-02-12,423.84,Guatemala,Services
515908,Maria Paz, f ,2026-02-25,"190,82",Mixco  ,Education
597129,Diego Ramirez,f,2026-01-08,370.15,Amatitlan,Food
510658,Oscar Rojas, f ,2026-03-19,"99,55", Mixco,services
518749, paola morales, F ,20/03/2026,"251,50",Mixco ,SERVICES
585634,Luis Garcia,M,2026-02-21,113.32,Antigua ,Services
509533,Oscar Rojas,F,2026-01-20,320.26,ANTIGUA,Food
506852,MONICA  LOPEZ,,17/02/2026,"321,78",Antigua,Education
539768,ANA SOTO,f,2026-02-24,4848.89,Amatitlan,Food
574448, Luis Garcia,M,09/02/2026,112.70,Quetzaltenango,RETAIL
506616,Diego Ramirez,f,2026-01-03,"220,82",Antigua,Retail
544272,Patricia  Soto,f,20/01/2026,"190,77",  antigua,retail
575471,ISABEL RAMIREZ, f ,2026-01-02,218.04,Mixco,Food
542814,Oscar Rojas ,m,2026-01-28,"387,17",  Guatemala,retail
506606,Maria Paz,m,2026-02-09,"253,20",Amatitlan ,Education
510767,Carlos Mendez, m ,2026-01-07,96.43,Antigua,Services
527131,Ana Diaz,F,2026-02-06,,Quetzaltenango,Food
582509,Carlos Mendez,m,05/03/2026,112.41, Amatitlan,Retail
582064,Paola Morales,m,2026-02-28,"47,02",  Antigua ,EDUCATION
504202,patricia  soto,F,2026-03-06,"146,84", Antigua,Education
516976,Pedro  Herrera,m,09/03/2026,"289,68",amatitlan,education
550912,Ana Mejia ,f,2026-03-01,"301,74", Guatemala,Services
590162,Patricia Soto,f,2026-03-23,"357,74",Villa Nueva,Retail
502109,Monica Lopez, f ,09/01/2026,"108,06",Villa Nueva,Services
526191,Pedro Herrera , F ,2026-03-17,441.54,Escuintla,Retail
525259,Isabel Ramirez,F,2026-03-05,"263,34",ANTIGUA,Services
528143,Pablo Perez,F,2026-01-06,"404,51",Antigua,Retail
541427,Patricia Soto, f ,2026-03-24,"299,50",Quetzaltenango,Food
587688,Oscar  Rojas, m ,2026-01-10,194.57, Quetzaltenango,Food
582914,Oscar Rojas,F,2026-03-07,"258,30", Amatitlan,RETAIL
534538, Maria Paz,f,2026-03-19,"34,67",Quetzaltenango,Food
529069,LUCIA PEREZ,f,2026-01-25,396.31,quetzaltenango,SERVICES
500369,lucia perez, f ,2026-02-08,267.60,Antigua,services
545634, ANA MEJIA, f ,2026-03-04,"291,55",Villa Nueva,Food
591864,Maria Paz,M,2026-02-20,"382,33",VILLA NUEVA,Retail
548479,Isabel Ramirez, f ,07/01/2026,,Antigua,Food
537198, ANA DIAZ,f,2026-01-12,351.34,Escuintla,Retail
552395,PEDRO HERRERA, m ,25/02/2026,,MIXCO,SERVICES
503465,Pedro Herrera,m,2026-02-06,221.64,Quetzaltenango ,Retail
509078,Isabel  Ramirez ,f,04/01/2026,"7989,54",Villa Nueva ,Food
564861,lucia perez, f ,24/03/2026,33.97, guatemala,Services
521149,Patricia  Soto ,m,2026-02-07,"31,69",quetzaltenango,Services
531373,Oscar Rojas,m,2026-01-15,260.59,Villa Nueva ,Food
524209,DIEGO RAMIREZ, m ,2026-01-11,"431,82",Escuintla,Retail
554357,JORGE CASTILLO, M ,2026-02-12,"433,75",Guatemala,Food
545102,isabel ramirez,M,21/03/2026,"74,11", Mixco,Education
539844,Rene Soto,m,2026-02-22,320.61,Mixco,Services
543207,PAOLA HERRERA,m,2026-02-20,"229,32",ANTIGUA ,Food
500838,Lucia Perez,f,2026-01-08,"264,27",Quetzaltenango,Services
533856,Paola Morales,,2026-02-15,"329,32",Amatitlan,food
533269,Luis Garcia, m ,27/01/2026,,Guatemala,Education
553711,Oscar Rojas,M,2026-01-27,"383,76",Amatitlan,services
524180,Rene Soto, m ,2026-02-11,"416,93",Escuintla,food
557971,Isabel  Ramirez , F ,2026-02-05,370.61,Mixco,Retail
579473,paola morales,f,2026-01-18,434.55,Villa Nueva,Food
502934,Oscar Rojas,M,06/02/2026,275.06,Antigua,Retail
565061,PAOLA MORALES,F,2026-01-16,"444,18",Guatemala,Food
505265,Diego Ramirez,M,2026-01-10,"350,73",Quetzaltenango,Food
532190,LUIS GARCIA,f,2026-03-10,376.63, Guatemala ,FOOD
599167,Rene Soto, M ,2026-03-05,252.94,Escuintla,Retail
519062,Mario  Lopez, m ,16/01/2026,"39,61",Mixco ,Education
548418,Julio Morales,M,04/02/2026,108.88,Escuintla,Food
520427,Lucia Perez, f ,25/01/2026,78.88,AMATITLAN,Services
557307,Rene Soto ,m,07/02/2026,"368,10", Villa Nueva,Retail
583926,Jorge Castillo, m ,27/01/2026,115.95,Quetzaltenango,Education
523880, Carlos Mendez,m,15/02/2026,184.14,Amatitlan,Education
513075,Ana Mejia, f ,2026-01-21,"307,32",Antigua,Retail
501522,Paola Herrera,f,2026-03-08,"151,27",Escuintla,EDUCATION
551862,Ana Soto,F,2026-01-08,362.86,Villa Nueva,Retail
518501,Lucia Perez, f ,2026-03-22,167.20,Quetzaltenango,services
521778,rene soto,m,2026-01-18,"353,21",Escuintla,Food
577488,Julio Morales, m ,2026-02-22,254.12,Escuintla,Services
588993,Paola Herrera, f ,2026-01-06,210.92,Mixco,education
552078, Ana Soto ,m,18/01/2026,"23,32",Antigua,Education
592992,Ana Diaz, f ,23/02/2026,287.02,escuintla,Education
529626,DIEGO RAMIREZ,M,2026-01-25,86.86,Amatitlan,services
560375,Maria Paz , f ,2026-03-12,53.06,amatitlan,Services
591899,Oscar Rojas, F ,2026-02-27,287.44,Amatitlan  ,Education
516020,jorge castillo,m,27/02/2026,8573.63,Amatitlan,Food
519565,Jorge Castillo ,m,2026-01-11,164.15,Antigua,Education
536223,Julio Morales, m ,22/02/2026,142.06, ANTIGUA,Education
522677,Oscar Rojas,m,2026-03-06,"305,35",Quetzaltenango ,Food
584312, Diego Ramirez,m,2026-01-22,,Villa Nueva,Food
536723,JORGE CASTILLO, m ,2026-01-07,"114,98",mixco,retail
538550,Diego Ramirez,M,2026-03-01,"78,29",ANTIGUA,Services
568341,Maria Paz, F ,26/02/2026,"315,30",Antigua,Services
570088,Diego Ramirez,f,02/02/2026,,Mixco,food
515803,Lucia Perez,f,2026-02-09,"265,99",Mixco,Services
533526,ana diaz, F ,2026-02-19,139.90, Escuintla,Food
509705,Mario Lopez, m ,2026-03-20,"400,21",Amatitlan,RETAIL
